<?xml version="1.0" encoding="UTF-8"?>
<osm version="0.6" generator="openstreetmap-cgimap 2.1.0 (3498740 spike-06.openstreetmap.org)" copyright="OpenStreetMap and contributors" attribution="http://www.openstreetmap.org/copyright" license="http://opendatacommons.org/licenses/odbl/1-0/">
 <bounds minlat="39.9910000" minlon="116.1900000" maxlat="40.0130000" maxlon="116.1960000"/>
 <node id="271822911" visible="true" version="2" changeset="115388257" timestamp="2021-12-26T14:22:42Z" user="cqrCpf7Ce_A7" uid="3620913" lat="40.0149740" lon="116.1802835"/>
 <node id="271822915" visible="true" version="1" changeset="260725" timestamp="2008-06-22T03:26:46Z" user="Yan Li" uid="16335" lat="40.0149631" lon="116.1803398"/>
 <node id="271822916" visible="true" version="1" changeset="260725" timestamp="2008-06-22T03:26:47Z" user="Yan Li" uid="16335" lat="40.0151347" lon="116.1807271"/>
 <node id="271822917" visible="true" version="2" changeset="160439913" timestamp="2024-12-20T16:08:32Z" user="吕明臻" uid="21273429" lat="40.0151820" lon="116.1810173"/>
 <node id="271822918" visible="true" version="2" changeset="160439913" timestamp="2024-12-20T16:08:32Z" user="吕明臻" uid="21273429" lat="40.0154357" lon="116.1811954"/>
 <node id="271822919" visible="true" version="2" changeset="160439913" timestamp="2024-12-20T16:08:32Z" user="吕明臻" uid="21273429" lat="40.0154049" lon="116.1813536"/>
 <node id="271822920" visible="true" version="2" changeset="160439913" timestamp="2024-12-20T16:08:32Z" user="吕明臻" uid="21273429" lat="40.0154553" lon="116.1816185"/>
 <node id="271822921" visible="true" version="2" changeset="160439913" timestamp="2024-12-20T16:08:32Z" user="吕明臻" uid="21273429" lat="40.0153722" lon="116.1819786"/>
 <node id="271822922" visible="true" version="1" changeset="260725" timestamp="2008-06-22T03:26:52Z" user="Yan Li" uid="16335" lat="40.0152082" lon="116.1827760"/>
 <node id="271822923" visible="true" version="1" changeset="260725" timestamp="2008-06-22T03:26:53Z" user="Yan Li" uid="16335" lat="40.0151347" lon="116.1831388"/>
 <node id="271822924" visible="true" version="1" changeset="260725" timestamp="2008-06-22T03:26:54Z" user="Yan Li" uid="16335" lat="40.0151249" lon="116.1839819"/>
 <node id="271822925" visible="true" version="1" changeset="260725" timestamp="2008-06-22T03:26:55Z" user="Yan Li" uid="16335" lat="40.0151788" lon="116.1845946"/>
 <node id="271822926" visible="true" version="1" changeset="260725" timestamp="2008-06-22T03:26:56Z" user="Yan Li" uid="16335" lat="40.0151102" lon="116.1848495"/>
 <node id="271822927" visible="true" version="1" changeset="260725" timestamp="2008-06-22T03:26:56Z" user="Yan Li" uid="16335" lat="40.0151445" lon="116.1858201"/>
 <node id="271822928" visible="true" version="1" changeset="260725" timestamp="2008-06-22T03:26:57Z" user="Yan Li" uid="16335" lat="40.0150563" lon="116.1859769"/>
 <node id="271822929" visible="true" version="2" changeset="160439913" timestamp="2024-12-20T16:08:32Z" user="吕明臻" uid="21273429" lat="40.0148283" lon="116.1860694"/>
 <node id="271822930" visible="true" version="2" changeset="160439913" timestamp="2024-12-20T16:08:32Z" user="吕明臻" uid="21273429" lat="40.0146009" lon="116.1861077"/>
 <node id="271822931" visible="true" version="2" changeset="14740915" timestamp="2013-01-22T03:10:17Z" user="m17design" uid="486052" lat="40.0143554" lon="116.1862538"/>
 <node id="271822932" visible="true" version="1" changeset="260725" timestamp="2008-06-22T03:27:01Z" user="Yan Li" uid="16335" lat="40.0142474" lon="116.1861975"/>
 <node id="271822933" visible="true" version="1" changeset="260725" timestamp="2008-06-22T03:27:02Z" user="Yan Li" uid="16335" lat="40.0140563" lon="116.1862269"/>
 <node id="271822934" visible="true" version="1" changeset="260725" timestamp="2008-06-22T03:27:03Z" user="Yan Li" uid="16335" lat="40.0139337" lon="116.1863103"/>
 <node id="271822935" visible="true" version="2" changeset="109812850" timestamp="2021-08-17T13:12:18Z" user="cqrCpf7Ce_A7" uid="3620913" lat="40.0138348" lon="116.1863741"/>
 <node id="271822936" visible="true" version="2" changeset="109812850" timestamp="2021-08-17T13:12:18Z" user="cqrCpf7Ce_A7" uid="3620913" lat="40.0138429" lon="116.1865023"/>
 <node id="271822937" visible="true" version="1" changeset="260725" timestamp="2008-06-22T03:27:05Z" user="Yan Li" uid="16335" lat="40.0140367" lon="116.1869328"/>
 <node id="271822938" visible="true" version="1" changeset="260725" timestamp="2008-06-22T03:27:06Z" user="Yan Li" uid="16335" lat="40.0141347" lon="116.1870848"/>
 <node id="271822939" visible="true" version="1" changeset="260725" timestamp="2008-06-22T03:27:07Z" user="Yan Li" uid="16335" lat="40.0142573" lon="116.1873200"/>
 <node id="271822940" visible="true" version="1" changeset="260725" timestamp="2008-06-22T03:27:08Z" user="Yan Li" uid="16335" lat="40.0140612" lon="116.1874377"/>
 <node id="271822941" visible="true" version="2" changeset="160439913" timestamp="2024-12-20T16:08:32Z" user="吕明臻" uid="21273429" lat="40.0138095" lon="116.1874799"/>
 <node id="271822942" visible="true" version="2" changeset="160439913" timestamp="2024-12-20T16:08:32Z" user="吕明臻" uid="21273429" lat="40.0135480" lon="116.1874080"/>
 <node id="271822943" visible="true" version="2" changeset="160439913" timestamp="2024-12-20T16:08:32Z" user="吕明臻" uid="21273429" lat="40.0134073" lon="116.1875639"/>
 <node id="271822944" visible="true" version="2" changeset="160439913" timestamp="2024-12-20T16:08:32Z" user="吕明臻" uid="21273429" lat="40.0132025" lon="116.1875296"/>
 <node id="271822945" visible="true" version="1" changeset="260725" timestamp="2008-06-22T03:27:13Z" user="Yan Li" uid="16335" lat="40.0129338" lon="116.1879720"/>
 <node id="271822958" visible="true" version="2" changeset="118421379" timestamp="2022-03-13T08:44:49Z" user="cqrCpf7Ce_A7" uid="3620913" lat="40.0144428" lon="116.1891503"/>
 <node id="271822990" visible="true" version="4" changeset="118421379" timestamp="2022-03-13T08:44:49Z" user="cqrCpf7Ce_A7" uid="3620913" lat="40.0158416" lon="116.1967158"/>
 <node id="271822992" visible="true" version="2" changeset="110510229" timestamp="2021-08-31T11:45:34Z" user="Zhaohan Dong" uid="12225675" lat="40.0154977" lon="116.1967317"/>
 <node id="271822993" visible="true" version="2" changeset="109723753" timestamp="2021-08-16T04:45:32Z" user="cqrCpf7Ce_A7" uid="3620913" lat="40.0152439" lon="116.1966366"/>
 <node id="271822994" visible="true" version="2" changeset="109723753" timestamp="2021-08-16T04:45:32Z" user="cqrCpf7Ce_A7" uid="3620913" lat="40.0150367" lon="116.1963289"/>
 <node id="271822995" visible="true" version="1" changeset="260725" timestamp="2008-06-22T03:27:53Z" user="Yan Li" uid="16335" lat="40.0144484" lon="116.1960846"/>
 <node id="271822997" visible="true" version="1" changeset="260725" timestamp="2008-06-22T03:27:55Z" user="Yan Li" uid="16335" lat="40.0141543" lon="116.1960993"/>
 <node id="271822998" visible="true" version="1" changeset="260725" timestamp="2008-06-22T03:27:55Z" user="Yan Li" uid="16335" lat="40.0138749" lon="116.1960453"/>
 <node id="271822999" visible="true" version="2" changeset="109704820" timestamp="2021-08-15T15:17:22Z" user="cqrCpf7Ce_A7" uid="3620913" lat="40.0135301" lon="116.1958414"/>
 <node id="271823004" visible="true" version="1" changeset="260725" timestamp="2008-06-22T03:27:57Z" user="Yan Li" uid="16335" lat="40.0130171" lon="116.1959620"/>
 <node id="271823012" visible="true" version="2" changeset="109723753" timestamp="2021-08-16T04:45:32Z" user="cqrCpf7Ce_A7" uid="3620913" lat="40.0128192" lon="116.1959902"/>
 <node id="271823013" visible="true" version="2" changeset="109723753" timestamp="2021-08-16T04:45:32Z" user="cqrCpf7Ce_A7" uid="3620913" lat="40.0127255" lon="116.1960775"/>
 <node id="271823014" visible="true" version="2" changeset="109723753" timestamp="2021-08-16T04:45:32Z" user="cqrCpf7Ce_A7" uid="3620913" lat="40.0124114" lon="116.1961410"/>
 <node id="271823015" visible="true" version="4" changeset="109723753" timestamp="2021-08-16T04:45:32Z" user="cqrCpf7Ce_A7" uid="3620913" lat="40.0118716" lon="116.1960737"/>
 <node id="271823016" visible="true" version="2" changeset="109723753" timestamp="2021-08-16T04:45:32Z" user="cqrCpf7Ce_A7" uid="3620913" lat="40.0114752" lon="116.1965040"/>
 <node id="271823017" visible="true" version="1" changeset="260725" timestamp="2008-06-22T03:28:02Z" user="Yan Li" uid="16335" lat="40.0112132" lon="116.1965551"/>
 <node id="271823019" visible="true" version="3" changeset="110510229" timestamp="2021-08-31T11:45:34Z" user="Zhaohan Dong" uid="12225675" lat="40.0109742" lon="116.1964231"/>
 <node id="271823020" visible="true" version="4" changeset="110510229" timestamp="2021-08-31T11:45:34Z" user="Zhaohan Dong" uid="12225675" lat="40.0106751" lon="116.1960193"/>
 <node id="271824590" visible="true" version="3" changeset="59197097" timestamp="2018-05-23T03:46:21Z" user="ctboss" uid="7612177" lat="39.9940354" lon="116.1906973"/>
 <node id="271824592" visible="true" version="6" changeset="60923334" timestamp="2018-07-21T05:15:17Z" user="ctboss" uid="7612177" lat="39.9941343" lon="116.1923321">
  <tag k="man_made" v="surveillance"/>
  <tag k="surveillance:type" v="camera"/>
 </node>
 <node id="271824593" visible="true" version="4" changeset="94429597" timestamp="2020-11-19T10:37:35Z" user="shanhulittle" uid="11213533" lat="39.9938332" lon="116.1947979"/>
 <node id="271824594" visible="true" version="2" changeset="5746283" timestamp="2010-09-11T02:06:27Z" user="GanDhi" uid="253506" lat="39.9938765" lon="116.1960597"/>
 <node id="271824595" visible="true" version="2" changeset="5746283" timestamp="2010-09-11T02:06:27Z" user="GanDhi" uid="253506" lat="39.9931285" lon="116.1969609"/>
 <node id="271824596" visible="true" version="7" changeset="93855112" timestamp="2020-11-10T10:46:40Z" user="shanhulittle" uid="11213533" lat="39.9928976" lon="116.1971496">
  <tag k="camera:mount" v="pole"/>
  <tag k="camera:type" v="panning"/>
  <tag k="man_made" v="surveillance"/>
  <tag k="surveillance" v="outdoor"/>
  <tag k="surveillance:type" v="camera"/>
 </node>
 <node id="281141200" visible="true" version="3" changeset="53004776" timestamp="2017-10-17T08:45:54Z" user="Popolon" uid="27454" lat="39.9947123" lon="116.1910464"/>
 <node id="281141264" visible="true" version="3" changeset="3760570" timestamp="2010-01-31T16:11:38Z" user="Lackness Franc" uid="53125" lat="39.9971747" lon="116.1858975"/>
 <node id="281141300" visible="true" version="4" changeset="63719911" timestamp="2018-10-21T06:58:30Z" user="ctboss" uid="7612177" lat="39.9948525" lon="116.1913146">
  <tag k="camera:type" v="dome"/>
  <tag k="man_made" v="surveillance"/>
  <tag k="surveillance" v="outdoor"/>
  <tag k="surveillance:type" v="camera"/>
 </node>
 <node id="281141770" visible="true" version="3" changeset="53004776" timestamp="2017-10-17T08:45:54Z" user="Popolon" uid="27454" lat="39.9946551" lon="116.1907116"/>
 <node id="281141771" visible="true" version="4" changeset="128685806" timestamp="2022-11-09T12:37:06Z" user="shanhulittle" uid="11213533" lat="39.9955493" lon="116.1903994"/>
 <node id="281141862" visible="true" version="3" changeset="128685806" timestamp="2022-11-09T12:37:06Z" user="shanhulittle" uid="11213533" lat="39.9983509" lon="116.1859577"/>
 <node id="281141867" visible="true" version="3" changeset="128685806" timestamp="2022-11-09T12:37:06Z" user="shanhulittle" uid="11213533" lat="39.9988972" lon="116.1862993"/>
 <node id="281141873" visible="true" version="5" changeset="128685806" timestamp="2022-11-09T12:37:06Z" user="shanhulittle" uid="11213533" lat="39.9953292" lon="116.1906365"/>
 <node id="281141882" visible="true" version="3" changeset="128685806" timestamp="2022-11-09T12:37:06Z" user="shanhulittle" uid="11213533" lat="39.9986202" lon="116.1862215"/>
 <node id="281141892" visible="true" version="2" changeset="3760570" timestamp="2010-01-31T16:11:38Z" user="Lackness Franc" uid="53125" lat="39.9978918" lon="116.1859526"/>
 <node id="281141893" visible="true" version="3" changeset="53004776" timestamp="2017-10-17T08:45:54Z" user="Popolon" uid="27454" lat="39.9946798" lon="116.1891172"/>
 <node id="281141895" visible="true" version="3" changeset="17248964" timestamp="2013-08-07T03:02:25Z" user="m17design" uid="486052" lat="39.9985211" lon="116.1861284"/>
 <node id="281141896" visible="true" version="1" changeset="595420" timestamp="2008-07-26T04:19:38Z" user="Lackness Franc" uid="53125" lat="39.9976668" lon="116.1860666"/>
 <node id="281141897" visible="true" version="3" changeset="128685806" timestamp="2022-11-09T12:37:06Z" user="shanhulittle" uid="11213533" lat="39.9992323" lon="116.1864102"/>
 <node id="281141904" visible="true" version="3" changeset="128685806" timestamp="2022-11-09T12:37:06Z" user="shanhulittle" uid="11213533" lat="39.9981251" lon="116.1858921"/>
 <node id="281141915" visible="true" version="3" changeset="125150949" timestamp="2022-08-20T14:48:20Z" user="cqrCpf7Ce_A7" uid="3620913" lat="40.0026298" lon="116.1849296"/>
 <node id="281141950" visible="true" version="3" changeset="128685806" timestamp="2022-11-09T12:37:06Z" user="shanhulittle" uid="11213533" lat="39.9973435" lon="116.1860228"/>
 <node id="286250733" visible="true" version="1" changeset="136061" timestamp="2008-08-08T14:27:37Z" user="Lackness Franc" uid="53125" lat="40.0138146" lon="116.1916969"/>
 <node id="286250809" visible="true" version="2" changeset="118186490" timestamp="2022-03-07T08:11:29Z" user="cqrCpf7Ce_A7" uid="3620913" lat="40.0139393" lon="116.1917013"/>
 <node id="286250924" visible="true" version="1" changeset="136061" timestamp="2008-08-08T14:27:58Z" user="Lackness Franc" uid="53125" lat="40.0137134" lon="116.1917385"/>
 <node id="286251017" visible="true" version="1" changeset="136061" timestamp="2008-08-08T14:28:05Z" user="Lackness Franc" uid="53125" lat="40.0145252" lon="116.1924758"/>
 <node id="286251090" visible="true" version="2" changeset="109704820" timestamp="2021-08-15T15:17:22Z" user="cqrCpf7Ce_A7" uid="3620913" lat="40.0146484" lon="116.1924150"/>
 <node id="295350709" visible="true" version="6" changeset="140130971" timestamp="2023-08-20T12:39:59Z" user="abclop99" uid="20092735" lat="39.9912671" lon="116.1971517">
  <tag k="camera:mount" v="pole"/>
  <tag k="camera:type" v="panning"/>
  <tag k="check_date" v="2023-08-20"/>
  <tag k="man_made" v="surveillance"/>
  <tag k="surveillance" v="outdoor"/>
  <tag k="surveillance:type" v="camera"/>
 </node>
 <node id="295350772" visible="true" version="3" changeset="5740970" timestamp="2010-09-10T12:51:20Z" user="GanDhi" uid="253506" lat="39.9913096" lon="116.1961712"/>
 <node id="295350783" visible="true" version="4" changeset="59619926" timestamp="2018-06-07T04:10:04Z" user="ctboss" uid="7612177" lat="39.9912599" lon="116.1953783">
  <tag k="amenity" v="toilets"/>
 </node>
 <node id="295350970" visible="true" version="2" changeset="53004776" timestamp="2017-10-17T08:45:53Z" user="Popolon" uid="27454" lat="39.9946899" lon="116.1953631"/>
 <node id="295350987" visible="true" version="3" changeset="94429597" timestamp="2020-11-19T10:37:35Z" user="shanhulittle" uid="11213533" lat="39.9938172" lon="116.1954358"/>
 <node id="295379214" visible="true" version="9" changeset="59906976" timestamp="2018-06-17T04:43:32Z" user="ctboss" uid="7612177" lat="39.9941328" lon="116.1890194"/>
 <node id="320894100" visible="true" version="3" changeset="53004776" timestamp="2017-10-17T08:45:53Z" user="Popolon" uid="27454" lat="39.9953344" lon="116.1954466"/>
 <node id="320894119" visible="true" version="2" changeset="53004776" timestamp="2017-10-17T08:45:53Z" user="Popolon" uid="27454" lat="39.9954119" lon="116.1946377"/>
 <node id="320894124" visible="true" version="4" changeset="120586786" timestamp="2022-05-05T12:21:05Z" user="cqrCpf7Ce_A7" uid="3620913" lat="39.9955755" lon="116.1953561"/>
 <node id="320894131" visible="true" version="5" changeset="120586786" timestamp="2022-05-05T12:21:05Z" user="cqrCpf7Ce_A7" uid="3620913" lat="39.9960416" lon="116.1948008"/>
 <node id="320894134" visible="true" version="5" changeset="64367358" timestamp="2018-11-11T06:12:03Z" user="ctboss" uid="7612177" lat="39.9959984" lon="116.1958835"/>
 <node id="320894215" visible="true" version="3" changeset="62750451" timestamp="2018-09-20T05:32:00Z" user="ctboss" uid="7612177" lat="39.9965419" lon="116.1955082"/>
 <node id="320894240" visible="true" version="4" changeset="62750451" timestamp="2018-09-20T05:32:01Z" user="ctboss" uid="7612177" lat="39.9967952" lon="116.1953456"/>
 <node id="320894293" visible="true" version="1" changeset="555083" timestamp="2008-12-22T13:42:37Z" user="Lackness Franc" uid="53125" lat="39.9973000" lon="116.1962000">
  <tag k="historic" v="memorial"/>
  <tag k="name" v="马连良墓"/>
 </node>
 <node id="320894319" visible="true" version="3" changeset="72981244" timestamp="2019-08-04T04:51:11Z" user="ctboss" uid="7612177" lat="39.9973655" lon="116.1959950"/>
 <node id="320894331" visible="true" version="1" changeset="555083" timestamp="2008-12-22T13:42:50Z" user="Lackness Franc" uid="53125" lat="39.9976000" lon="116.1954667"/>
 <node id="320894335" visible="true" version="1" changeset="555083" timestamp="2008-12-22T13:42:52Z" user="Lackness Franc" uid="53125" lat="39.9974667" lon="116.1953500"/>
 <node id="320894357" visible="true" version="1" changeset="555083" timestamp="2008-12-22T13:42:54Z" user="Lackness Franc" uid="53125" lat="39.9973667" lon="116.1952833"/>
 <node id="320894358" visible="true" version="2" changeset="62750451" timestamp="2018-09-20T05:32:00Z" user="ctboss" uid="7612177" lat="39.9972433" lon="116.1952192"/>
 <node id="320894359" visible="true" version="4" changeset="63856385" timestamp="2018-10-25T06:46:08Z" user="ctboss" uid="7612177" lat="39.9970917" lon="116.1952401"/>
 <node id="320894364" visible="true" version="3" changeset="72981244" timestamp="2019-08-04T04:51:11Z" user="ctboss" uid="7612177" lat="39.9975484" lon="116.1958929"/>
 <node id="320894365" visible="true" version="5" changeset="120534083" timestamp="2022-05-04T09:36:07Z" user="cqrCpf7Ce_A7" uid="3620913" lat="39.9978425" lon="116.1959304"/>
 <node id="320894366" visible="true" version="3" changeset="72981244" timestamp="2019-08-04T04:51:11Z" user="ctboss" uid="7612177" lat="39.9981182" lon="116.1958173"/>
 <node id="320894369" visible="true" version="1" changeset="555083" timestamp="2008-12-22T13:43:12Z" user="Lackness Franc" uid="53125" lat="39.9985500" lon="116.1957167"/>
 <node id="320894370" visible="true" version="1" changeset="555083" timestamp="2008-12-22T13:43:14Z" user="Lackness Franc" uid="53125" lat="39.9986833" lon="116.1956667"/>
 <node id="320894371" visible="true" version="1" changeset="555083" timestamp="2008-12-22T13:43:16Z" user="Lackness Franc" uid="53125" lat="39.9988333" lon="116.1957167"/>
 <node id="320894372" visible="true" version="1" changeset="555083" timestamp="2008-12-22T13:43:18Z" user="Lackness Franc" uid="53125" lat="39.9990500" lon="116.1957667"/>
 <node id="320894373" visible="true" version="1" changeset="555083" timestamp="2008-12-22T13:43:20Z" user="Lackness Franc" uid="53125" lat="39.9992000" lon="116.1958167"/>
 <node id="320894378" visible="true" version="1" changeset="555083" timestamp="2008-12-22T13:43:22Z" user="Lackness Franc" uid="53125" lat="39.9994167" lon="116.1958000"/>
 <node id="320894389" visible="true" version="1" changeset="555083" timestamp="2008-12-22T13:43:25Z" user="Lackness Franc" uid="53125" lat="39.9995667" lon="116.1957500"/>
 <node id="320894391" visible="true" version="1" changeset="555083" timestamp="2008-12-22T13:43:27Z" user="Lackness Franc" uid="53125" lat="39.9997500" lon="116.1957167"/>
 <node id="320894400" visible="true" version="3" changeset="111691776" timestamp="2021-09-25T15:10:42Z" user="cqrCpf7Ce_A7" uid="3620913" lat="40.0000207" lon="116.1955997"/>
 <node id="320894410" visible="true" version="2" changeset="109629852" timestamp="2021-08-13T12:49:18Z" user="cqrCpf7Ce_A7" uid="3620913" lat="40.0001407" lon="116.1953598"/>
 <node id="320894411" visible="true" version="2" changeset="109629852" timestamp="2021-08-13T12:49:18Z" user="cqrCpf7Ce_A7" uid="3620913" lat="40.0003140" lon="116.1952220"/>
 <node id="320894414" visible="true" version="2" changeset="109629852" timestamp="2021-08-13T12:49:18Z" user="cqrCpf7Ce_A7" uid="3620913" lat="40.0004360" lon="116.1952314"/>
 <node id="320894421" visible="true" version="2" changeset="109629852" timestamp="2021-08-13T12:49:18Z" user="cqrCpf7Ce_A7" uid="3620913" lat="40.0005647" lon="116.1950688"/>
 <node id="320894424" visible="true" version="2" changeset="109629852" timestamp="2021-08-13T12:49:18Z" user="cqrCpf7Ce_A7" uid="3620913" lat="40.0006733" lon="116.1950163"/>
 <node id="320894425" visible="true" version="2" changeset="109629852" timestamp="2021-08-13T12:49:18Z" user="cqrCpf7Ce_A7" uid="3620913" lat="40.0007366" lon="116.1949070"/>
 <node id="320894427" visible="true" version="3" changeset="118726125" timestamp="2022-03-21T09:16:48Z" user="cqrCpf7Ce_A7" uid="3620913" lat="40.0009194" lon="116.1948769"/>
 <node id="320894436" visible="true" version="2" changeset="109629852" timestamp="2021-08-13T12:49:18Z" user="cqrCpf7Ce_A7" uid="3620913" lat="40.0011527" lon="116.1946342"/>
 <node id="320894437" visible="true" version="2" changeset="109629852" timestamp="2021-08-13T12:49:18Z" user="cqrCpf7Ce_A7" uid="3620913" lat="40.0012200" lon="116.1945134"/>
 <node id="320894441" visible="true" version="2" changeset="109629852" timestamp="2021-08-13T12:49:18Z" user="cqrCpf7Ce_A7" uid="3620913" lat="40.0013294" lon="116.1942724"/>
 <node id="320894449" visible="true" version="3" changeset="118726125" timestamp="2022-03-21T09:16:48Z" user="cqrCpf7Ce_A7" uid="3620913" lat="40.0014919" lon="116.1941991"/>
 <node id="320894470" visible="true" version="2" changeset="109629852" timestamp="2021-08-13T12:49:18Z" user="cqrCpf7Ce_A7" uid="3620913" lat="40.0015980" lon="116.1938967"/>
 <node id="320894481" visible="true" version="2" changeset="109629852" timestamp="2021-08-13T12:49:18Z" user="cqrCpf7Ce_A7" uid="3620913" lat="40.0016227" lon="116.1935333"/>
 <node id="320894486" visible="true" version="2" changeset="118726125" timestamp="2022-03-21T09:16:48Z" user="cqrCpf7Ce_A7" uid="3620913" lat="40.0017419" lon="116.1932825"/>
 <node id="320894490" visible="true" version="2" changeset="118726125" timestamp="2022-03-21T09:16:48Z" user="cqrCpf7Ce_A7" uid="3620913" lat="40.0018406" lon="116.1931942"/>
 <node id="320894502" visible="true" version="3" changeset="118726125" timestamp="2022-03-21T09:16:48Z" user="cqrCpf7Ce_A7" uid="3620913" lat="40.0021795" lon="116.1930134"/>
 <node id="320894516" visible="true" version="3" changeset="118726125" timestamp="2022-03-21T09:16:48Z" user="cqrCpf7Ce_A7" uid="3620913" lat="40.0022782" lon="116.1928321"/>
 <node id="320894530" visible="true" version="3" changeset="118726125" timestamp="2022-03-21T09:16:48Z" user="cqrCpf7Ce_A7" uid="3620913" lat="40.0023420" lon="116.1926702"/>
 <node id="320894540" visible="true" version="3" changeset="118726125" timestamp="2022-03-21T09:16:48Z" user="cqrCpf7Ce_A7" uid="3620913" lat="40.0024784" lon="116.1924998"/>
 <node id="320894552" visible="true" version="2" changeset="118726125" timestamp="2022-03-21T09:16:48Z" user="cqrCpf7Ce_A7" uid="3620913" lat="40.0025646" lon="116.1924699"/>
 <node id="320894566" visible="true" version="3" changeset="118726125" timestamp="2022-03-21T09:16:48Z" user="cqrCpf7Ce_A7" uid="3620913" lat="40.0028749" lon="116.1923539"/>
 <node id="320894567" visible="true" version="2" changeset="109629852" timestamp="2021-08-13T12:49:18Z" user="cqrCpf7Ce_A7" uid="3620913" lat="40.0029107" lon="116.1921028"/>
 <node id="320894568" visible="true" version="1" changeset="555083" timestamp="2008-12-22T13:44:15Z" user="Lackness Franc" uid="53125" lat="40.0029833" lon="116.1920667"/>
 <node id="320894573" visible="true" version="1" changeset="555083" timestamp="2008-12-22T13:44:18Z" user="Lackness Franc" uid="53125" lat="40.0031167" lon="116.1919833"/>
 <node id="320894574" visible="true" version="1" changeset="555083" timestamp="2008-12-22T13:44:20Z" user="Lackness Franc" uid="53125" lat="40.0032000" lon="116.1918000"/>
 <node id="320894578" visible="true" version="1" changeset="555083" timestamp="2008-12-22T13:44:22Z" user="Lackness Franc" uid="53125" lat="40.0033500" lon="116.1915333"/>
 <node id="320894579" visible="true" version="1" changeset="555083" timestamp="2008-12-22T13:44:24Z" user="Lackness Franc" uid="53125" lat="40.0034833" lon="116.1914167"/>
 <node id="320894580" visible="true" version="1" changeset="555083" timestamp="2008-12-22T13:44:25Z" user="Lackness Franc" uid="53125" lat="40.0036500" lon="116.1914000"/>
 <node id="320894581" visible="true" version="1" changeset="555083" timestamp="2008-12-22T13:44:28Z" user="Lackness Franc" uid="53125" lat="40.0038000" lon="116.1913333"/>
 <node id="320894593" visible="true" version="2" changeset="109629852" timestamp="2021-08-13T12:49:18Z" user="cqrCpf7Ce_A7" uid="3620913" lat="40.0040054" lon="116.1910984"/>
 <node id="320894610" visible="true" version="2" changeset="109629852" timestamp="2021-08-13T12:49:18Z" user="cqrCpf7Ce_A7" uid="3620913" lat="40.0041233" lon="116.1907142"/>
 <node id="320894611" visible="true" version="1" changeset="555083" timestamp="2008-12-22T13:44:33Z" user="Lackness Franc" uid="53125" lat="40.0041500" lon="116.1904167"/>
 <node id="320894612" visible="true" version="1" changeset="555083" timestamp="2008-12-22T13:44:35Z" user="Lackness Franc" uid="53125" lat="40.0043000" lon="116.1902333"/>
 <node id="320894613" visible="true" version="2" changeset="109884216" timestamp="2021-08-18T15:58:18Z" user="cqrCpf7Ce_A7" uid="3620913" lat="40.0044491" lon="116.1901413"/>
 <node id="320894614" visible="true" version="2" changeset="109703646" timestamp="2021-08-15T14:46:54Z" user="cqrCpf7Ce_A7" uid="3620913" lat="40.0047194" lon="116.1900994"/>
 <node id="320894615" visible="true" version="2" changeset="109703646" timestamp="2021-08-15T14:46:54Z" user="cqrCpf7Ce_A7" uid="3620913" lat="40.0048614" lon="116.1900660"/>
 <node id="320894616" visible="true" version="1" changeset="555083" timestamp="2008-12-22T13:44:44Z" user="Lackness Franc" uid="53125" lat="40.0052000" lon="116.1900500"/>
 <node id="320894632" visible="true" version="1" changeset="555083" timestamp="2008-12-22T13:44:46Z" user="Lackness Franc" uid="53125" lat="40.0053333" lon="116.1899500"/>
 <node id="320894644" visible="true" version="1" changeset="555083" timestamp="2008-12-22T13:44:48Z" user="Lackness Franc" uid="53125" lat="40.0054500" lon="116.1898167"/>
 <node id="320894652" visible="true" version="2" changeset="109703646" timestamp="2021-08-15T14:46:54Z" user="cqrCpf7Ce_A7" uid="3620913" lat="40.0055300" lon="116.1897116"/>
 <node id="320894653" visible="true" version="2" changeset="109703646" timestamp="2021-08-15T14:46:54Z" user="cqrCpf7Ce_A7" uid="3620913" lat="40.0056867" lon="116.1896158"/>
 <node id="320894654" visible="true" version="1" changeset="555083" timestamp="2008-12-22T13:44:55Z" user="Lackness Franc" uid="53125" lat="40.0057833" lon="116.1895333"/>
 <node id="320894655" visible="true" version="3" changeset="109703646" timestamp="2021-08-15T14:46:54Z" user="cqrCpf7Ce_A7" uid="3620913" lat="40.0059682" lon="116.1893152"/>
 <node id="320894656" visible="true" version="2" changeset="5694379" timestamp="2010-09-06T04:07:33Z" user="GanDhi" uid="253506" lat="40.0057000" lon="116.1887500"/>
 <node id="320894660" visible="true" version="2" changeset="5694379" timestamp="2010-09-06T04:07:33Z" user="GanDhi" uid="253506" lat="40.0056500" lon="116.1884000"/>
 <node id="320894667" visible="true" version="3" changeset="108878060" timestamp="2021-07-30T09:25:56Z" user="cqrCpf7Ce_A7" uid="3620913" lat="40.0054092" lon="116.1879118"/>
 <node id="320894668" visible="true" version="3" changeset="108878060" timestamp="2021-07-30T09:25:56Z" user="cqrCpf7Ce_A7" uid="3620913" lat="40.0054007" lon="116.1876367"/>
 <node id="320894669" visible="true" version="3" changeset="108878060" timestamp="2021-07-30T09:25:56Z" user="cqrCpf7Ce_A7" uid="3620913" lat="40.0055343" lon="116.1874667"/>
 <node id="320894670" visible="true" version="3" changeset="108878060" timestamp="2021-07-30T09:25:56Z" user="cqrCpf7Ce_A7" uid="3620913" lat="40.0056347" lon="116.1873071"/>
 <node id="320894671" visible="true" version="3" changeset="108878060" timestamp="2021-07-30T09:25:56Z" user="cqrCpf7Ce_A7" uid="3620913" lat="40.0056178" lon="116.1871618"/>
 <node id="320894672" visible="true" version="2" changeset="5694379" timestamp="2010-09-06T04:07:33Z" user="GanDhi" uid="253506" lat="40.0055667" lon="116.1869833"/>
 <node id="320894675" visible="true" version="2" changeset="5694379" timestamp="2010-09-06T04:07:33Z" user="GanDhi" uid="253506" lat="40.0054500" lon="116.1868500"/>
 <node id="320894695" visible="true" version="3" changeset="108878060" timestamp="2021-07-30T09:25:56Z" user="cqrCpf7Ce_A7" uid="3620913" lat="40.0052340" lon="116.1866523"/>
 <node id="320894698" visible="true" version="3" changeset="108878060" timestamp="2021-07-30T09:25:56Z" user="cqrCpf7Ce_A7" uid="3620913" lat="40.0052181" lon="116.1863440"/>
 <node id="320894699" visible="true" version="3" changeset="108878060" timestamp="2021-07-30T09:25:56Z" user="cqrCpf7Ce_A7" uid="3620913" lat="40.0052511" lon="116.1861655"/>
 <node id="320894704" visible="true" version="3" changeset="108878060" timestamp="2021-07-30T09:25:56Z" user="cqrCpf7Ce_A7" uid="3620913" lat="40.0051418" lon="116.1860356"/>
 <node id="320894705" visible="true" version="4" changeset="110510229" timestamp="2021-08-31T11:45:34Z" user="Zhaohan Dong" uid="12225675" lat="40.0049112" lon="116.1861212"/>
 <node id="320894707" visible="true" version="3" changeset="108878060" timestamp="2021-07-30T09:25:56Z" user="cqrCpf7Ce_A7" uid="3620913" lat="40.0047086" lon="116.1858715"/>
 <node id="320894712" visible="true" version="3" changeset="108878060" timestamp="2021-07-30T09:25:56Z" user="cqrCpf7Ce_A7" uid="3620913" lat="40.0044847" lon="116.1855180"/>
 <node id="320894719" visible="true" version="3" changeset="108878060" timestamp="2021-07-30T09:25:56Z" user="cqrCpf7Ce_A7" uid="3620913" lat="40.0044349" lon="116.1850929"/>
 <node id="320894727" visible="true" version="3" changeset="108878060" timestamp="2021-07-30T09:25:56Z" user="cqrCpf7Ce_A7" uid="3620913" lat="40.0043434" lon="116.1847356"/>
 <node id="320894728" visible="true" version="3" changeset="108878060" timestamp="2021-07-30T09:25:56Z" user="cqrCpf7Ce_A7" uid="3620913" lat="40.0043849" lon="116.1843927"/>
 <node id="320894729" visible="true" version="3" changeset="108878060" timestamp="2021-07-30T09:25:56Z" user="cqrCpf7Ce_A7" uid="3620913" lat="40.0044103" lon="116.1841498"/>
 <node id="320894730" visible="true" version="3" changeset="108878060" timestamp="2021-07-30T09:25:56Z" user="cqrCpf7Ce_A7" uid="3620913" lat="40.0043689" lon="116.1838629"/>
 <node id="320894733" visible="true" version="3" changeset="108878060" timestamp="2021-07-30T09:25:56Z" user="cqrCpf7Ce_A7" uid="3620913" lat="40.0043688" lon="116.1837107"/>
 <node id="320894741" visible="true" version="3" changeset="108878060" timestamp="2021-07-30T09:25:56Z" user="cqrCpf7Ce_A7" uid="3620913" lat="40.0043270" lon="116.1834691"/>
 <node id="320894745" visible="true" version="3" changeset="108878060" timestamp="2021-07-30T09:25:56Z" user="cqrCpf7Ce_A7" uid="3620913" lat="40.0042434" lon="116.1831929"/>
 <node id="320894746" visible="true" version="3" changeset="108878060" timestamp="2021-07-30T09:25:56Z" user="cqrCpf7Ce_A7" uid="3620913" lat="40.0041356" lon="116.1829274"/>
 <node id="320894749" visible="true" version="4" changeset="125150949" timestamp="2022-08-20T14:48:20Z" user="cqrCpf7Ce_A7" uid="3620913" lat="40.0041341" lon="116.1826340"/>
 <node id="320894750" visible="true" version="3" changeset="108878060" timestamp="2021-07-30T09:25:56Z" user="cqrCpf7Ce_A7" uid="3620913" lat="40.0039188" lon="116.1825071"/>
 <node id="320894751" visible="true" version="3" changeset="108878060" timestamp="2021-07-30T09:25:56Z" user="cqrCpf7Ce_A7" uid="3620913" lat="40.0038606" lon="116.1821548"/>
 <node id="320894754" visible="true" version="3" changeset="108878060" timestamp="2021-07-30T09:25:56Z" user="cqrCpf7Ce_A7" uid="3620913" lat="40.0038196" lon="116.1819160"/>
 <node id="320896294" visible="true" version="3" changeset="53004776" timestamp="2017-10-17T08:45:53Z" user="Popolon" uid="27454" lat="39.9954406" lon="116.1953499"/>
 <node id="320896296" visible="true" version="1" changeset="555083" timestamp="2008-12-22T13:54:13Z" user="Lackness Franc" uid="53125" lat="39.9976682" lon="116.1954818">
  <tag k="historic" v="memorial"/>
  <tag k="name" v="梅兰芳墓"/>
  <tag k="name:en" v="Mei Lanfang Tomb"/>
 </node>
 <node id="320896315" visible="true" version="1" changeset="555083" timestamp="2008-12-22T13:54:15Z" user="Lackness Franc" uid="53125" lat="39.9971171" lon="116.1959501">
  <tag k="historic" v="memorial"/>
  <tag k="name" v="徐兰浣墓"/>
 </node>
 <node id="402450587" visible="true" version="1" changeset="1219984" timestamp="2009-05-17T11:09:34Z" user="Lackness Franc" uid="53125" lat="40.0133500" lon="116.1920833"/>
 <node id="402450593" visible="true" version="1" changeset="1219984" timestamp="2009-05-17T11:09:34Z" user="Lackness Franc" uid="53125" lat="40.0132333" lon="116.1922833"/>
 <node id="402450596" visible="true" version="1" changeset="1219984" timestamp="2009-05-17T11:09:34Z" user="Lackness Franc" uid="53125" lat="40.0127667" lon="116.1927667"/>
 <node id="402450598" visible="true" version="1" changeset="1219984" timestamp="2009-05-17T11:09:34Z" user="Lackness Franc" uid="53125" lat="40.0125000" lon="116.1934667"/>
 <node id="402450601" visible="true" version="1" changeset="1219984" timestamp="2009-05-17T11:09:34Z" user="Lackness Franc" uid="53125" lat="40.0123333" lon="116.1936000"/>
 <node id="402450605" visible="true" version="1" changeset="1219984" timestamp="2009-05-17T11:09:34Z" user="Lackness Franc" uid="53125" lat="40.0120500" lon="116.1935667"/>
 <node id="402450611" visible="true" version="2" changeset="109704820" timestamp="2021-08-15T15:17:22Z" user="cqrCpf7Ce_A7" uid="3620913" lat="40.0115600" lon="116.1937659"/>
 <node id="402450618" visible="true" version="2" changeset="109704820" timestamp="2021-08-15T15:17:22Z" user="cqrCpf7Ce_A7" uid="3620913" lat="40.0115100" lon="116.1939667"/>
 <node id="402451101" visible="true" version="2" changeset="14740915" timestamp="2013-01-22T03:10:15Z" user="m17design" uid="486052" lat="40.0111272" lon="116.1931720">
  <tag k="name" v="水源头"/>
  <tag k="name:en" v="Water Source"/>
  <tag k="tourism" v="attraction"/>
 </node>
 <node id="624184743" visible="true" version="1" changeset="3760570" timestamp="2010-01-31T16:11:33Z" user="Lackness Franc" uid="53125" lat="39.9994110" lon="116.1864409"/>
 <node id="624184745" visible="true" version="1" changeset="3760570" timestamp="2010-01-31T16:11:34Z" user="Lackness Franc" uid="53125" lat="39.9994533" lon="116.1865397">
  <tag k="barrier" v="gate"/>
  <tag k="bicycle" v="yes"/>
  <tag k="foot" v="yes"/>
  <tag k="motorcar" v="yes"/>
 </node>
 <node id="624184746" visible="true" version="1" changeset="3760570" timestamp="2010-01-31T16:11:34Z" user="Lackness Franc" uid="53125" lat="39.9996869" lon="116.1868988"/>
 <node id="624184750" visible="true" version="3" changeset="109703646" timestamp="2021-08-15T14:46:54Z" user="cqrCpf7Ce_A7" uid="3620913" lat="40.0060352" lon="116.1890511"/>
 <node id="624184752" visible="true" version="3" changeset="109703646" timestamp="2021-08-15T14:46:54Z" user="cqrCpf7Ce_A7" uid="3620913" lat="40.0059253" lon="116.1895163"/>
 <node id="624184753" visible="true" version="3" changeset="109703646" timestamp="2021-08-15T14:46:54Z" user="cqrCpf7Ce_A7" uid="3620913" lat="40.0060556" lon="116.1896628"/>
 <node id="624184756" visible="true" version="3" changeset="109703646" timestamp="2021-08-15T14:46:54Z" user="cqrCpf7Ce_A7" uid="3620913" lat="40.0062191" lon="116.1896836"/>
 <node id="624184757" visible="true" version="3" changeset="109703646" timestamp="2021-08-15T14:46:54Z" user="cqrCpf7Ce_A7" uid="3620913" lat="40.0063536" lon="116.1895992"/>
 <node id="624184758" visible="true" version="3" changeset="109703646" timestamp="2021-08-15T14:46:54Z" user="cqrCpf7Ce_A7" uid="3620913" lat="40.0063849" lon="116.1893808"/>
 <node id="624184759" visible="true" version="3" changeset="109703646" timestamp="2021-08-15T14:46:54Z" user="cqrCpf7Ce_A7" uid="3620913" lat="40.0064319" lon="116.1891721"/>
 <node id="624184760" visible="true" version="2" changeset="5694379" timestamp="2010-09-06T04:07:34Z" user="GanDhi" uid="253506" lat="40.0065386" lon="116.1890988"/>
 <node id="624184779" visible="true" version="2" changeset="5694379" timestamp="2010-09-06T04:07:34Z" user="GanDhi" uid="253506" lat="40.0067653" lon="116.1890463"/>
 <node id="624184780" visible="true" version="2" changeset="5694379" timestamp="2010-09-06T04:07:34Z" user="GanDhi" uid="253506" lat="40.0068593" lon="116.1890159"/>
 <node id="624184781" visible="true" version="2" changeset="5694379" timestamp="2010-09-06T04:07:34Z" user="GanDhi" uid="253506" lat="40.0071053" lon="116.1890657"/>
 <node id="624184782" visible="true" version="2" changeset="5694379" timestamp="2010-09-06T04:07:34Z" user="GanDhi" uid="253506" lat="40.0073237" lon="116.1889413"/>
 <node id="624184783" visible="true" version="2" changeset="5694379" timestamp="2010-09-06T04:07:34Z" user="GanDhi" uid="253506" lat="40.0075697" lon="116.1887920"/>
 <node id="624184785" visible="true" version="2" changeset="5694379" timestamp="2010-09-06T04:07:34Z" user="GanDhi" uid="253506" lat="40.0076858" lon="116.1888362"/>
 <node id="624184786" visible="true" version="2" changeset="5694379" timestamp="2010-09-06T04:07:34Z" user="GanDhi" uid="253506" lat="40.0077301" lon="116.1889910"/>
 <node id="624184787" visible="true" version="2" changeset="5694379" timestamp="2010-09-06T04:07:34Z" user="GanDhi" uid="253506" lat="40.0077826" lon="116.1891320"/>
 <node id="624184788" visible="true" version="2" changeset="5694379" timestamp="2010-09-06T04:07:35Z" user="GanDhi" uid="253506" lat="40.0079070" lon="116.1892813"/>
 <node id="624184802" visible="true" version="5" changeset="94429597" timestamp="2020-11-19T10:37:35Z" user="shanhulittle" uid="11213533" lat="39.9954178" lon="116.1935537"/>
 <node id="624184803" visible="true" version="3" changeset="53004776" timestamp="2017-10-17T08:45:54Z" user="Popolon" uid="27454" lat="39.9950476" lon="116.1926879"/>
 <node id="624184804" visible="true" version="3" changeset="53004776" timestamp="2017-10-17T08:45:54Z" user="Popolon" uid="27454" lat="39.9950247" lon="116.1919448"/>
 <node id="624184805" visible="true" version="2" changeset="14740915" timestamp="2013-01-22T03:10:14Z" user="m17design" uid="486052" lat="39.9949613" lon="116.1916288"/>
 <node id="720911149" visible="true" version="2" changeset="109703646" timestamp="2021-08-15T14:46:54Z" user="cqrCpf7Ce_A7" uid="3620913" lat="40.0116295" lon="116.1902104"/>
 <node id="720911169" visible="true" version="2" changeset="109704820" timestamp="2021-08-15T15:17:22Z" user="cqrCpf7Ce_A7" uid="3620913" lat="40.0113753" lon="116.1889260"/>
 <node id="720911201" visible="true" version="3" changeset="109703646" timestamp="2021-08-15T14:46:54Z" user="cqrCpf7Ce_A7" uid="3620913" lat="40.0114611" lon="116.1912648"/>
 <node id="720911289" visible="true" version="3" changeset="109703646" timestamp="2021-08-15T14:46:54Z" user="cqrCpf7Ce_A7" uid="3620913" lat="40.0116277" lon="116.1906064"/>
 <node id="720911388" visible="true" version="3" changeset="109703646" timestamp="2021-08-15T14:46:54Z" user="cqrCpf7Ce_A7" uid="3620913" lat="40.0114562" lon="116.1915233"/>
 <node id="720911430" visible="true" version="1" changeset="4604386" timestamp="2010-05-04T13:52:35Z" user="Lackness Franc" uid="53125" lat="40.0116000" lon="116.1908500"/>
 <node id="720911450" visible="true" version="3" changeset="109703646" timestamp="2021-08-15T14:46:54Z" user="cqrCpf7Ce_A7" uid="3620913" lat="40.0113470" lon="116.1921521"/>
 <node id="720911471" visible="true" version="3" changeset="109703646" timestamp="2021-08-15T14:46:54Z" user="cqrCpf7Ce_A7" uid="3620913" lat="40.0116136" lon="116.1899324"/>
 <node id="720911475" visible="true" version="2" changeset="109703646" timestamp="2021-08-15T14:46:54Z" user="cqrCpf7Ce_A7" uid="3620913" lat="40.0117166" lon="116.1904806"/>
 <node id="720911583" visible="true" version="3" changeset="109703646" timestamp="2021-08-15T14:46:54Z" user="cqrCpf7Ce_A7" uid="3620913" lat="40.0113871" lon="116.1923805"/>
 <node id="720911852" visible="true" version="2" changeset="109703646" timestamp="2021-08-15T14:46:54Z" user="cqrCpf7Ce_A7" uid="3620913" lat="40.0115951" lon="116.1900221"/>
 <node id="898559022" visible="true" version="1" changeset="5694379" timestamp="2010-09-06T04:07:35Z" user="GanDhi" uid="253506" lat="40.0081703" lon="116.1893321"/>
 <node id="898559025" visible="true" version="1" changeset="5694379" timestamp="2010-09-06T04:07:35Z" user="GanDhi" uid="253506" lat="40.0084332" lon="116.1893214"/>
 <node id="898559026" visible="true" version="2" changeset="109703646" timestamp="2021-08-15T14:46:54Z" user="cqrCpf7Ce_A7" uid="3620913" lat="40.0085430" lon="116.1893151"/>
 <node id="898559029" visible="true" version="3" changeset="120534083" timestamp="2022-05-04T09:36:07Z" user="cqrCpf7Ce_A7" uid="3620913" lat="40.0085935" lon="116.1893394"/>
 <node id="898559030" visible="true" version="2" changeset="109703646" timestamp="2021-08-15T14:46:54Z" user="cqrCpf7Ce_A7" uid="3620913" lat="40.0090324" lon="116.1899682"/>
 <node id="898559031" visible="true" version="2" changeset="109703646" timestamp="2021-08-15T14:46:54Z" user="cqrCpf7Ce_A7" uid="3620913" lat="40.0097563" lon="116.1899343"/>
 <node id="898559032" visible="true" version="1" changeset="5694379" timestamp="2010-09-06T04:07:35Z" user="GanDhi" uid="253506" lat="40.0098713" lon="116.1899651"/>
 <node id="898559033" visible="true" version="2" changeset="109703646" timestamp="2021-08-15T14:46:54Z" user="cqrCpf7Ce_A7" uid="3620913" lat="40.0099718" lon="116.1899765"/>
 <node id="898559034" visible="true" version="2" changeset="109703646" timestamp="2021-08-15T14:46:54Z" user="cqrCpf7Ce_A7" uid="3620913" lat="40.0100388" lon="116.1901967"/>
 <node id="898559035" visible="true" version="2" changeset="109703646" timestamp="2021-08-15T14:46:54Z" user="cqrCpf7Ce_A7" uid="3620913" lat="40.0099747" lon="116.1903728"/>
 <node id="898559037" visible="true" version="1" changeset="5694379" timestamp="2010-09-06T04:07:35Z" user="GanDhi" uid="253506" lat="40.0097809" lon="116.1905767"/>
 <node id="898559038" visible="true" version="1" changeset="5694379" timestamp="2010-09-06T04:07:35Z" user="GanDhi" uid="253506" lat="40.0095262" lon="116.1907161"/>
 <node id="898559040" visible="true" version="1" changeset="5694379" timestamp="2010-09-06T04:07:35Z" user="GanDhi" uid="253506" lat="40.0093536" lon="116.1907912"/>
 <node id="898559042" visible="true" version="1" changeset="5694379" timestamp="2010-09-06T04:07:35Z" user="GanDhi" uid="253506" lat="40.0091728" lon="116.1909414"/>
 <node id="898559043" visible="true" version="1" changeset="5694379" timestamp="2010-09-06T04:07:35Z" user="GanDhi" uid="253506" lat="40.0089838" lon="116.1909951"/>
 <node id="898559044" visible="true" version="1" changeset="5694379" timestamp="2010-09-06T04:07:35Z" user="GanDhi" uid="253506" lat="40.0088359" lon="116.1909092"/>
 <node id="898559045" visible="true" version="2" changeset="109703646" timestamp="2021-08-15T14:46:54Z" user="cqrCpf7Ce_A7" uid="3620913" lat="40.0086954" lon="116.1907448"/>
 <node id="898559046" visible="true" version="2" changeset="109703646" timestamp="2021-08-15T14:46:54Z" user="cqrCpf7Ce_A7" uid="3620913" lat="40.0085853" lon="116.1907304"/>
 <node id="898559047" visible="true" version="2" changeset="109703646" timestamp="2021-08-15T14:46:54Z" user="cqrCpf7Ce_A7" uid="3620913" lat="40.0084881" lon="116.1908556"/>
 <node id="898559049" visible="true" version="2" changeset="109703646" timestamp="2021-08-15T14:46:54Z" user="cqrCpf7Ce_A7" uid="3620913" lat="40.0084889" lon="116.1910217"/>
 <node id="898559053" visible="true" version="2" changeset="109703646" timestamp="2021-08-15T14:46:54Z" user="cqrCpf7Ce_A7" uid="3620913" lat="40.0084560" lon="116.1917468"/>
 <node id="898559056" visible="true" version="1" changeset="5694379" timestamp="2010-09-06T04:07:36Z" user="GanDhi" uid="253506" lat="40.0082689" lon="116.1920465"/>
 <node id="898559057" visible="true" version="2" changeset="109703646" timestamp="2021-08-15T14:46:54Z" user="cqrCpf7Ce_A7" uid="3620913" lat="40.0080078" lon="116.1922528"/>
 <node id="898559059" visible="true" version="2" changeset="109703646" timestamp="2021-08-15T14:46:54Z" user="cqrCpf7Ce_A7" uid="3620913" lat="40.0079598" lon="116.1923684"/>
 <node id="898559061" visible="true" version="1" changeset="5694379" timestamp="2010-09-06T04:07:36Z" user="GanDhi" uid="253506" lat="40.0080963" lon="116.1924220"/>
 <node id="898559063" visible="true" version="2" changeset="109703646" timestamp="2021-08-15T14:46:54Z" user="cqrCpf7Ce_A7" uid="3620913" lat="40.0084982" lon="116.1924995"/>
 <node id="898559065" visible="true" version="2" changeset="109703646" timestamp="2021-08-15T14:46:54Z" user="cqrCpf7Ce_A7" uid="3620913" lat="40.0088534" lon="116.1920441"/>
 <node id="898559067" visible="true" version="1" changeset="5694379" timestamp="2010-09-06T04:07:36Z" user="GanDhi" uid="253506" lat="40.0090742" lon="116.1919821"/>
 <node id="898559068" visible="true" version="2" changeset="14740915" timestamp="2013-01-22T03:10:14Z" user="m17design" uid="486052" lat="40.0093334" lon="116.1922198"/>
 <node id="898559072" visible="true" version="2" changeset="14740915" timestamp="2013-01-22T03:10:14Z" user="m17design" uid="486052" lat="40.0095606" lon="116.1927691"/>
 <node id="898559073" visible="true" version="2" changeset="14740915" timestamp="2013-01-22T03:10:17Z" user="m17design" uid="486052" lat="40.0096206" lon="116.1930414"/>
 <node id="898559077" visible="true" version="2" changeset="14740915" timestamp="2013-01-22T03:10:17Z" user="m17design" uid="486052" lat="40.0093052" lon="116.1924186"/>
 <node id="898559079" visible="true" version="2" changeset="14740915" timestamp="2013-01-22T03:10:16Z" user="m17design" uid="486052" lat="40.0090702" lon="116.1922579"/>
 <node id="898559081" visible="true" version="2" changeset="14740915" timestamp="2013-01-22T03:10:14Z" user="m17design" uid="486052" lat="40.0089876" lon="116.1923676"/>
 <node id="898559085" visible="true" version="2" changeset="14740915" timestamp="2013-01-22T03:10:17Z" user="m17design" uid="486052" lat="40.0089157" lon="116.1927968"/>
 <node id="898559086" visible="true" version="1" changeset="5694379" timestamp="2010-09-06T04:07:36Z" user="GanDhi" uid="253506" lat="40.0088852" lon="116.1930550"/>
 <node id="898559088" visible="true" version="1" changeset="5694379" timestamp="2010-09-06T04:07:36Z" user="GanDhi" uid="253506" lat="40.0089099" lon="116.1933125"/>
 <node id="898559089" visible="true" version="3" changeset="120114177" timestamp="2022-04-24T08:04:55Z" user="cqrCpf7Ce_A7" uid="3620913" lat="40.0087928" lon="116.1935514"/>
 <node id="898559091" visible="true" version="1" changeset="5694379" timestamp="2010-09-06T04:07:36Z" user="GanDhi" uid="253506" lat="40.0085483" lon="116.1934198"/>
 <node id="898559092" visible="true" version="2" changeset="120114177" timestamp="2022-04-24T08:04:55Z" user="cqrCpf7Ce_A7" uid="3620913" lat="40.0083761" lon="116.1934405"/>
 <node id="898559094" visible="true" version="2" changeset="109703646" timestamp="2021-08-15T14:46:54Z" user="cqrCpf7Ce_A7" uid="3620913" lat="40.0084340" lon="116.1939199"/>
 <node id="898559106" visible="true" version="2" changeset="109703646" timestamp="2021-08-15T14:46:54Z" user="cqrCpf7Ce_A7" uid="3620913" lat="40.0085960" lon="116.1942819"/>
 <node id="898559107" visible="true" version="2" changeset="109703646" timestamp="2021-08-15T14:46:54Z" user="cqrCpf7Ce_A7" uid="3620913" lat="40.0087888" lon="116.1946560"/>
 <node id="898559111" visible="true" version="2" changeset="109703646" timestamp="2021-08-15T14:46:54Z" user="cqrCpf7Ce_A7" uid="3620913" lat="40.0087994" lon="116.1949436"/>
 <node id="898559113" visible="true" version="2" changeset="120452070" timestamp="2022-05-02T09:27:11Z" user="cqrCpf7Ce_A7" uid="3620913" lat="40.0085291" lon="116.1950530"/>
 <node id="898559117" visible="true" version="2" changeset="120452070" timestamp="2022-05-02T09:27:11Z" user="cqrCpf7Ce_A7" uid="3620913" lat="40.0083812" lon="116.1949071"/>
 <node id="898559119" visible="true" version="2" changeset="120452070" timestamp="2022-05-02T09:27:11Z" user="cqrCpf7Ce_A7" uid="3620913" lat="40.0081757" lon="116.1945086"/>
 <node id="898559122" visible="true" version="3" changeset="120452070" timestamp="2022-05-02T09:27:11Z" user="cqrCpf7Ce_A7" uid="3620913" lat="40.0078814" lon="116.1942697"/>
 <node id="898559125" visible="true" version="2" changeset="109703646" timestamp="2021-08-15T14:46:54Z" user="cqrCpf7Ce_A7" uid="3620913" lat="40.0076398" lon="116.1942864"/>
 <node id="898559127" visible="true" version="3" changeset="120452070" timestamp="2022-05-02T09:27:11Z" user="cqrCpf7Ce_A7" uid="3620913" lat="40.0075974" lon="116.1947642"/>
 <node id="898559130" visible="true" version="2" changeset="109703646" timestamp="2021-08-15T14:46:54Z" user="cqrCpf7Ce_A7" uid="3620913" lat="40.0075908" lon="116.1950821"/>
 <node id="898559132" visible="true" version="2" changeset="109703646" timestamp="2021-08-15T14:46:54Z" user="cqrCpf7Ce_A7" uid="3620913" lat="40.0072822" lon="116.1957241"/>
 <node id="898559135" visible="true" version="1" changeset="5694379" timestamp="2010-09-06T04:07:37Z" user="GanDhi" uid="253506" lat="40.0071019" lon="116.1958445"/>
 <node id="898559138" visible="true" version="1" changeset="5694379" timestamp="2010-09-06T04:07:37Z" user="GanDhi" uid="253506" lat="40.0067732" lon="116.1959411"/>
 <node id="898559139" visible="true" version="1" changeset="5694379" timestamp="2010-09-06T04:07:37Z" user="GanDhi" uid="253506" lat="40.0063048" lon="116.1958123"/>
 <node id="898559141" visible="true" version="1" changeset="5694379" timestamp="2010-09-06T04:07:37Z" user="GanDhi" uid="253506" lat="40.0058528" lon="116.1956085"/>
 <node id="898559142" visible="true" version="1" changeset="5694379" timestamp="2010-09-06T04:07:38Z" user="GanDhi" uid="253506" lat="40.0054912" lon="116.1952330"/>
 <node id="898559143" visible="true" version="1" changeset="5694379" timestamp="2010-09-06T04:07:38Z" user="GanDhi" uid="253506" lat="40.0052940" lon="116.1952115"/>
 <node id="898559145" visible="true" version="1" changeset="5694379" timestamp="2010-09-06T04:07:38Z" user="GanDhi" uid="253506" lat="40.0051214" lon="116.1952866"/>
 <node id="898559148" visible="true" version="1" changeset="5694379" timestamp="2010-09-06T04:07:38Z" user="GanDhi" uid="253506" lat="40.0049981" lon="116.1955334"/>
 <node id="898559151" visible="true" version="1" changeset="5694379" timestamp="2010-09-06T04:07:38Z" user="GanDhi" uid="253506" lat="40.0048749" lon="116.1958982"/>
 <node id="898559152" visible="true" version="1" changeset="5694379" timestamp="2010-09-06T04:07:38Z" user="GanDhi" uid="253506" lat="40.0046612" lon="116.1963917"/>
 <node id="898559156" visible="true" version="1" changeset="5694379" timestamp="2010-09-06T04:07:38Z" user="GanDhi" uid="253506" lat="40.0045543" lon="116.1966814"/>
 <node id="898559166" visible="true" version="3" changeset="118726125" timestamp="2022-03-21T09:16:48Z" user="cqrCpf7Ce_A7" uid="3620913" lat="40.0043719" lon="116.1970627"/>
 <node id="898559169" visible="true" version="1" changeset="5694379" timestamp="2010-09-06T04:07:38Z" user="GanDhi" uid="253506" lat="40.0042256" lon="116.1970032"/>
 <node id="898559171" visible="true" version="1" changeset="5694379" timestamp="2010-09-06T04:07:38Z" user="GanDhi" uid="253506" lat="40.0039955" lon="116.1967028"/>
 <node id="898559174" visible="true" version="1" changeset="5694379" timestamp="2010-09-06T04:07:38Z" user="GanDhi" uid="253506" lat="40.0038229" lon="116.1964775"/>
 <node id="898559176" visible="true" version="1" changeset="5694379" timestamp="2010-09-06T04:07:38Z" user="GanDhi" uid="253506" lat="40.0036257" lon="116.1963059"/>
 <node id="898559179" visible="true" version="1" changeset="5694379" timestamp="2010-09-06T04:07:38Z" user="GanDhi" uid="253506" lat="40.0034531" lon="116.1963380"/>
 <node id="898559182" visible="true" version="1" changeset="5694379" timestamp="2010-09-06T04:07:38Z" user="GanDhi" uid="253506" lat="40.0033956" lon="116.1968101"/>
 <node id="898559186" visible="true" version="1" changeset="5694379" timestamp="2010-09-06T04:07:38Z" user="GanDhi" uid="253506" lat="40.0032887" lon="116.1971963"/>
 <node id="898559187" visible="true" version="1" changeset="5694379" timestamp="2010-09-06T04:07:38Z" user="GanDhi" uid="253506" lat="40.0030340" lon="116.1972822"/>
 <node id="898559190" visible="true" version="1" changeset="5694379" timestamp="2010-09-06T04:07:38Z" user="GanDhi" uid="253506" lat="40.0028449" lon="116.1971534"/>
 <node id="898559191" visible="true" version="1" changeset="5694379" timestamp="2010-09-06T04:07:38Z" user="GanDhi" uid="253506" lat="40.0026477" lon="116.1969281"/>
 <node id="898559193" visible="true" version="1" changeset="5694379" timestamp="2010-09-06T04:07:39Z" user="GanDhi" uid="253506" lat="40.0023847" lon="116.1968852"/>
 <node id="898559194" visible="true" version="1" changeset="5694379" timestamp="2010-09-06T04:07:39Z" user="GanDhi" uid="253506" lat="40.0021053" lon="116.1969174"/>
 <node id="898559198" visible="true" version="1" changeset="5694379" timestamp="2010-09-06T04:07:39Z" user="GanDhi" uid="253506" lat="40.0018998" lon="116.1971534"/>
 <node id="898559200" visible="true" version="1" changeset="5694379" timestamp="2010-09-06T04:07:39Z" user="GanDhi" uid="253506" lat="40.0017930" lon="116.1974753"/>
 <node id="898559203" visible="true" version="1" changeset="5694379" timestamp="2010-09-06T04:07:39Z" user="GanDhi" uid="253506" lat="40.0017519" lon="116.1980117"/>
 <node id="898559205" visible="true" version="1" changeset="5694379" timestamp="2010-09-06T04:07:39Z" user="GanDhi" uid="253506" lat="40.0017354" lon="116.1983014"/>
 <node id="898559208" visible="true" version="2" changeset="119815877" timestamp="2022-04-17T13:00:29Z" user="cqrCpf7Ce_A7" uid="3620913" lat="40.0016558" lon="116.1984624"/>
 <node id="898559210" visible="true" version="1" changeset="5694379" timestamp="2010-09-06T04:07:39Z" user="GanDhi" uid="253506" lat="40.0016039" lon="116.1985482"/>
 <node id="898559213" visible="true" version="2" changeset="53004776" timestamp="2017-10-17T08:45:55Z" user="Popolon" uid="27454" lat="40.0013542" lon="116.1987528"/>
 <node id="898625353" visible="true" version="4" changeset="62716958" timestamp="2018-09-19T05:26:26Z" user="ctboss" uid="7612177" lat="39.9911428" lon="116.1943161">
  <tag k="man_made" v="surveillance"/>
  <tag k="surveillance:type" v="camera"/>
 </node>
 <node id="898625354" visible="true" version="2" changeset="5740970" timestamp="2010-09-10T12:51:20Z" user="GanDhi" uid="253506" lat="39.9908261" lon="116.1933843"/>
 <node id="898625355" visible="true" version="4" changeset="53004776" timestamp="2017-10-17T08:45:53Z" user="Popolon" uid="27454" lat="39.9905677" lon="116.1929883"/>
 <node id="905106595" visible="true" version="1" changeset="5740970" timestamp="2010-09-10T12:51:21Z" user="GanDhi" uid="253506" lat="39.9901726" lon="116.1917207"/>
 <node id="905109417" visible="true" version="1" changeset="5740970" timestamp="2010-09-10T12:55:55Z" user="GanDhi" uid="253506" lat="39.9911505" lon="116.1945102"/>
 <node id="1288824435" visible="true" version="2" changeset="110510229" timestamp="2021-08-31T11:45:34Z" user="Zhaohan Dong" uid="12225675" lat="40.0100763" lon="116.1958334">
  <tag k="amenity" v="toilets"/>
 </node>
 <node id="1960518285" visible="true" version="3" changeset="62651885" timestamp="2018-09-17T04:56:08Z" user="ctboss" uid="7612177" lat="39.9958738" lon="116.1986904">
  <tag k="camera:mount" v="pole"/>
  <tag k="camera:type" v="panning"/>
  <tag k="man_made" v="surveillance"/>
  <tag k="surveillance" v="outdoor"/>
  <tag k="surveillance:type" v="camera"/>
 </node>
 <node id="1960518294" visible="true" version="5" changeset="64367358" timestamp="2018-11-11T06:12:03Z" user="ctboss" uid="7612177" lat="39.9959710" lon="116.1962573">
  <tag k="camera:mount" v="pole"/>
  <tag k="camera:type" v="panning"/>
  <tag k="man_made" v="surveillance"/>
  <tag k="surveillance" v="outdoor"/>
  <tag k="surveillance:type" v="camera"/>
 </node>
 <node id="1960524799" visible="true" version="3" changeset="94429597" timestamp="2020-11-19T10:37:35Z" user="shanhulittle" uid="11213533" lat="39.9960382" lon="116.1952387"/>
 <node id="1960525806" visible="true" version="3" changeset="63856385" timestamp="2018-10-25T06:46:08Z" user="ctboss" uid="7612177" lat="39.9970098" lon="116.1948615">
  <tag k="amenity" v="bench"/>
 </node>
 <node id="1960527768" visible="true" version="3" changeset="63856385" timestamp="2018-10-25T06:46:08Z" user="ctboss" uid="7612177" lat="39.9969939" lon="116.1918595"/>
 <node id="1960527770" visible="true" version="1" changeset="13466418" timestamp="2012-10-12T12:37:32Z" user="BeijingHiking" uid="965824" lat="39.9969764" lon="116.1868357"/>
 <node id="1960527771" visible="true" version="2" changeset="17248964" timestamp="2013-08-07T03:02:25Z" user="m17design" uid="486052" lat="39.9970343" lon="116.1862378"/>
 <node id="1960527773" visible="true" version="4" changeset="113591217" timestamp="2021-11-10T04:28:48Z" user="shanhulittle" uid="11213533" lat="39.9966991" lon="116.1929570"/>
 <node id="1960527775" visible="true" version="2" changeset="63856385" timestamp="2018-10-25T06:46:08Z" user="ctboss" uid="7612177" lat="39.9968868" lon="116.1942379">
  <tag k="amenity" v="bench"/>
 </node>
 <node id="1960527777" visible="true" version="1" changeset="13466418" timestamp="2012-10-12T12:37:32Z" user="BeijingHiking" uid="965824" lat="39.9974942" lon="116.1888152"/>
 <node id="1960527803" visible="true" version="1" changeset="13466418" timestamp="2012-10-12T12:37:33Z" user="BeijingHiking" uid="965824" lat="39.9974038" lon="116.1881339"/>
 <node id="1960527813" visible="true" version="4" changeset="128685806" timestamp="2022-11-09T12:37:06Z" user="shanhulittle" uid="11213533" lat="39.9971134" lon="116.1904531"/>
 <node id="1960527815" visible="true" version="1" changeset="13466418" timestamp="2012-10-12T12:37:33Z" user="BeijingHiking" uid="965824" lat="39.9974860" lon="116.1885470"/>
 <node id="1960527816" visible="true" version="2" changeset="53004776" timestamp="2017-10-17T08:45:54Z" user="Popolon" uid="27454" lat="39.9974404" lon="116.1892563"/>
 <node id="1960527819" visible="true" version="1" changeset="13466418" timestamp="2012-10-12T12:37:33Z" user="BeijingHiking" uid="965824" lat="39.9970258" lon="116.1873453"/>
 <node id="1960527822" visible="true" version="1" changeset="13466418" timestamp="2012-10-12T12:37:33Z" user="BeijingHiking" uid="965824" lat="39.9970046" lon="116.1864868"/>
 <node id="1960527824" visible="true" version="2" changeset="38595850" timestamp="2016-04-15T17:02:42Z" user="samely" uid="2512300" lat="39.9970928" lon="116.1876190"/>
 <node id="1960527826" visible="true" version="1" changeset="13466418" timestamp="2012-10-12T12:37:33Z" user="BeijingHiking" uid="965824" lat="39.9974696" lon="116.1882573"/>
 <node id="1960527828" visible="true" version="3" changeset="63856385" timestamp="2018-10-25T06:46:08Z" user="ctboss" uid="7612177" lat="39.9969842" lon="116.1911111"/>
 <node id="1960527831" visible="true" version="3" changeset="63856385" timestamp="2018-10-25T06:46:08Z" user="ctboss" uid="7612177" lat="39.9969083" lon="116.1923106"/>
 <node id="1960527833" visible="true" version="2" changeset="53004776" timestamp="2017-10-17T08:45:54Z" user="Popolon" uid="27454" lat="39.9973763" lon="116.1895092"/>
 <node id="1960527836" visible="true" version="1" changeset="13466418" timestamp="2012-10-12T12:37:33Z" user="BeijingHiking" uid="965824" lat="39.9971895" lon="116.1878225"/>
 <node id="1960527838" visible="true" version="2" changeset="53004776" timestamp="2017-10-17T08:45:54Z" user="Popolon" uid="27454" lat="39.9972554" lon="116.1898765"/>
 <node id="1960527843" visible="true" version="2" changeset="53004776" timestamp="2017-10-17T08:45:54Z" user="Popolon" uid="27454" lat="39.9974891" lon="116.1889372"/>
 <node id="1960527860" visible="true" version="1" changeset="13466418" timestamp="2012-10-12T12:37:33Z" user="BeijingHiking" uid="965824" lat="39.9969682" lon="116.1871093"/>
 <node id="1960539098" visible="true" version="4" changeset="128685806" timestamp="2022-11-09T12:37:06Z" user="shanhulittle" uid="11213533" lat="39.9965611" lon="116.1902502">
  <tag k="camera:mount" v="pole"/>
  <tag k="camera:type" v="panning"/>
  <tag k="man_made" v="surveillance"/>
  <tag k="surveillance" v="outdoor"/>
  <tag k="surveillance:type" v="camera"/>
 </node>
 <node id="1960539111" visible="true" version="5" changeset="128685806" timestamp="2022-11-09T12:37:06Z" user="shanhulittle" uid="11213533" lat="39.9967497" lon="116.1903083"/>
 <node id="1960539117" visible="true" version="3" changeset="128685806" timestamp="2022-11-09T12:37:06Z" user="shanhulittle" uid="11213533" lat="39.9969584" lon="116.1904239"/>
 <node id="1960539122" visible="true" version="4" changeset="128685806" timestamp="2022-11-09T12:37:06Z" user="shanhulittle" uid="11213533" lat="39.9961221" lon="116.1899137"/>
 <node id="1960539124" visible="true" version="3" changeset="63944413" timestamp="2018-10-28T08:56:14Z" user="ctboss" uid="7612177" lat="39.9963872" lon="116.1897657"/>
 <node id="1963880532" visible="true" version="2" changeset="53004776" timestamp="2017-10-17T08:45:53Z" user="Popolon" uid="27454" lat="39.9954486" lon="116.1954087">
  <tag k="amenity" v="toilets"/>
 </node>
 <node id="2123313255" visible="true" version="2" changeset="109703646" timestamp="2021-08-15T14:46:54Z" user="cqrCpf7Ce_A7" uid="3620913" lat="40.0125582" lon="116.1888628"/>
 <node id="2123313258" visible="true" version="3" changeset="160439913" timestamp="2024-12-20T16:08:32Z" user="吕明臻" uid="21273429" lat="40.0124781" lon="116.1888014"/>
 <node id="2123313260" visible="true" version="1" changeset="14740915" timestamp="2013-01-22T03:10:06Z" user="m17design" uid="486052" lat="40.0123928" lon="116.1893126"/>
 <node id="2123313261" visible="true" version="1" changeset="14740915" timestamp="2013-01-22T03:10:06Z" user="m17design" uid="486052" lat="39.9968777" lon="116.1888073"/>
 <node id="2123313263" visible="true" version="1" changeset="14740915" timestamp="2013-01-22T03:10:06Z" user="m17design" uid="486052" lat="40.0119599" lon="116.1895619"/>
 <node id="2123313264" visible="true" version="1" changeset="14740915" timestamp="2013-01-22T03:10:06Z" user="m17design" uid="486052" lat="40.0121284" lon="116.1895496"/>
 <node id="2123313265" visible="true" version="3" changeset="110510229" timestamp="2021-08-31T11:45:34Z" user="Zhaohan Dong" uid="12225675" lat="39.9968097" lon="116.1900651"/>
 <node id="2123313267" visible="true" version="1" changeset="14740915" timestamp="2013-01-22T03:10:06Z" user="m17design" uid="486052" lat="40.0122509" lon="116.1896024"/>
 <node id="2123313268" visible="true" version="3" changeset="160439913" timestamp="2024-12-20T16:08:32Z" user="吕明臻" uid="21273429" lat="40.0124306" lon="116.1891769"/>
 <node id="2123313270" visible="true" version="3" changeset="160439913" timestamp="2024-12-20T16:08:32Z" user="吕明臻" uid="21273429" lat="40.0124817" lon="116.1890888"/>
 <node id="2123313273" visible="true" version="1" changeset="14740915" timestamp="2013-01-22T03:10:06Z" user="m17design" uid="486052" lat="39.9967931" lon="116.1898447"/>
 <node id="2123313276" visible="true" version="1" changeset="14740915" timestamp="2013-01-22T03:10:07Z" user="m17design" uid="486052" lat="39.9969370" lon="116.1886458"/>
 <node id="2123313277" visible="true" version="1" changeset="14740915" timestamp="2013-01-22T03:10:07Z" user="m17design" uid="486052" lat="40.0123482" lon="116.1892542"/>
 <node id="2123313280" visible="true" version="1" changeset="14740915" timestamp="2013-01-22T03:10:07Z" user="m17design" uid="486052" lat="39.9970914" lon="116.1878013"/>
 <node id="2123313287" visible="true" version="2" changeset="111691776" timestamp="2021-09-25T15:10:42Z" user="cqrCpf7Ce_A7" uid="3620913" lat="40.0108632" lon="116.1934994"/>
 <node id="2123313291" visible="true" version="1" changeset="14740915" timestamp="2013-01-22T03:10:07Z" user="m17design" uid="486052" lat="40.0109965" lon="116.1933060"/>
 <node id="2123313303" visible="true" version="2" changeset="109703646" timestamp="2021-08-15T14:46:54Z" user="cqrCpf7Ce_A7" uid="3620913" lat="40.0125125" lon="116.1889748"/>
 <node id="2123313307" visible="true" version="2" changeset="109703646" timestamp="2021-08-15T14:46:54Z" user="cqrCpf7Ce_A7" uid="3620913" lat="40.0112150" lon="116.1931176"/>
 <node id="2123313309" visible="true" version="3" changeset="94429597" timestamp="2020-11-19T10:37:35Z" user="shanhulittle" uid="11213533" lat="39.9938815" lon="116.1941958"/>
 <node id="2123313312" visible="true" version="2" changeset="109703646" timestamp="2021-08-15T14:46:54Z" user="cqrCpf7Ce_A7" uid="3620913" lat="40.0113028" lon="116.1929824"/>
 <node id="2123313313" visible="true" version="2" changeset="109703646" timestamp="2021-08-15T14:46:54Z" user="cqrCpf7Ce_A7" uid="3620913" lat="40.0113474" lon="116.1927445"/>
 <node id="2123313314" visible="true" version="2" changeset="109703646" timestamp="2021-08-15T14:46:54Z" user="cqrCpf7Ce_A7" uid="3620913" lat="40.0113918" lon="116.1919490"/>
 <node id="2123313316" visible="true" version="2" changeset="109703646" timestamp="2021-08-15T14:46:54Z" user="cqrCpf7Ce_A7" uid="3620913" lat="40.0114047" lon="116.1917716"/>
 <node id="2123313317" visible="true" version="1" changeset="14740915" timestamp="2013-01-22T03:10:07Z" user="m17design" uid="486052" lat="40.0115439" lon="116.1910422"/>
 <node id="2123313335" visible="true" version="1" changeset="14740915" timestamp="2013-01-22T03:10:08Z" user="m17design" uid="486052" lat="40.0076275" lon="116.1974171"/>
 <node id="2123313336" visible="true" version="1" changeset="14740915" timestamp="2013-01-22T03:10:08Z" user="m17design" uid="486052" lat="40.0072782" lon="116.1975432"/>
 <node id="2123313338" visible="true" version="1" changeset="14740915" timestamp="2013-01-22T03:10:08Z" user="m17design" uid="486052" lat="40.0073912" lon="116.1974842"/>
 <node id="2123313340" visible="true" version="2" changeset="160439913" timestamp="2024-12-20T16:08:32Z" user="吕明臻" uid="21273429" lat="40.0125614" lon="116.1885707"/>
 <node id="2123313342" visible="true" version="1" changeset="14740915" timestamp="2013-01-22T03:10:08Z" user="m17design" uid="486052" lat="40.0080938" lon="116.1971757"/>
 <node id="2123313344" visible="true" version="1" changeset="14740915" timestamp="2013-01-22T03:10:08Z" user="m17design" uid="486052" lat="40.0078432" lon="116.1973179"/>
 <node id="2123313347" visible="true" version="1" changeset="14740915" timestamp="2013-01-22T03:10:08Z" user="m17design" uid="486052" lat="40.0079562" lon="116.1972777"/>
 <node id="2123313348" visible="true" version="1" changeset="14740915" timestamp="2013-01-22T03:10:08Z" user="m17design" uid="486052" lat="40.0082233" lon="116.1970443"/>
 <node id="2123313352" visible="true" version="2" changeset="109703646" timestamp="2021-08-15T14:46:54Z" user="cqrCpf7Ce_A7" uid="3620913" lat="40.0116169" lon="116.1906801"/>
 <node id="2123313353" visible="true" version="2" changeset="160439913" timestamp="2024-12-20T16:08:32Z" user="吕明臻" uid="21273429" lat="40.0123760" lon="116.1894408"/>
 <node id="2123313354" visible="true" version="2" changeset="109703646" timestamp="2021-08-15T14:46:54Z" user="cqrCpf7Ce_A7" uid="3620913" lat="40.0114418" lon="116.1916420"/>
 <node id="2123313355" visible="true" version="2" changeset="109703646" timestamp="2021-08-15T14:46:54Z" user="cqrCpf7Ce_A7" uid="3620913" lat="40.0113738" lon="116.1925910"/>
 <node id="2123313356" visible="true" version="1" changeset="14740915" timestamp="2013-01-22T03:10:08Z" user="m17design" uid="486052" lat="39.9968407" lon="116.1893115"/>
 <node id="2123313357" visible="true" version="2" changeset="160439913" timestamp="2024-12-20T16:08:32Z" user="吕明臻" uid="21273429" lat="40.0123294" lon="116.1894909"/>
 <node id="2123313358" visible="true" version="2" changeset="110510229" timestamp="2021-08-31T11:45:34Z" user="Zhaohan Dong" uid="12225675" lat="39.9967974" lon="116.1893771"/>
 <node id="2123313359" visible="true" version="1" changeset="14740915" timestamp="2013-01-22T03:10:08Z" user="m17design" uid="486052" lat="40.0143283" lon="116.1875547"/>
 <node id="2123313361" visible="true" version="2" changeset="109703646" timestamp="2021-08-15T14:46:54Z" user="cqrCpf7Ce_A7" uid="3620913" lat="40.0123473" lon="116.1891643"/>
 <node id="2123313364" visible="true" version="1" changeset="14740915" timestamp="2013-01-22T03:10:08Z" user="m17design" uid="486052" lat="39.9970256" lon="116.1882654"/>
 <node id="2123313365" visible="true" version="2" changeset="109703646" timestamp="2021-08-15T14:46:54Z" user="cqrCpf7Ce_A7" uid="3620913" lat="40.0124222" lon="116.1893951"/>
 <node id="2123313367" visible="true" version="1" changeset="14740915" timestamp="2013-01-22T03:10:08Z" user="m17design" uid="486052" lat="39.9968466" lon="116.1891286"/>
 <node id="2123313370" visible="true" version="2" changeset="109703646" timestamp="2021-08-15T14:46:54Z" user="cqrCpf7Ce_A7" uid="3620913" lat="40.0123453" lon="116.1892017"/>
 <node id="2123313377" visible="true" version="1" changeset="14740915" timestamp="2013-01-22T03:10:08Z" user="m17design" uid="486052" lat="40.0086177" lon="116.1967600"/>
 <node id="2123313378" visible="true" version="2" changeset="109723753" timestamp="2021-08-16T04:45:32Z" user="cqrCpf7Ce_A7" uid="3620913" lat="40.0088339" lon="116.1964188"/>
 <node id="2123313379" visible="true" version="1" changeset="14740915" timestamp="2013-01-22T03:10:08Z" user="m17design" uid="486052" lat="40.0085150" lon="116.1968405"/>
 <node id="2123313380" visible="true" version="1" changeset="14740915" timestamp="2013-01-22T03:10:08Z" user="m17design" uid="486052" lat="40.0087469" lon="116.1966334"/>
 <node id="2123313381" visible="true" version="3" changeset="109723753" timestamp="2021-08-16T04:45:32Z" user="cqrCpf7Ce_A7" uid="3620913" lat="40.0089267" lon="116.1962341"/>
 <node id="2123313383" visible="true" version="2" changeset="109723753" timestamp="2021-08-16T04:45:32Z" user="cqrCpf7Ce_A7" uid="3620913" lat="40.0091981" lon="116.1959912"/>
 <node id="2123313384" visible="true" version="2" changeset="109723753" timestamp="2021-08-16T04:45:32Z" user="cqrCpf7Ce_A7" uid="3620913" lat="40.0094043" lon="116.1958941"/>
 <node id="2123313385" visible="true" version="1" changeset="14740915" timestamp="2013-01-22T03:10:09Z" user="m17design" uid="486052" lat="40.0083812" lon="116.1969204"/>
 <node id="2123313386" visible="true" version="2" changeset="63075321" timestamp="2018-09-30T20:31:20Z" user="a828245" uid="8582861" lat="40.0090709" lon="116.1960653"/>
 <node id="2123313389" visible="true" version="1" changeset="14740915" timestamp="2013-01-22T03:10:09Z" user="m17design" uid="486052" lat="39.9967832" lon="116.1895636"/>
 <node id="2123313394" visible="true" version="2" changeset="111691776" timestamp="2021-09-25T15:10:42Z" user="cqrCpf7Ce_A7" uid="3620913" lat="40.0097810" lon="116.1957548"/>
 <node id="2123313396" visible="true" version="2" changeset="111691776" timestamp="2021-09-25T15:10:42Z" user="cqrCpf7Ce_A7" uid="3620913" lat="40.0106344" lon="116.1946003"/>
 <node id="2123313397" visible="true" version="2" changeset="111691776" timestamp="2021-09-25T15:10:42Z" user="cqrCpf7Ce_A7" uid="3620913" lat="40.0101728" lon="116.1953005"/>
 <node id="2123313398" visible="true" version="2" changeset="109703646" timestamp="2021-08-15T14:46:54Z" user="cqrCpf7Ce_A7" uid="3620913" lat="40.0123010" lon="116.1895825"/>
 <node id="2123313399" visible="true" version="2" changeset="111691776" timestamp="2021-09-25T15:10:42Z" user="cqrCpf7Ce_A7" uid="3620913" lat="40.0100481" lon="116.1953958"/>
 <node id="2123313400" visible="true" version="1" changeset="14740915" timestamp="2013-01-22T03:10:09Z" user="m17design" uid="486052" lat="39.9938334" lon="116.1962610"/>
 <node id="2123313401" visible="true" version="2" changeset="111691776" timestamp="2021-09-25T15:10:42Z" user="cqrCpf7Ce_A7" uid="3620913" lat="40.0105195" lon="116.1949168"/>
 <node id="2123313408" visible="true" version="1" changeset="14740915" timestamp="2013-01-22T03:10:09Z" user="m17design" uid="486052" lat="40.0101895" lon="116.1955812"/>
 <node id="2123313415" visible="true" version="1" changeset="14740915" timestamp="2013-01-22T03:10:09Z" user="m17design" uid="486052" lat="40.0104071" lon="116.1952419"/>
 <node id="2123313432" visible="true" version="1" changeset="14740915" timestamp="2013-01-22T03:10:09Z" user="m17design" uid="486052" lat="40.0103029" lon="116.1954284"/>
 <node id="2123313434" visible="true" version="2" changeset="109723753" timestamp="2021-08-16T04:45:32Z" user="cqrCpf7Ce_A7" uid="3620913" lat="40.0099223" lon="116.1958278"/>
 <node id="2123313438" visible="true" version="2" changeset="109723753" timestamp="2021-08-16T04:45:32Z" user="cqrCpf7Ce_A7" uid="3620913" lat="40.0100683" lon="116.1957607"/>
 <node id="2123313439" visible="true" version="3" changeset="109723753" timestamp="2021-08-16T04:45:32Z" user="cqrCpf7Ce_A7" uid="3620913" lat="40.0097686" lon="116.1959616"/>
 <node id="2123313458" visible="true" version="1" changeset="14740915" timestamp="2013-01-22T03:10:10Z" user="m17design" uid="486052" lat="40.0141812" lon="116.1875150"/>
 <node id="2123313460" visible="true" version="1" changeset="14740915" timestamp="2013-01-22T03:10:10Z" user="m17design" uid="486052" lat="40.0094819" lon="116.1925146"/>
 <node id="2123313465" visible="true" version="2" changeset="111691776" timestamp="2021-09-25T15:10:42Z" user="cqrCpf7Ce_A7" uid="3620913" lat="40.0106682" lon="116.1946618"/>
 <node id="2123313467" visible="true" version="2" changeset="111691776" timestamp="2021-09-25T15:10:42Z" user="cqrCpf7Ce_A7" uid="3620913" lat="40.0107354" lon="116.1947719"/>
 <node id="2123313470" visible="true" version="1" changeset="14740915" timestamp="2013-01-22T03:10:10Z" user="m17design" uid="486052" lat="40.0107042" lon="116.1949526"/>
 <node id="2123313473" visible="true" version="1" changeset="14740915" timestamp="2013-01-22T03:10:10Z" user="m17design" uid="486052" lat="40.0105448" lon="116.1951534"/>
 <node id="2123313481" visible="true" version="1" changeset="14740915" timestamp="2013-01-22T03:10:10Z" user="m17design" uid="486052" lat="40.0095242" lon="116.1930540"/>
 <node id="2123313484" visible="true" version="1" changeset="14740915" timestamp="2013-01-22T03:10:10Z" user="m17design" uid="486052" lat="40.0094614" lon="116.1928754"/>
 <node id="2123313488" visible="true" version="1" changeset="14740915" timestamp="2013-01-22T03:10:10Z" user="m17design" uid="486052" lat="40.0094151" lon="116.1926355"/>
 <node id="2123313490" visible="true" version="4" changeset="104399965" timestamp="2021-05-09T15:02:11Z" user="shanhulittle" uid="11213533" lat="39.9940150" lon="116.1898904">
  <tag k="man_made" v="surveillance"/>
  <tag k="surveillance:type" v="camera"/>
 </node>
 <node id="2123313494" visible="true" version="2" changeset="111691776" timestamp="2021-09-25T15:10:42Z" user="cqrCpf7Ce_A7" uid="3620913" lat="40.0106234" lon="116.1939471"/>
 <node id="2123313503" visible="true" version="1" changeset="14740915" timestamp="2013-01-22T03:10:10Z" user="m17design" uid="486052" lat="40.0071603" lon="116.1976528"/>
 <node id="2123313507" visible="true" version="2" changeset="111691776" timestamp="2021-09-25T15:10:42Z" user="cqrCpf7Ce_A7" uid="3620913" lat="40.0105865" lon="116.1945128"/>
 <node id="2123313509" visible="true" version="2" changeset="111691776" timestamp="2021-09-25T15:10:42Z" user="cqrCpf7Ce_A7" uid="3620913" lat="40.0106970" lon="116.1937482"/>
 <node id="2123313531" visible="true" version="1" changeset="14740915" timestamp="2013-01-22T03:10:10Z" user="m17design" uid="486052" lat="40.0099860" lon="116.1959634"/>
 <node id="2123313532" visible="true" version="2" changeset="109723753" timestamp="2021-08-16T04:45:32Z" user="cqrCpf7Ce_A7" uid="3620913" lat="40.0095829" lon="116.1958732"/>
 <node id="2123313534" visible="true" version="1" changeset="14740915" timestamp="2013-01-22T03:10:10Z" user="m17design" uid="486052" lat="40.0101400" lon="116.1959822"/>
 <node id="2123313535" visible="true" version="2" changeset="109723753" timestamp="2021-08-16T04:45:32Z" user="cqrCpf7Ce_A7" uid="3620913" lat="40.0102573" lon="116.1959639"/>
 <node id="2123313538" visible="true" version="2" changeset="109723753" timestamp="2021-08-16T04:45:32Z" user="cqrCpf7Ce_A7" uid="3620913" lat="40.0104282" lon="116.1958654"/>
 <node id="2123313540" visible="true" version="2" changeset="109703646" timestamp="2021-08-15T14:46:54Z" user="cqrCpf7Ce_A7" uid="3620913" lat="40.0125951" lon="116.1884284"/>
 <node id="2123313547" visible="true" version="1" changeset="14740915" timestamp="2013-01-22T03:10:10Z" user="m17design" uid="486052" lat="40.0127590" lon="116.1883074"/>
 <node id="2123313549" visible="true" version="2" changeset="63075321" timestamp="2018-09-30T20:31:20Z" user="a828245" uid="8582861" lat="40.0084478" lon="116.1968806"/>
 <node id="2123313556" visible="true" version="3" changeset="115154318" timestamp="2021-12-20T08:41:41Z" user="cqrCpf7Ce_A7" uid="3620913" lat="40.0082887" lon="116.1966663"/>
 <node id="2123313558" visible="true" version="2" changeset="89626956" timestamp="2020-08-19T10:26:58Z" user="Kittatinny" uid="10074538" lat="40.0082890" lon="116.1965581"/>
 <node id="2123313560" visible="true" version="2" changeset="111691776" timestamp="2021-09-25T15:10:42Z" user="cqrCpf7Ce_A7" uid="3620913" lat="40.0087743" lon="116.1960845"/>
 <node id="2123313562" visible="true" version="3" changeset="120452070" timestamp="2022-05-02T09:27:11Z" user="cqrCpf7Ce_A7" uid="3620913" lat="40.0093894" lon="116.1957462"/>
 <node id="2123313564" visible="true" version="2" changeset="111691776" timestamp="2021-09-25T15:10:42Z" user="cqrCpf7Ce_A7" uid="3620913" lat="40.0091727" lon="116.1957486"/>
 <node id="2123313567" visible="true" version="2" changeset="111691776" timestamp="2021-09-25T15:10:42Z" user="cqrCpf7Ce_A7" uid="3620913" lat="40.0090427" lon="116.1959213"/>
 <node id="2123313569" visible="true" version="2" changeset="111691776" timestamp="2021-09-25T15:10:42Z" user="cqrCpf7Ce_A7" uid="3620913" lat="40.0089128" lon="116.1960464"/>
 <node id="2344078353" visible="true" version="2" changeset="94429597" timestamp="2020-11-19T10:37:35Z" user="shanhulittle" uid="11213533" lat="39.9916897" lon="116.1929351"/>
 <node id="2344078354" visible="true" version="2" changeset="94429597" timestamp="2020-11-19T10:37:35Z" user="shanhulittle" uid="11213533" lat="39.9912401" lon="116.1930544"/>
 <node id="2344078355" visible="true" version="1" changeset="16545991" timestamp="2013-06-14T06:25:30Z" user="Jonathan ZHAO" uid="837425" lat="39.9909701" lon="116.1933313"/>
 <node id="2344078356" visible="true" version="1" changeset="16545991" timestamp="2013-06-14T06:25:30Z" user="Jonathan ZHAO" uid="837425" lat="39.9910449" lon="116.1936504"/>
 <node id="2344078357" visible="true" version="1" changeset="16545991" timestamp="2013-06-14T06:25:30Z" user="Jonathan ZHAO" uid="837425" lat="39.9912945" lon="116.1935527"/>
 <node id="2344078358" visible="true" version="1" changeset="16545991" timestamp="2013-06-14T06:25:30Z" user="Jonathan ZHAO" uid="837425" lat="39.9914142" lon="116.1941520"/>
 <node id="2344078359" visible="true" version="1" changeset="16545991" timestamp="2013-06-14T06:25:30Z" user="Jonathan ZHAO" uid="837425" lat="39.9917935" lon="116.1940608"/>
 <node id="2344078371" visible="true" version="3" changeset="94429597" timestamp="2020-11-19T10:37:35Z" user="shanhulittle" uid="11213533" lat="39.9914295" lon="116.1918686"/>
 <node id="2344078372" visible="true" version="3" changeset="94429597" timestamp="2020-11-19T10:37:35Z" user="shanhulittle" uid="11213533" lat="39.9906849" lon="116.1921045"/>
 <node id="2344078373" visible="true" version="2" changeset="94429597" timestamp="2020-11-19T10:37:35Z" user="shanhulittle" uid="11213533" lat="39.9907423" lon="116.1923651"/>
 <node id="2344078374" visible="true" version="2" changeset="94429597" timestamp="2020-11-19T10:37:35Z" user="shanhulittle" uid="11213533" lat="39.9911061" lon="116.1929822"/>
 <node id="2344089986" visible="true" version="2" changeset="89626811" timestamp="2020-08-19T10:24:57Z" user="Kittatinny" uid="10074538" lat="40.0087429" lon="116.1962855"/>
 <node id="2345030062" visible="true" version="1" changeset="16557387" timestamp="2013-06-14T23:24:46Z" user="Jonathan ZHAO" uid="837425" lat="40.0070183" lon="116.2003063"/>
 <node id="2345030068" visible="true" version="1" changeset="16557387" timestamp="2013-06-14T23:24:46Z" user="Jonathan ZHAO" uid="837425" lat="40.0070061" lon="116.2023742"/>
 <node id="2345154743" visible="true" version="2" changeset="120586786" timestamp="2022-05-05T12:21:05Z" user="cqrCpf7Ce_A7" uid="3620913" lat="39.9940455" lon="116.1956150"/>
 <node id="2345154744" visible="true" version="2" changeset="120586786" timestamp="2022-05-05T12:21:05Z" user="cqrCpf7Ce_A7" uid="3620913" lat="39.9939469" lon="116.1956125"/>
 <node id="2345154745" visible="true" version="2" changeset="120586786" timestamp="2022-05-05T12:21:05Z" user="cqrCpf7Ce_A7" uid="3620913" lat="39.9939420" lon="116.1959474"/>
 <node id="2345154746" visible="true" version="2" changeset="120586786" timestamp="2022-05-05T12:21:05Z" user="cqrCpf7Ce_A7" uid="3620913" lat="39.9940406" lon="116.1959499"/>
 <node id="2345157853" visible="true" version="3" changeset="63719911" timestamp="2018-10-21T06:58:30Z" user="ctboss" uid="7612177" lat="39.9948643" lon="116.1913571">
  <tag k="camera:mount" v="pole"/>
  <tag k="camera:type" v="dome"/>
  <tag k="man_made" v="surveillance"/>
  <tag k="surveillance" v="outdoor"/>
  <tag k="surveillance:type" v="camera"/>
 </node>
 <node id="2345157854" visible="true" version="5" changeset="94429597" timestamp="2020-11-19T10:37:35Z" user="shanhulittle" uid="11213533" lat="39.9941856" lon="116.1914004"/>
 <node id="3317985370" visible="true" version="3" changeset="118726125" timestamp="2022-03-21T09:16:48Z" user="cqrCpf7Ce_A7" uid="3620913" lat="40.0031976" lon="116.1908946">
  <tag k="ele" v="298.5"/>
  <tag k="name" v="万花山"/>
  <tag k="natural" v="peak"/>
 </node>
 <node id="3335317303" visible="true" version="2" changeset="53004776" timestamp="2017-10-17T08:45:53Z" user="Popolon" uid="27454" lat="39.9911532" lon="116.1914378"/>
 <node id="3335317304" visible="true" version="2" changeset="53004776" timestamp="2017-10-17T08:45:53Z" user="Popolon" uid="27454" lat="39.9908861" lon="116.1915422"/>
 <node id="3335317305" visible="true" version="2" changeset="53004776" timestamp="2017-10-17T08:45:53Z" user="Popolon" uid="27454" lat="39.9909837" lon="116.1919439"/>
 <node id="3335317306" visible="true" version="2" changeset="53004776" timestamp="2017-10-17T08:45:53Z" user="Popolon" uid="27454" lat="39.9912487" lon="116.1918386"/>
 <node id="4723494050" visible="true" version="3" changeset="118186490" timestamp="2022-03-07T08:11:29Z" user="cqrCpf7Ce_A7" uid="3620913" lat="40.0139439" lon="116.1917821"/>
 <node id="4771411340" visible="true" version="1" changeset="47387834" timestamp="2017-04-02T17:16:53Z" user="yizhiking" uid="3612116" lat="40.0072957" lon="116.1889573"/>
 <node id="4771411341" visible="true" version="1" changeset="47387834" timestamp="2017-04-02T17:16:53Z" user="yizhiking" uid="3612116" lat="40.0079691" lon="116.1894233"/>
 <node id="4771411342" visible="true" version="1" changeset="47387834" timestamp="2017-04-02T17:16:53Z" user="yizhiking" uid="3612116" lat="40.0079691" lon="116.1895199"/>
 <node id="4771411343" visible="true" version="1" changeset="47387834" timestamp="2017-04-02T17:16:53Z" user="yizhiking" uid="3612116" lat="40.0078951" lon="116.1896433"/>
 <node id="4771411344" visible="true" version="1" changeset="47387834" timestamp="2017-04-02T17:16:53Z" user="yizhiking" uid="3612116" lat="40.0078951" lon="116.1897774"/>
 <node id="4771411345" visible="true" version="1" changeset="47387834" timestamp="2017-04-02T17:16:53Z" user="yizhiking" uid="3612116" lat="40.0078253" lon="116.1899437"/>
 <node id="4771411346" visible="true" version="1" changeset="47387834" timestamp="2017-04-02T17:16:53Z" user="yizhiking" uid="3612116" lat="40.0077924" lon="116.1900242"/>
 <node id="4771411347" visible="true" version="1" changeset="47387834" timestamp="2017-04-02T17:16:53Z" user="yizhiking" uid="3612116" lat="40.0078006" lon="116.1902495"/>
 <node id="4771411348" visible="true" version="1" changeset="47387834" timestamp="2017-04-02T17:16:53Z" user="yizhiking" uid="3612116" lat="40.0078458" lon="116.1903460"/>
 <node id="4771411349" visible="true" version="1" changeset="47387834" timestamp="2017-04-02T17:16:53Z" user="yizhiking" uid="3612116" lat="40.0078951" lon="116.1904104"/>
 <node id="4771411350" visible="true" version="1" changeset="47387834" timestamp="2017-04-02T17:16:53Z" user="yizhiking" uid="3612116" lat="40.0079650" lon="116.1905231"/>
 <node id="4771411351" visible="true" version="1" changeset="47387834" timestamp="2017-04-02T17:16:53Z" user="yizhiking" uid="3612116" lat="40.0080677" lon="116.1905874"/>
 <node id="4771411352" visible="true" version="1" changeset="47387834" timestamp="2017-04-02T17:16:53Z" user="yizhiking" uid="3612116" lat="40.0080882" lon="116.1906518"/>
 <node id="4771411353" visible="true" version="1" changeset="47387834" timestamp="2017-04-02T17:16:53Z" user="yizhiking" uid="3612116" lat="40.0080636" lon="116.1906840"/>
 <node id="4771411354" visible="true" version="1" changeset="47387834" timestamp="2017-04-02T17:16:53Z" user="yizhiking" uid="3612116" lat="40.0080964" lon="116.1908020"/>
 <node id="4771411355" visible="true" version="1" changeset="47387834" timestamp="2017-04-02T17:16:53Z" user="yizhiking" uid="3612116" lat="40.0081088" lon="116.1908878"/>
 <node id="4771411356" visible="true" version="1" changeset="47387834" timestamp="2017-04-02T17:16:53Z" user="yizhiking" uid="3612116" lat="40.0081416" lon="116.1909898"/>
 <node id="4771411357" visible="true" version="1" changeset="47387834" timestamp="2017-04-02T17:16:53Z" user="yizhiking" uid="3612116" lat="40.0082731" lon="116.1910380"/>
 <node id="4771411358" visible="true" version="1" changeset="47387834" timestamp="2017-04-02T17:16:53Z" user="yizhiking" uid="3612116" lat="40.0083512" lon="116.1910219"/>
 <node id="4771411359" visible="true" version="2" changeset="109723753" timestamp="2021-08-16T04:45:32Z" user="cqrCpf7Ce_A7" uid="3620913" lat="40.0084000" lon="116.1910593"/>
 <node id="4771411360" visible="true" version="2" changeset="109723753" timestamp="2021-08-16T04:45:32Z" user="cqrCpf7Ce_A7" uid="3620913" lat="40.0084948" lon="116.1910752"/>
 <node id="4771411363" visible="true" version="2" changeset="120452070" timestamp="2022-05-02T09:27:11Z" user="cqrCpf7Ce_A7" uid="3620913" lat="40.0084288" lon="116.1949980"/>
 <node id="4771411364" visible="true" version="2" changeset="120452070" timestamp="2022-05-02T09:27:11Z" user="cqrCpf7Ce_A7" uid="3620913" lat="40.0084127" lon="116.1952113"/>
 <node id="4771411365" visible="true" version="1" changeset="47387834" timestamp="2017-04-02T17:16:53Z" user="yizhiking" uid="3612116" lat="40.0083800" lon="116.1952813"/>
 <node id="4771411366" visible="true" version="2" changeset="120452070" timestamp="2022-05-02T09:27:11Z" user="cqrCpf7Ce_A7" uid="3620913" lat="40.0083745" lon="116.1953717"/>
 <node id="4771411367" visible="true" version="1" changeset="47387834" timestamp="2017-04-02T17:16:53Z" user="yizhiking" uid="3612116" lat="40.0084046" lon="116.1955281"/>
 <node id="4771411368" visible="true" version="2" changeset="120452070" timestamp="2022-05-02T09:27:11Z" user="cqrCpf7Ce_A7" uid="3620913" lat="40.0083819" lon="116.1956622"/>
 <node id="4771411369" visible="true" version="2" changeset="120452070" timestamp="2022-05-02T09:27:11Z" user="cqrCpf7Ce_A7" uid="3620913" lat="40.0083949" lon="116.1957513"/>
 <node id="4771411370" visible="true" version="1" changeset="47387834" timestamp="2017-04-02T17:16:53Z" user="yizhiking" uid="3612116" lat="40.0083759" lon="116.1958767"/>
 <node id="4771411371" visible="true" version="1" changeset="47387834" timestamp="2017-04-02T17:16:53Z" user="yizhiking" uid="3612116" lat="40.0084252" lon="116.1959626"/>
 <node id="4771411372" visible="true" version="1" changeset="47387834" timestamp="2017-04-02T17:16:53Z" user="yizhiking" uid="3612116" lat="40.0084087" lon="116.1961289"/>
 <node id="4771411373" visible="true" version="1" changeset="47387834" timestamp="2017-04-02T17:16:53Z" user="yizhiking" uid="3612116" lat="40.0083594" lon="116.1962469"/>
 <node id="4771411374" visible="true" version="1" changeset="47387834" timestamp="2017-04-02T17:16:53Z" user="yizhiking" uid="3612116" lat="40.0083471" lon="116.1963595"/>
 <node id="4771411375" visible="true" version="1" changeset="47387834" timestamp="2017-04-02T17:16:53Z" user="yizhiking" uid="3612116" lat="40.0083482" lon="116.1964633"/>
 <node id="5172603781" visible="true" version="1" changeset="53004776" timestamp="2017-10-17T08:45:52Z" user="Popolon" uid="27454" lat="39.9950827" lon="116.1954367"/>
 <node id="5172603782" visible="true" version="1" changeset="53004776" timestamp="2017-10-17T08:45:52Z" user="Popolon" uid="27454" lat="39.9954328" lon="116.1949250"/>
 <node id="5172603783" visible="true" version="3" changeset="94429597" timestamp="2020-11-19T10:37:35Z" user="shanhulittle" uid="11213533" lat="39.9953992" lon="116.1933734"/>
 <node id="5172603784" visible="true" version="1" changeset="53004776" timestamp="2017-10-17T08:45:52Z" user="Popolon" uid="27454" lat="39.9950906" lon="116.1927896"/>
 <node id="5172603785" visible="true" version="1" changeset="53004776" timestamp="2017-10-17T08:45:52Z" user="Popolon" uid="27454" lat="39.9946587" lon="116.1908239"/>
 <node id="5172603786" visible="true" version="1" changeset="53004776" timestamp="2017-10-17T08:45:52Z" user="Popolon" uid="27454" lat="39.9946375" lon="116.1900398"/>
 <node id="5172603793" visible="true" version="2" changeset="63719833" timestamp="2018-10-21T06:51:14Z" user="ctboss" uid="7612177" lat="39.9962868" lon="116.1944678"/>
 <node id="5172603795" visible="true" version="1" changeset="53004776" timestamp="2017-10-17T08:45:53Z" user="Popolon" uid="27454" lat="39.9960671" lon="116.1935594"/>
 <node id="5172603798" visible="true" version="1" changeset="53004776" timestamp="2017-10-17T08:45:53Z" user="Popolon" uid="27454" lat="39.9957526" lon="116.1910165"/>
 <node id="5172603799" visible="true" version="1" changeset="53004776" timestamp="2017-10-17T08:45:53Z" user="Popolon" uid="27454" lat="39.9956840" lon="116.1909840"/>
 <node id="5172603800" visible="true" version="1" changeset="53004776" timestamp="2017-10-17T08:45:53Z" user="Popolon" uid="27454" lat="39.9956327" lon="116.1910043"/>
 <node id="5172610157" visible="true" version="1" changeset="53004894" timestamp="2017-10-17T08:51:06Z" user="Popolon" uid="27454" lat="39.9958431" lon="116.1988356"/>
 <node id="5172610160" visible="true" version="1" changeset="53004894" timestamp="2017-10-17T08:51:06Z" user="Popolon" uid="27454" lat="39.9957814" lon="116.1989462"/>
 <node id="5172612698" visible="true" version="1" changeset="53004972" timestamp="2017-10-17T08:54:32Z" user="Popolon" uid="27454" lat="39.9976724" lon="116.1934165"/>
 <node id="5172612699" visible="true" version="1" changeset="53004972" timestamp="2017-10-17T08:54:32Z" user="Popolon" uid="27454" lat="39.9977211" lon="116.1937902"/>
 <node id="5172612700" visible="true" version="1" changeset="53004972" timestamp="2017-10-17T08:54:32Z" user="Popolon" uid="27454" lat="39.9975743" lon="116.1938228"/>
 <node id="5172612701" visible="true" version="1" changeset="53004972" timestamp="2017-10-17T08:54:32Z" user="Popolon" uid="27454" lat="39.9975256" lon="116.1934491"/>
 <node id="5636247220" visible="true" version="3" changeset="59585295" timestamp="2018-06-06T01:14:47Z" user="ctboss" uid="7612177" lat="39.9907094" lon="116.1903723">
  <tag k="bicycle" v="yes"/>
  <tag k="foot" v="yes"/>
 </node>
 <node id="5636263923" visible="true" version="3" changeset="94429597" timestamp="2020-11-19T10:37:35Z" user="shanhulittle" uid="11213533" lat="39.9913185" lon="116.1918990"/>
 <node id="5645109036" visible="true" version="2" changeset="128685806" timestamp="2022-11-09T12:37:06Z" user="shanhulittle" uid="11213533" lat="39.9906007" lon="116.1921713"/>
 <node id="5645138333" visible="true" version="2" changeset="95229525" timestamp="2020-12-03T13:29:32Z" user="shanhulittle" uid="11213533" lat="39.9935492" lon="116.1921971"/>
 <node id="5645138337" visible="true" version="2" changeset="95229525" timestamp="2020-12-03T13:29:32Z" user="shanhulittle" uid="11213533" lat="39.9935717" lon="116.1927545"/>
 <node id="5645138338" visible="true" version="2" changeset="95229525" timestamp="2020-12-03T13:29:32Z" user="shanhulittle" uid="11213533" lat="39.9937545" lon="116.1924961"/>
 <node id="5645138339" visible="true" version="4" changeset="95229525" timestamp="2020-12-03T13:29:32Z" user="shanhulittle" uid="11213533" lat="39.9932857" lon="116.1921124"/>
 <node id="5645138340" visible="true" version="2" changeset="95229525" timestamp="2020-12-03T13:29:32Z" user="shanhulittle" uid="11213533" lat="39.9937613" lon="116.1922591"/>
 <node id="5645138341" visible="true" version="4" changeset="72598843" timestamp="2019-07-24T12:04:20Z" user="ctboss" uid="7612177" lat="39.9932145" lon="116.1922802">
  <tag k="addr:housenumber" v="27号院"/>
  <tag k="addr:street" v="煤厂街"/>
  <tag k="addr:unit" v="8号楼"/>
  <tag k="building" v="apartments"/>
  <tag k="building:levels" v="4"/>
 </node>
 <node id="5645138342" visible="true" version="2" changeset="95229525" timestamp="2020-12-03T13:29:32Z" user="shanhulittle" uid="11213533" lat="39.9933037" lon="116.1927835"/>
 <node id="5647636724" visible="true" version="1" changeset="59339302" timestamp="2018-05-28T12:38:15Z" user="ctboss" uid="7612177" lat="39.9932505" lon="116.1946045"/>
 <node id="5647636725" visible="true" version="3" changeset="128685806" timestamp="2022-11-09T12:37:06Z" user="shanhulittle" uid="11213533" lat="39.9922130" lon="116.1920815"/>
 <node id="5647636726" visible="true" version="2" changeset="128685806" timestamp="2022-11-09T12:37:06Z" user="shanhulittle" uid="11213533" lat="39.9935048" lon="116.1953658"/>
 <node id="5647636727" visible="true" version="2" changeset="94429597" timestamp="2020-11-19T10:37:35Z" user="shanhulittle" uid="11213533" lat="39.9938279" lon="116.1952424"/>
 <node id="5647636728" visible="true" version="2" changeset="128685806" timestamp="2022-11-09T12:37:06Z" user="shanhulittle" uid="11213533" lat="39.9934288" lon="116.1947764"/>
 <node id="5647636729" visible="true" version="2" changeset="62716958" timestamp="2018-09-19T05:26:25Z" user="ctboss" uid="7612177" lat="39.9925963" lon="116.1945933"/>
 <node id="5647636730" visible="true" version="1" changeset="59339302" timestamp="2018-05-28T12:38:15Z" user="ctboss" uid="7612177" lat="39.9937086" lon="116.1952305"/>
 <node id="5647636731" visible="true" version="2" changeset="128685806" timestamp="2022-11-09T12:37:06Z" user="shanhulittle" uid="11213533" lat="39.9932051" lon="116.1945025"/>
 <node id="5647636732" visible="true" version="1" changeset="59339302" timestamp="2018-05-28T12:38:15Z" user="ctboss" uid="7612177" lat="39.9924552" lon="116.1938628"/>
 <node id="5647636733" visible="true" version="2" changeset="128685806" timestamp="2022-11-09T12:37:06Z" user="shanhulittle" uid="11213533" lat="39.9934602" lon="116.1950129"/>
 <node id="5651112354" visible="true" version="2" changeset="62716958" timestamp="2018-09-19T05:26:26Z" user="ctboss" uid="7612177" lat="39.9919786" lon="116.1946046"/>
 <node id="5651112355" visible="true" version="3" changeset="62716958" timestamp="2018-09-19T05:26:25Z" user="ctboss" uid="7612177" lat="39.9915287" lon="116.1942611">
  <tag k="man_made" v="surveillance"/>
  <tag k="surveillance:type" v="camera"/>
 </node>
 <node id="5655210860" visible="true" version="2" changeset="60819958" timestamp="2018-07-18T05:00:44Z" user="ctboss" uid="7612177" lat="39.9930941" lon="116.1919078">
  <tag k="man_made" v="surveillance"/>
  <tag k="surveillance:type" v="camera"/>
 </node>
 <node id="5655210861" visible="true" version="1" changeset="59449022" timestamp="2018-06-01T04:25:35Z" user="ctboss" uid="7612177" lat="39.9903910" lon="116.1924503"/>
 <node id="5655210865" visible="true" version="3" changeset="94429597" timestamp="2020-11-19T10:37:35Z" user="shanhulittle" uid="11213533" lat="39.9931759" lon="116.1920592"/>
 <node id="5655210866" visible="true" version="2" changeset="95229525" timestamp="2020-12-03T13:29:32Z" user="shanhulittle" uid="11213533" lat="39.9933429" lon="116.1932640"/>
 <node id="5655210868" visible="true" version="2" changeset="128685806" timestamp="2022-11-09T12:37:06Z" user="shanhulittle" uid="11213533" lat="39.9915870" lon="116.1918566"/>
 <node id="5655210869" visible="true" version="2" changeset="60819940" timestamp="2018-07-18T04:59:42Z" user="ctboss" uid="7612177" lat="39.9928873" lon="116.1918464">
  <tag k="man_made" v="surveillance"/>
  <tag k="surveillance:type" v="camera"/>
 </node>
 <node id="5655230458" visible="true" version="1" changeset="59449078" timestamp="2018-06-01T04:30:51Z" user="ctboss" uid="7612177" lat="39.9905106" lon="116.1922712"/>
 <node id="5657718438" visible="true" version="1" changeset="59476674" timestamp="2018-06-02T04:16:28Z" user="ctboss" uid="7612177" lat="39.9908631" lon="116.1907873"/>
 <node id="5657718439" visible="true" version="2" changeset="60396921" timestamp="2018-07-04T05:11:43Z" user="ctboss" uid="7612177" lat="39.9911399" lon="116.1912699"/>
 <node id="5657718445" visible="true" version="1" changeset="59476674" timestamp="2018-06-02T04:16:28Z" user="ctboss" uid="7612177" lat="39.9909077" lon="116.1910732"/>
 <node id="5657718446" visible="true" version="1" changeset="59476674" timestamp="2018-06-02T04:16:28Z" user="ctboss" uid="7612177" lat="39.9910318" lon="116.1913046"/>
 <node id="5659854465" visible="true" version="2" changeset="94429597" timestamp="2020-11-19T10:37:35Z" user="shanhulittle" uid="11213533" lat="39.9935658" lon="116.1906689"/>
 <node id="5659854466" visible="true" version="4" changeset="94429597" timestamp="2020-11-19T10:37:35Z" user="shanhulittle" uid="11213533" lat="39.9932009" lon="116.1919265"/>
 <node id="5659854467" visible="true" version="3" changeset="94429597" timestamp="2020-11-19T10:37:35Z" user="shanhulittle" uid="11213533" lat="39.9935477" lon="116.1912876"/>
 <node id="5659854468" visible="true" version="1" changeset="59498261" timestamp="2018-06-03T03:44:39Z" user="ctboss" uid="7612177" lat="39.9942456" lon="116.1913364">
  <tag k="amenity" v="drinking_water"/>
 </node>
 <node id="5659854469" visible="true" version="2" changeset="94429597" timestamp="2020-11-19T10:37:35Z" user="shanhulittle" uid="11213533" lat="39.9938017" lon="116.1906645"/>
 <node id="5659854470" visible="true" version="3" changeset="94429597" timestamp="2020-11-19T10:37:35Z" user="shanhulittle" uid="11213533" lat="39.9933958" lon="116.1914727"/>
 <node id="5659854471" visible="true" version="1" changeset="59498261" timestamp="2018-06-03T03:44:40Z" user="ctboss" uid="7612177" lat="39.9933011" lon="116.1915908">
  <tag k="amenity" v="drinking_water"/>
 </node>
 <node id="5659854472" visible="true" version="1" changeset="59498261" timestamp="2018-06-03T03:44:40Z" user="ctboss" uid="7612177" lat="39.9937900" lon="116.1912757"/>
 <node id="5665129251" visible="true" version="2" changeset="128685806" timestamp="2022-11-09T12:37:06Z" user="shanhulittle" uid="11213533" lat="39.9938712" lon="116.1961262"/>
 <node id="5668096028" visible="true" version="1" changeset="59585106" timestamp="2018-06-06T00:54:28Z" user="ctboss" uid="7612177" lat="39.9921819" lon="116.1895774"/>
 <node id="5668096029" visible="true" version="1" changeset="59585106" timestamp="2018-06-06T00:54:28Z" user="ctboss" uid="7612177" lat="39.9918719" lon="116.1916878"/>
 <node id="5668096030" visible="true" version="2" changeset="128685806" timestamp="2022-11-09T12:37:06Z" user="shanhulittle" uid="11213533" lat="39.9917948" lon="116.1911933"/>
 <node id="5668096031" visible="true" version="2" changeset="128685806" timestamp="2022-11-09T12:37:06Z" user="shanhulittle" uid="11213533" lat="39.9920305" lon="116.1919860"/>
 <node id="5668096032" visible="true" version="1" changeset="59585106" timestamp="2018-06-06T00:54:28Z" user="ctboss" uid="7612177" lat="39.9923470" lon="116.1902768"/>
 <node id="5668096033" visible="true" version="2" changeset="128685806" timestamp="2022-11-09T12:37:06Z" user="shanhulittle" uid="11213533" lat="39.9918266" lon="116.1914128"/>
 <node id="5671101489" visible="true" version="1" changeset="59620023" timestamp="2018-06-07T04:16:39Z" user="ctboss" uid="7612177" lat="39.9917446" lon="116.1920919">
  <tag k="amenity" v="toilets"/>
 </node>
 <node id="5677236704" visible="true" version="1" changeset="59685585" timestamp="2018-06-09T07:52:06Z" user="j694936" uid="8391680" lat="40.0151013" lon="116.1858969"/>
 <node id="5681563697" visible="true" version="2" changeset="64367358" timestamp="2018-11-11T06:12:03Z" user="ctboss" uid="7612177" lat="39.9949892" lon="116.1989426">
  <tag k="power" v="transformer"/>
 </node>
 <node id="5681563700" visible="true" version="1" changeset="59734046" timestamp="2018-06-11T09:06:11Z" user="ctboss" uid="7612177" lat="39.9936745" lon="116.1964188"/>
 <node id="5681563702" visible="true" version="1" changeset="59734046" timestamp="2018-06-11T09:06:11Z" user="ctboss" uid="7612177" lat="39.9958462" lon="116.1986006"/>
 <node id="5681563703" visible="true" version="2" changeset="64367358" timestamp="2018-11-11T06:12:03Z" user="ctboss" uid="7612177" lat="39.9949630" lon="116.1986129"/>
 <node id="5698244327" visible="true" version="3" changeset="64367358" timestamp="2018-11-11T06:12:03Z" user="ctboss" uid="7612177" lat="39.9959342" lon="116.1972702">
  <tag k="camera:mount" v="pole"/>
  <tag k="camera:type" v="panning"/>
  <tag k="man_made" v="surveillance"/>
  <tag k="surveillance" v="outdoor"/>
  <tag k="surveillance:type" v="camera"/>
 </node>
 <node id="5706898030" visible="true" version="3" changeset="63073512" timestamp="2018-09-30T19:21:19Z" user="a828245" uid="8582861" lat="39.9958517" lon="116.2016451"/>
 <node id="5706898038" visible="true" version="4" changeset="63073512" timestamp="2018-09-30T19:21:19Z" user="a828245" uid="8582861" lat="39.9959962" lon="116.2027975"/>
 <node id="5707164727" visible="true" version="3" changeset="94429597" timestamp="2020-11-19T10:37:35Z" user="shanhulittle" uid="11213533" lat="39.9960911" lon="116.1948327"/>
 <node id="5707164729" visible="true" version="2" changeset="63073512" timestamp="2018-09-30T19:21:19Z" user="a828245" uid="8582861" lat="39.9959370" lon="116.1988475"/>
 <node id="5707164731" visible="true" version="3" changeset="63073512" timestamp="2018-09-30T19:21:19Z" user="a828245" uid="8582861" lat="39.9959197" lon="116.1994824"/>
 <node id="5707164734" visible="true" version="3" changeset="94429597" timestamp="2020-11-19T10:37:35Z" user="shanhulittle" uid="11213533" lat="39.9960762" lon="116.1958845"/>
 <node id="5707164735" visible="true" version="2" changeset="63073512" timestamp="2018-09-30T19:21:19Z" user="a828245" uid="8582861" lat="39.9960249" lon="116.1970150"/>
 <node id="5707164738" visible="true" version="2" changeset="63073512" timestamp="2018-09-30T19:21:19Z" user="a828245" uid="8582861" lat="39.9960533" lon="116.1964505"/>
 <node id="5707164739" visible="true" version="5" changeset="137255958" timestamp="2023-06-12T18:37:59Z" user="快乐的老鼠宝宝" uid="9403945" lat="39.9954833" lon="116.1935863">
  <tag k="access" v="yes"/>
  <tag k="entrance" v="yes"/>
 </node>
 <node id="5749084665" visible="true" version="1" changeset="60534739" timestamp="2018-07-09T10:39:47Z" user="ctboss" uid="7612177" lat="39.9927801" lon="116.1930931">
  <tag k="amenity" v="shelter"/>
 </node>
 <node id="5767305153" visible="true" version="3" changeset="137256306" timestamp="2023-06-12T18:48:41Z" user="快乐的老鼠宝宝" uid="9403945" lat="39.9924590" lon="116.1934737"/>
 <node id="5767305154" visible="true" version="3" changeset="137256306" timestamp="2023-06-12T18:48:41Z" user="快乐的老鼠宝宝" uid="9403945" lat="39.9929590" lon="116.1926554"/>
 <node id="5767305155" visible="true" version="3" changeset="137256306" timestamp="2023-06-12T18:48:41Z" user="快乐的老鼠宝宝" uid="9403945" lat="39.9924626" lon="116.1927922"/>
 <node id="5767305156" visible="true" version="3" changeset="137256306" timestamp="2023-06-12T18:48:41Z" user="快乐的老鼠宝宝" uid="9403945" lat="39.9930140" lon="116.1933457"/>
 <node id="5767305157" visible="true" version="3" changeset="137256306" timestamp="2023-06-12T18:48:41Z" user="快乐的老鼠宝宝" uid="9403945" lat="39.9923975" lon="116.1934525"/>
 <node id="5767305158" visible="true" version="3" changeset="137256306" timestamp="2023-06-12T18:48:41Z" user="快乐的老鼠宝宝" uid="9403945" lat="39.9924385" lon="116.1927070"/>
 <node id="5767305159" visible="true" version="2" changeset="137256306" timestamp="2023-06-12T18:48:41Z" user="快乐的老鼠宝宝" uid="9403945" lat="39.9928448" lon="116.1933663"/>
 <node id="5767305160" visible="true" version="2" changeset="94429597" timestamp="2020-11-19T10:37:35Z" user="shanhulittle" uid="11213533" lat="39.9923092" lon="116.1930027"/>
 <node id="5767308176" visible="true" version="1" changeset="60819940" timestamp="2018-07-18T04:59:42Z" user="ctboss" uid="7612177" lat="39.9928979" lon="116.1932483">
  <tag k="amenity" v="bench"/>
 </node>
 <node id="5769512831" visible="true" version="2" changeset="95229525" timestamp="2020-12-03T13:29:32Z" user="shanhulittle" uid="11213533" lat="39.9930390" lon="116.1921300"/>
 <node id="5769512832" visible="true" version="1" changeset="60855089" timestamp="2018-07-19T04:50:10Z" user="ctboss" uid="7612177" lat="39.9938617" lon="116.1923226"/>
 <node id="5769512833" visible="true" version="1" changeset="60855089" timestamp="2018-07-19T04:50:10Z" user="ctboss" uid="7612177" lat="39.9938076" lon="116.1925304"/>
 <node id="5769512834" visible="true" version="2" changeset="95229525" timestamp="2020-12-03T13:29:32Z" user="shanhulittle" uid="11213533" lat="39.9917189" lon="116.1930589"/>
 <node id="5769512835" visible="true" version="3" changeset="128685806" timestamp="2022-11-09T12:37:06Z" user="shanhulittle" uid="11213533" lat="39.9921575" lon="116.1921060">
  <tag k="man_made" v="surveillance"/>
  <tag k="surveillance:type" v="camera"/>
 </node>
 <node id="5769512836" visible="true" version="1" changeset="60855089" timestamp="2018-07-19T04:50:10Z" user="ctboss" uid="7612177" lat="39.9935442" lon="116.1933144"/>
 <node id="5769512837" visible="true" version="1" changeset="60855089" timestamp="2018-07-19T04:50:10Z" user="ctboss" uid="7612177" lat="39.9938246" lon="116.1922342"/>
 <node id="5769512838" visible="true" version="3" changeset="95229525" timestamp="2020-12-03T13:29:32Z" user="shanhulittle" uid="11213533" lat="39.9922904" lon="116.1929300"/>
 <node id="5769512839" visible="true" version="1" changeset="60855089" timestamp="2018-07-19T04:50:10Z" user="ctboss" uid="7612177" lat="39.9931429" lon="116.1933244"/>
 <node id="5769512840" visible="true" version="1" changeset="60855089" timestamp="2018-07-19T04:50:10Z" user="ctboss" uid="7612177" lat="39.9937129" lon="116.1927235"/>
 <node id="5769512841" visible="true" version="1" changeset="60855089" timestamp="2018-07-19T04:50:10Z" user="ctboss" uid="7612177" lat="39.9915779" lon="116.1922137"/>
 <node id="5769728503" visible="true" version="1" changeset="60859156" timestamp="2018-07-19T07:15:13Z" user="ctboss" uid="7612177" lat="39.9908799" lon="116.1935617"/>
 <node id="5769728504" visible="true" version="1" changeset="60859156" timestamp="2018-07-19T07:15:13Z" user="ctboss" uid="7612177" lat="39.9910084" lon="116.1934945"/>
 <node id="5774389430" visible="true" version="1" changeset="60923334" timestamp="2018-07-21T05:15:17Z" user="ctboss" uid="7612177" lat="39.9940819" lon="116.1893779">
  <tag k="man_made" v="surveillance"/>
  <tag k="surveillance:type" v="camera"/>
 </node>
 <node id="5774389431" visible="true" version="1" changeset="60923334" timestamp="2018-07-21T05:15:17Z" user="ctboss" uid="7612177" lat="39.9939747" lon="116.1903683"/>
 <node id="5774389432" visible="true" version="1" changeset="60923334" timestamp="2018-07-21T05:15:17Z" user="ctboss" uid="7612177" lat="39.9939728" lon="116.1907933"/>
 <node id="5774389433" visible="true" version="1" changeset="60923334" timestamp="2018-07-21T05:15:17Z" user="ctboss" uid="7612177" lat="39.9931693" lon="116.1917610"/>
 <node id="5774389434" visible="true" version="1" changeset="60923334" timestamp="2018-07-21T05:15:17Z" user="ctboss" uid="7612177" lat="39.9941697" lon="116.1919123">
  <tag k="man_made" v="surveillance"/>
  <tag k="surveillance:type" v="camera"/>
 </node>
 <node id="5774389436" visible="true" version="1" changeset="60923334" timestamp="2018-07-21T05:15:17Z" user="ctboss" uid="7612177" lat="39.9933342" lon="116.1918688"/>
 <node id="5774389437" visible="true" version="1" changeset="60923334" timestamp="2018-07-21T05:15:17Z" user="ctboss" uid="7612177" lat="39.9932496" lon="116.1903729"/>
 <node id="5774389438" visible="true" version="1" changeset="60923334" timestamp="2018-07-21T05:15:17Z" user="ctboss" uid="7612177" lat="39.9932305" lon="116.1911318"/>
 <node id="5774389439" visible="true" version="1" changeset="60923334" timestamp="2018-07-21T05:15:17Z" user="ctboss" uid="7612177" lat="39.9935415" lon="116.1913703"/>
 <node id="5774389440" visible="true" version="1" changeset="60923334" timestamp="2018-07-21T05:15:17Z" user="ctboss" uid="7612177" lat="39.9941579" lon="116.1910954">
  <tag k="man_made" v="surveillance"/>
  <tag k="surveillance:type" v="camera"/>
 </node>
 <node id="5774389441" visible="true" version="1" changeset="60923334" timestamp="2018-07-21T05:15:17Z" user="ctboss" uid="7612177" lat="39.9934129" lon="116.1916135"/>
 <node id="5774389442" visible="true" version="1" changeset="60923334" timestamp="2018-07-21T05:15:17Z" user="ctboss" uid="7612177" lat="39.9941107" lon="116.1912759"/>
 <node id="5905626199" visible="true" version="3" changeset="62716971" timestamp="2018-09-19T05:27:10Z" user="ctboss" uid="7612177" lat="39.9931650" lon="116.1919746">
  <tag k="amenity" v="waste_disposal"/>
 </node>
 <node id="5915226327" visible="true" version="2" changeset="137256306" timestamp="2023-06-12T18:48:41Z" user="快乐的老鼠宝宝" uid="9403945" lat="39.9911763" lon="116.1942462">
  <tag k="amenity" v="fast_food"/>
  <tag k="brand" v="庆丰包子铺"/>
  <tag k="brand:en" v="Qingfeng Steamed Dumpling Shop"/>
  <tag k="brand:wikidata" v="Q24841010"/>
  <tag k="brand:zh" v="庆丰包子铺"/>
  <tag k="cuisine" v="chinese"/>
  <tag k="name" v="庆丰包子铺"/>
  <tag k="name:en" v="Qingfeng Steamed Dumpling Shop"/>
  <tag k="name:zh" v="庆丰包子铺"/>
  <tag k="takeaway" v="yes"/>
 </node>
 <node id="5915226334" visible="true" version="1" changeset="62716958" timestamp="2018-09-19T05:26:24Z" user="ctboss" uid="7612177" lat="39.9916993" lon="116.1943531"/>
 <node id="5917555857" visible="true" version="1" changeset="62750451" timestamp="2018-09-20T05:31:58Z" user="ctboss" uid="7612177" lat="39.9994450" lon="116.1979302"/>
 <node id="5917555861" visible="true" version="1" changeset="62750451" timestamp="2018-09-20T05:31:59Z" user="ctboss" uid="7612177" lat="39.9995752" lon="116.1984371"/>
 <node id="5917555862" visible="true" version="1" changeset="62750451" timestamp="2018-09-20T05:31:59Z" user="ctboss" uid="7612177" lat="39.9995676" lon="116.1981394"/>
 <node id="5917555865" visible="true" version="1" changeset="62750451" timestamp="2018-09-20T05:31:59Z" user="ctboss" uid="7612177" lat="39.9995590" lon="116.1985163"/>
 <node id="5917555866" visible="true" version="4" changeset="72981244" timestamp="2019-08-04T04:51:11Z" user="ctboss" uid="7612177" lat="39.9970557" lon="116.1957262">
  <tag k="entrance" v="yes"/>
 </node>
 <node id="5917555884" visible="true" version="3" changeset="72981244" timestamp="2019-08-04T04:51:11Z" user="ctboss" uid="7612177" lat="39.9969508" lon="116.1952922"/>
 <node id="5917556694" visible="true" version="1" changeset="62750451" timestamp="2018-09-20T05:31:59Z" user="ctboss" uid="7612177" lat="39.9995283" lon="116.1980154"/>
 <node id="5917556704" visible="true" version="3" changeset="72981244" timestamp="2019-08-04T04:51:11Z" user="ctboss" uid="7612177" lat="39.9989778" lon="116.1976600"/>
 <node id="5917556707" visible="true" version="3" changeset="72981244" timestamp="2019-08-04T04:51:11Z" user="ctboss" uid="7612177" lat="39.9983214" lon="116.1958850"/>
 <node id="5923357609" visible="true" version="4" changeset="133843914" timestamp="2023-03-19T02:56:04Z" user="vimacs_hacks" uid="13417651" lat="39.9904403" lon="116.1948302"/>
 <node id="5928044329" visible="true" version="2" changeset="94429597" timestamp="2020-11-19T10:37:35Z" user="shanhulittle" uid="11213533" lat="39.9925046" lon="116.1944928"/>
 <node id="5928044330" visible="true" version="2" changeset="94429597" timestamp="2020-11-19T10:37:35Z" user="shanhulittle" uid="11213533" lat="39.9919386" lon="116.1945686"/>
 <node id="5928044331" visible="true" version="2" changeset="94429597" timestamp="2020-11-19T10:37:35Z" user="shanhulittle" uid="11213533" lat="39.9923956" lon="116.1938216"/>
 <node id="5928044332" visible="true" version="2" changeset="94429597" timestamp="2020-11-19T10:37:35Z" user="shanhulittle" uid="11213533" lat="39.9918660" lon="116.1939524"/>
 <node id="5940799493" visible="true" version="1" changeset="63066444" timestamp="2018-09-30T15:08:23Z" user="a828245" uid="8582861" lat="39.9977898" lon="116.1920057"/>
 <node id="5940799494" visible="true" version="1" changeset="63066444" timestamp="2018-09-30T15:08:23Z" user="a828245" uid="8582861" lat="39.9979905" lon="116.1921756"/>
 <node id="5940799495" visible="true" version="1" changeset="63066444" timestamp="2018-09-30T15:08:23Z" user="a828245" uid="8582861" lat="39.9981423" lon="116.1925366"/>
 <node id="5940799496" visible="true" version="1" changeset="63066444" timestamp="2018-09-30T15:08:23Z" user="a828245" uid="8582861" lat="39.9982996" lon="116.1924304"/>
 <node id="5940799497" visible="true" version="1" changeset="63066444" timestamp="2018-09-30T15:08:23Z" user="a828245" uid="8582861" lat="39.9985381" lon="116.1926074"/>
 <node id="5940799498" visible="true" version="1" changeset="63066444" timestamp="2018-09-30T15:08:23Z" user="a828245" uid="8582861" lat="39.9986466" lon="116.1928268"/>
 <node id="5940799499" visible="true" version="1" changeset="63066444" timestamp="2018-09-30T15:08:23Z" user="a828245" uid="8582861" lat="39.9986358" lon="116.1932374"/>
 <node id="5940799500" visible="true" version="1" changeset="63066444" timestamp="2018-09-30T15:08:23Z" user="a828245" uid="8582861" lat="39.9992593" lon="116.1932020"/>
 <node id="5940799501" visible="true" version="1" changeset="63066444" timestamp="2018-09-30T15:08:23Z" user="a828245" uid="8582861" lat="39.9993190" lon="116.1933648"/>
 <node id="5940799502" visible="true" version="1" changeset="63066444" timestamp="2018-09-30T15:08:23Z" user="a828245" uid="8582861" lat="39.9994925" lon="116.1935134"/>
 <node id="5940799503" visible="true" version="1" changeset="63066444" timestamp="2018-09-30T15:08:23Z" user="a828245" uid="8582861" lat="39.9995576" lon="116.1940655"/>
 <node id="5940799504" visible="true" version="1" changeset="63066444" timestamp="2018-09-30T15:08:23Z" user="a828245" uid="8582861" lat="39.9995250" lon="116.1941151"/>
 <node id="5940799505" visible="true" version="1" changeset="63066444" timestamp="2018-09-30T15:08:23Z" user="a828245" uid="8582861" lat="39.9991238" lon="116.1941717"/>
 <node id="5940799506" visible="true" version="1" changeset="63066444" timestamp="2018-09-30T15:08:23Z" user="a828245" uid="8582861" lat="39.9989503" lon="116.1944407"/>
 <node id="5940799507" visible="true" version="1" changeset="63066444" timestamp="2018-09-30T15:08:23Z" user="a828245" uid="8582861" lat="39.9989394" lon="116.1948088"/>
 <node id="5940799508" visible="true" version="1" changeset="63066444" timestamp="2018-09-30T15:08:23Z" user="a828245" uid="8582861" lat="39.9985056" lon="116.1948866"/>
 <node id="5940799509" visible="true" version="1" changeset="63066444" timestamp="2018-09-30T15:08:23Z" user="a828245" uid="8582861" lat="39.9983212" lon="116.1951131"/>
 <node id="5940799510" visible="true" version="1" changeset="63066444" timestamp="2018-09-30T15:08:23Z" user="a828245" uid="8582861" lat="39.9981315" lon="116.1950423"/>
 <node id="5940799511" visible="true" version="1" changeset="63066444" timestamp="2018-09-30T15:08:23Z" user="a828245" uid="8582861" lat="39.9980501" lon="116.1952547"/>
 <node id="5940799512" visible="true" version="1" changeset="63066444" timestamp="2018-09-30T15:08:23Z" user="a828245" uid="8582861" lat="39.9979308" lon="116.1954246"/>
 <node id="5940799513" visible="true" version="1" changeset="63066444" timestamp="2018-09-30T15:08:23Z" user="a828245" uid="8582861" lat="39.9978007" lon="116.1954670"/>
 <node id="5940799514" visible="true" version="1" changeset="63066444" timestamp="2018-09-30T15:08:23Z" user="a828245" uid="8582861" lat="39.9974428" lon="116.1956015"/>
 <node id="5940799515" visible="true" version="1" changeset="63066444" timestamp="2018-09-30T15:08:23Z" user="a828245" uid="8582861" lat="39.9973560" lon="116.1958634"/>
 <node id="5940799516" visible="true" version="1" changeset="63066444" timestamp="2018-09-30T15:08:23Z" user="a828245" uid="8582861" lat="39.9969114" lon="116.1956582"/>
 <node id="5940799517" visible="true" version="1" changeset="63066444" timestamp="2018-09-30T15:08:23Z" user="a828245" uid="8582861" lat="39.9968572" lon="116.1954812"/>
 <node id="5940799518" visible="true" version="1" changeset="63066444" timestamp="2018-09-30T15:08:23Z" user="a828245" uid="8582861" lat="39.9964233" lon="116.1956652"/>
 <node id="5940799519" visible="true" version="1" changeset="63066444" timestamp="2018-09-30T15:08:23Z" user="a828245" uid="8582861" lat="39.9963908" lon="116.1959059"/>
 <node id="5940799520" visible="true" version="1" changeset="63066444" timestamp="2018-09-30T15:08:23Z" user="a828245" uid="8582861" lat="39.9963095" lon="116.1961253"/>
 <node id="5940799521" visible="true" version="1" changeset="63066444" timestamp="2018-09-30T15:08:24Z" user="a828245" uid="8582861" lat="39.9963474" lon="116.1963448"/>
 <node id="5940799522" visible="true" version="1" changeset="63066444" timestamp="2018-09-30T15:08:24Z" user="a828245" uid="8582861" lat="39.9964125" lon="116.1963448"/>
 <node id="5940799523" visible="true" version="1" changeset="63066444" timestamp="2018-09-30T15:08:24Z" user="a828245" uid="8582861" lat="39.9964776" lon="116.1964156"/>
 <node id="5940799524" visible="true" version="1" changeset="63066444" timestamp="2018-09-30T15:08:24Z" user="a828245" uid="8582861" lat="39.9965426" lon="116.1964156"/>
 <node id="5940799525" visible="true" version="1" changeset="63066444" timestamp="2018-09-30T15:08:24Z" user="a828245" uid="8582861" lat="39.9965969" lon="116.1962740"/>
 <node id="5940799526" visible="true" version="1" changeset="63066444" timestamp="2018-09-30T15:08:24Z" user="a828245" uid="8582861" lat="39.9969656" lon="116.1964226"/>
 <node id="5940799527" visible="true" version="1" changeset="63066444" timestamp="2018-09-30T15:08:24Z" user="a828245" uid="8582861" lat="39.9973723" lon="116.1968119"/>
 <node id="5940799528" visible="true" version="1" changeset="63066444" timestamp="2018-09-30T15:08:24Z" user="a828245" uid="8582861" lat="39.9975296" lon="116.1970172"/>
 <node id="5940799530" visible="true" version="2" changeset="63855872" timestamp="2018-10-25T06:22:23Z" user="ctboss" uid="7612177" lat="39.9978736" lon="116.1965879"/>
 <node id="5940799531" visible="true" version="1" changeset="63066444" timestamp="2018-09-30T15:08:24Z" user="a828245" uid="8582861" lat="39.9983646" lon="116.1964156"/>
 <node id="5940799532" visible="true" version="1" changeset="63066444" timestamp="2018-09-30T15:08:24Z" user="a828245" uid="8582861" lat="39.9984839" lon="116.1964509"/>
 <node id="5940799533" visible="true" version="1" changeset="63066444" timestamp="2018-09-30T15:08:24Z" user="a828245" uid="8582861" lat="39.9984076" lon="116.1968890"/>
 <node id="5940799534" visible="true" version="1" changeset="63066444" timestamp="2018-09-30T15:08:24Z" user="a828245" uid="8582861" lat="39.9985633" lon="116.1971085"/>
 <node id="5940799535" visible="true" version="1" changeset="63066444" timestamp="2018-09-30T15:08:24Z" user="a828245" uid="8582861" lat="39.9984948" lon="116.1979216"/>
 <node id="5940799536" visible="true" version="1" changeset="63066444" timestamp="2018-09-30T15:08:24Z" user="a828245" uid="8582861" lat="39.9982456" lon="116.1985965"/>
 <node id="5940799537" visible="true" version="1" changeset="63066444" timestamp="2018-09-30T15:08:24Z" user="a828245" uid="8582861" lat="39.9982705" lon="116.1989380"/>
 <node id="5940799538" visible="true" version="1" changeset="63066444" timestamp="2018-09-30T15:08:24Z" user="a828245" uid="8582861" lat="39.9984699" lon="116.1989786"/>
 <node id="5940799539" visible="true" version="1" changeset="63066444" timestamp="2018-09-30T15:08:24Z" user="a828245" uid="8582861" lat="39.9990678" lon="116.1983037"/>
 <node id="5940799540" visible="true" version="1" changeset="63066444" timestamp="2018-09-30T15:08:24Z" user="a828245" uid="8582861" lat="39.9994789" lon="116.1983932"/>
 <node id="5940799541" visible="true" version="1" changeset="63066444" timestamp="2018-09-30T15:08:24Z" user="a828245" uid="8582861" lat="40.0000644" lon="116.1985233"/>
 <node id="5940799542" visible="true" version="1" changeset="63066444" timestamp="2018-09-30T15:08:24Z" user="a828245" uid="8582861" lat="40.0004257" lon="116.1987591"/>
 <node id="5940799543" visible="true" version="1" changeset="63066444" timestamp="2018-09-30T15:08:24Z" user="a828245" uid="8582861" lat="40.0008368" lon="116.1986615"/>
 <node id="5940799544" visible="true" version="1" changeset="63066444" timestamp="2018-09-30T15:08:24Z" user="a828245" uid="8582861" lat="40.0011420" lon="116.1979866"/>
 <node id="5940799545" visible="true" version="1" changeset="63066444" timestamp="2018-09-30T15:08:24Z" user="a828245" uid="8582861" lat="40.0014596" lon="116.1978891"/>
 <node id="5940799546" visible="true" version="1" changeset="63066444" timestamp="2018-09-30T15:08:24Z" user="a828245" uid="8582861" lat="40.0016714" lon="116.1975801"/>
 <node id="5940799547" visible="true" version="1" changeset="63066444" timestamp="2018-09-30T15:08:24Z" user="a828245" uid="8582861" lat="40.0019392" lon="116.1968971"/>
 <node id="5940799548" visible="true" version="1" changeset="63066444" timestamp="2018-09-30T15:08:24Z" user="a828245" uid="8582861" lat="40.0025309" lon="116.1967101"/>
 <node id="5940799549" visible="true" version="1" changeset="63066444" timestamp="2018-09-30T15:08:24Z" user="a828245" uid="8582861" lat="40.0029108" lon="116.1971085"/>
 <node id="5940799550" visible="true" version="1" changeset="63066444" timestamp="2018-09-30T15:08:24Z" user="a828245" uid="8582861" lat="40.0031164" lon="116.1971817"/>
 <node id="5940799551" visible="true" version="1" changeset="63066444" timestamp="2018-09-30T15:08:24Z" user="a828245" uid="8582861" lat="40.0032409" lon="116.1971492"/>
 <node id="5940799552" visible="true" version="1" changeset="63066444" timestamp="2018-09-30T15:08:24Z" user="a828245" uid="8582861" lat="40.0033655" lon="116.1966857"/>
 <node id="5940799553" visible="true" version="1" changeset="63066444" timestamp="2018-09-30T15:08:24Z" user="a828245" uid="8582861" lat="40.0033655" lon="116.1963117"/>
 <node id="5940799554" visible="true" version="1" changeset="63066444" timestamp="2018-09-30T15:08:24Z" user="a828245" uid="8582861" lat="40.0036894" lon="116.1962466"/>
 <node id="5940799555" visible="true" version="1" changeset="63066444" timestamp="2018-09-30T15:08:24Z" user="a828245" uid="8582861" lat="40.0044928" lon="116.1972792"/>
 <node id="5940799556" visible="true" version="1" changeset="63066444" timestamp="2018-09-30T15:08:24Z" user="a828245" uid="8582861" lat="40.0043745" lon="116.1976370"/>
 <node id="5940799557" visible="true" version="1" changeset="63066444" timestamp="2018-09-30T15:08:24Z" user="a828245" uid="8582861" lat="40.0045489" lon="116.1979622"/>
 <node id="5940799558" visible="true" version="1" changeset="63066444" timestamp="2018-09-30T15:08:24Z" user="a828245" uid="8582861" lat="40.0045489" lon="116.1982468"/>
 <node id="5940799559" visible="true" version="1" changeset="63066444" timestamp="2018-09-30T15:08:24Z" user="a828245" uid="8582861" lat="40.0044804" lon="116.1985152"/>
 <node id="5940799560" visible="true" version="1" changeset="63066444" timestamp="2018-09-30T15:08:24Z" user="a828245" uid="8582861" lat="40.0048105" lon="116.1987103"/>
 <node id="5940799561" visible="true" version="1" changeset="63066444" timestamp="2018-09-30T15:08:24Z" user="a828245" uid="8582861" lat="40.0052589" lon="116.1984989"/>
 <node id="5940799562" visible="true" version="1" changeset="63066444" timestamp="2018-09-30T15:08:24Z" user="a828245" uid="8582861" lat="40.0055329" lon="116.1979216"/>
 <node id="5940799563" visible="true" version="1" changeset="63066444" timestamp="2018-09-30T15:08:24Z" user="a828245" uid="8582861" lat="40.0057260" lon="116.1971979"/>
 <node id="5940799564" visible="true" version="1" changeset="63066444" timestamp="2018-09-30T15:08:24Z" user="a828245" uid="8582861" lat="40.0068658" lon="116.1968890"/>
 <node id="5940799565" visible="true" version="1" changeset="63066444" timestamp="2018-09-30T15:08:24Z" user="a828245" uid="8582861" lat="40.0072332" lon="116.1969784"/>
 <node id="5940799566" visible="true" version="1" changeset="63066444" timestamp="2018-09-30T15:08:24Z" user="a828245" uid="8582861" lat="40.0078249" lon="116.1969377"/>
 <node id="5940799567" visible="true" version="1" changeset="63066444" timestamp="2018-09-30T15:08:24Z" user="a828245" uid="8582861" lat="40.0081923" lon="116.1967426"/>
 <node id="5940799568" visible="true" version="1" changeset="63066444" timestamp="2018-09-30T15:08:24Z" user="a828245" uid="8582861" lat="40.0082172" lon="116.1964580"/>
 <node id="5940799569" visible="true" version="1" changeset="63066444" timestamp="2018-09-30T15:08:24Z" user="a828245" uid="8582861" lat="40.0085162" lon="116.1962060"/>
 <node id="5940799570" visible="true" version="1" changeset="63066444" timestamp="2018-09-30T15:08:24Z" user="a828245" uid="8582861" lat="40.0088400" lon="116.1959702"/>
 <node id="5940799571" visible="true" version="1" changeset="63066444" timestamp="2018-09-30T15:08:24Z" user="a828245" uid="8582861" lat="40.0091389" lon="116.1955555"/>
 <node id="5940799572" visible="true" version="1" changeset="63066444" timestamp="2018-09-30T15:08:24Z" user="a828245" uid="8582861" lat="40.0094130" lon="116.1954091"/>
 <node id="5940799573" visible="true" version="1" changeset="63066444" timestamp="2018-09-30T15:08:24Z" user="a828245" uid="8582861" lat="40.0096870" lon="116.1951733"/>
 <node id="5940799574" visible="true" version="1" changeset="63066444" timestamp="2018-09-30T15:08:24Z" user="a828245" uid="8582861" lat="40.0103285" lon="116.1945716"/>
 <node id="5940799575" visible="true" version="1" changeset="63066444" timestamp="2018-09-30T15:08:24Z" user="a828245" uid="8582861" lat="40.0105153" lon="116.1937911"/>
 <node id="5940799576" visible="true" version="1" changeset="63066444" timestamp="2018-09-30T15:08:24Z" user="a828245" uid="8582861" lat="40.0110384" lon="116.1930349"/>
 <node id="5940799577" visible="true" version="2" changeset="175917377" timestamp="2025-12-14T12:40:38Z" user="福珠隆阿" uid="3744043" lat="40.0112239" lon="116.1932722"/>
 <node id="5940799578" visible="true" version="1" changeset="63066444" timestamp="2018-09-30T15:08:24Z" user="a828245" uid="8582861" lat="40.0108952" lon="116.1938643"/>
 <node id="5940799579" visible="true" version="1" changeset="63066444" timestamp="2018-09-30T15:08:24Z" user="a828245" uid="8582861" lat="40.0107768" lon="116.1941326"/>
 <node id="5940799580" visible="true" version="1" changeset="63066444" timestamp="2018-09-30T15:08:24Z" user="a828245" uid="8582861" lat="40.0109014" lon="116.1946286"/>
 <node id="5940799581" visible="true" version="1" changeset="63066444" timestamp="2018-09-30T15:08:24Z" user="a828245" uid="8582861" lat="40.0108765" lon="116.1951002"/>
 <node id="5940799582" visible="true" version="1" changeset="63066444" timestamp="2018-09-30T15:08:24Z" user="a828245" uid="8582861" lat="40.0103783" lon="116.1954335"/>
 <node id="5940799583" visible="true" version="1" changeset="63066444" timestamp="2018-09-30T15:08:24Z" user="a828245" uid="8582861" lat="40.0097929" lon="116.1960515"/>
 <node id="5940799584" visible="true" version="1" changeset="63066444" timestamp="2018-09-30T15:08:24Z" user="a828245" uid="8582861" lat="40.0095313" lon="116.1959376"/>
 <node id="5940800385" visible="true" version="1" changeset="63066444" timestamp="2018-09-30T15:08:24Z" user="a828245" uid="8582861" lat="40.0092324" lon="116.1960596"/>
 <node id="5940800386" visible="true" version="1" changeset="63066444" timestamp="2018-09-30T15:08:24Z" user="a828245" uid="8582861" lat="40.0090206" lon="116.1962791"/>
 <node id="5940800387" visible="true" version="1" changeset="63066444" timestamp="2018-09-30T15:08:24Z" user="a828245" uid="8582861" lat="40.0088462" lon="116.1966776"/>
 <node id="5940800388" visible="true" version="1" changeset="63066444" timestamp="2018-09-30T15:08:24Z" user="a828245" uid="8582861" lat="40.0084788" lon="116.1970028"/>
 <node id="5940800389" visible="true" version="1" changeset="63066444" timestamp="2018-09-30T15:08:24Z" user="a828245" uid="8582861" lat="40.0079494" lon="116.1974581"/>
 <node id="5940800390" visible="true" version="1" changeset="63066444" timestamp="2018-09-30T15:08:24Z" user="a828245" uid="8582861" lat="40.0072083" lon="116.1976777"/>
 <node id="5940800391" visible="true" version="1" changeset="63066444" timestamp="2018-09-30T15:08:24Z" user="a828245" uid="8582861" lat="40.0071958" lon="116.1981655"/>
 <node id="5940800392" visible="true" version="1" changeset="63066444" timestamp="2018-09-30T15:08:24Z" user="a828245" uid="8582861" lat="40.0071336" lon="116.1985802"/>
 <node id="5940800393" visible="true" version="1" changeset="63066444" timestamp="2018-09-30T15:08:24Z" user="a828245" uid="8582861" lat="40.0072519" lon="116.1995559"/>
 <node id="5940800394" visible="true" version="1" changeset="63066444" timestamp="2018-09-30T15:08:24Z" user="a828245" uid="8582861" lat="40.0069031" lon="116.1998161"/>
 <node id="5940800395" visible="true" version="1" changeset="63066444" timestamp="2018-09-30T15:08:24Z" user="a828245" uid="8582861" lat="40.0068782" lon="116.2001657"/>
 <node id="5940800396" visible="true" version="1" changeset="63066444" timestamp="2018-09-30T15:08:24Z" user="a828245" uid="8582861" lat="40.0067599" lon="116.2034018"/>
 <node id="5940800397" visible="true" version="1" changeset="63066444" timestamp="2018-09-30T15:08:25Z" user="a828245" uid="8582861" lat="40.0054582" lon="116.2038734"/>
 <node id="5940800398" visible="true" version="1" changeset="63066444" timestamp="2018-09-30T15:08:25Z" user="a828245" uid="8582861" lat="40.0046735" lon="116.2039954"/>
 <node id="5940800399" visible="true" version="1" changeset="63066444" timestamp="2018-09-30T15:08:25Z" user="a828245" uid="8582861" lat="40.0047606" lon="116.2048654"/>
 <node id="5940800400" visible="true" version="1" changeset="63066444" timestamp="2018-09-30T15:08:25Z" user="a828245" uid="8582861" lat="40.0050596" lon="116.2057842"/>
 <node id="5940800401" visible="true" version="1" changeset="63066444" timestamp="2018-09-30T15:08:25Z" user="a828245" uid="8582861" lat="40.0049350" lon="116.2071827"/>
 <node id="5940800402" visible="true" version="1" changeset="63066444" timestamp="2018-09-30T15:08:25Z" user="a828245" uid="8582861" lat="40.0046361" lon="116.2073372"/>
 <node id="5940800403" visible="true" version="1" changeset="63066444" timestamp="2018-09-30T15:08:25Z" user="a828245" uid="8582861" lat="40.0046735" lon="116.2076381"/>
 <node id="5940800404" visible="true" version="1" changeset="63066444" timestamp="2018-09-30T15:08:25Z" user="a828245" uid="8582861" lat="40.0045800" lon="116.2083455"/>
 <node id="5940800405" visible="true" version="1" changeset="63066444" timestamp="2018-09-30T15:08:25Z" user="a828245" uid="8582861" lat="40.0039883" lon="116.2087357"/>
 <node id="5940800406" visible="true" version="1" changeset="63066444" timestamp="2018-09-30T15:08:25Z" user="a828245" uid="8582861" lat="40.0035897" lon="116.2088252"/>
 <node id="5940800407" visible="true" version="1" changeset="63066444" timestamp="2018-09-30T15:08:25Z" user="a828245" uid="8582861" lat="40.0033281" lon="116.2086870"/>
 <node id="5940800408" visible="true" version="1" changeset="63066444" timestamp="2018-09-30T15:08:25Z" user="a828245" uid="8582861" lat="40.0029731" lon="116.2088984"/>
 <node id="5940858870" visible="true" version="2" changeset="65774539" timestamp="2018-12-26T05:29:54Z" user="ctboss" uid="7612177" lat="39.9933975" lon="116.1881376"/>
 <node id="5940858871" visible="true" version="2" changeset="65774539" timestamp="2018-12-26T05:29:54Z" user="ctboss" uid="7612177" lat="39.9942288" lon="116.1882090"/>
 <node id="5940858873" visible="true" version="2" changeset="63816171" timestamp="2018-10-24T03:28:47Z" user="ctboss" uid="7612177" lat="39.9948359" lon="116.1878318"/>
 <node id="5940858874" visible="true" version="1" changeset="63067880" timestamp="2018-09-30T15:52:21Z" user="a828245" uid="8582861" lat="39.9949377" lon="116.1866305"/>
 <node id="5940858875" visible="true" version="1" changeset="63067880" timestamp="2018-09-30T15:52:21Z" user="a828245" uid="8582861" lat="39.9951763" lon="116.1859793"/>
 <node id="5940858876" visible="true" version="2" changeset="123979356" timestamp="2022-07-23T15:03:03Z" user="cqrCpf7Ce_A7" uid="3620913" lat="39.9949230" lon="116.1850821"/>
 <node id="5940858877" visible="true" version="1" changeset="63067880" timestamp="2018-09-30T15:52:21Z" user="a828245" uid="8582861" lat="39.9958786" lon="116.1828754"/>
 <node id="5940858878" visible="true" version="1" changeset="63067880" timestamp="2018-09-30T15:52:21Z" user="a828245" uid="8582861" lat="39.9958596" lon="116.1820366"/>
 <node id="5940858879" visible="true" version="1" changeset="63067880" timestamp="2018-09-30T15:52:21Z" user="a828245" uid="8582861" lat="39.9954800" lon="116.1816083"/>
 <node id="5940858880" visible="true" version="1" changeset="63067880" timestamp="2018-09-30T15:52:21Z" user="a828245" uid="8582861" lat="39.9958596" lon="116.1804404"/>
 <node id="5940858881" visible="true" version="1" changeset="63067880" timestamp="2018-09-30T15:52:21Z" user="a828245" uid="8582861" lat="39.9955017" lon="116.1803095"/>
 <node id="5940858882" visible="true" version="1" changeset="63067880" timestamp="2018-09-30T15:52:21Z" user="a828245" uid="8582861" lat="39.9956589" lon="116.1792335"/>
 <node id="5940858883" visible="true" version="1" changeset="63067880" timestamp="2018-09-30T15:52:21Z" user="a828245" uid="8582861" lat="39.9955559" lon="116.1790707"/>
 <node id="5940858884" visible="true" version="1" changeset="63067880" timestamp="2018-09-30T15:52:21Z" user="a828245" uid="8582861" lat="39.9954041" lon="116.1790106"/>
 <node id="5940858885" visible="true" version="1" changeset="63067880" timestamp="2018-09-30T15:52:21Z" user="a828245" uid="8582861" lat="39.9955098" lon="116.1776515"/>
 <node id="5940858886" visible="true" version="1" changeset="63067880" timestamp="2018-09-30T15:52:21Z" user="a828245" uid="8582861" lat="39.9960114" lon="116.1774533"/>
 <node id="5940858887" visible="true" version="1" changeset="63067880" timestamp="2018-09-30T15:52:21Z" user="a828245" uid="8582861" lat="39.9963232" lon="116.1775878"/>
 <node id="5940858888" visible="true" version="1" changeset="63067880" timestamp="2018-09-30T15:52:21Z" user="a828245" uid="8582861" lat="39.9964913" lon="116.1780550"/>
 <node id="5940858889" visible="true" version="1" changeset="63067880" timestamp="2018-09-30T15:52:21Z" user="a828245" uid="8582861" lat="39.9967028" lon="116.1781329"/>
 <node id="5940858890" visible="true" version="1" changeset="63067880" timestamp="2018-09-30T15:52:21Z" user="a828245" uid="8582861" lat="39.9970661" lon="116.1784762"/>
 <node id="5940858891" visible="true" version="1" changeset="63067880" timestamp="2018-09-30T15:52:21Z" user="a828245" uid="8582861" lat="39.9974802" lon="116.1793147"/>
 <node id="5940858892" visible="true" version="1" changeset="63067880" timestamp="2018-09-30T15:52:21Z" user="a828245" uid="8582861" lat="39.9974802" lon="116.1797522"/>
 <node id="5940858893" visible="true" version="1" changeset="63067880" timestamp="2018-09-30T15:52:21Z" user="a828245" uid="8582861" lat="39.9970884" lon="116.1798877"/>
 <node id="5940858894" visible="true" version="1" changeset="63067880" timestamp="2018-09-30T15:52:21Z" user="a828245" uid="8582861" lat="39.9970648" lon="116.1802266"/>
 <node id="5940858895" visible="true" version="1" changeset="63067880" timestamp="2018-09-30T15:52:21Z" user="a828245" uid="8582861" lat="39.9973197" lon="116.1806642"/>
 <node id="5940858896" visible="true" version="1" changeset="63067880" timestamp="2018-09-30T15:52:21Z" user="a828245" uid="8582861" lat="39.9971875" lon="116.1809476"/>
 <node id="5940858897" visible="true" version="1" changeset="63067880" timestamp="2018-09-30T15:52:21Z" user="a828245" uid="8582861" lat="39.9971451" lon="116.1813666"/>
 <node id="5940858898" visible="true" version="1" changeset="63067880" timestamp="2018-09-30T15:52:21Z" user="a828245" uid="8582861" lat="39.9971451" lon="116.1814652"/>
 <node id="5940858899" visible="true" version="1" changeset="63067880" timestamp="2018-09-30T15:52:21Z" user="a828245" uid="8582861" lat="39.9974519" lon="116.1815885"/>
 <node id="5940858900" visible="true" version="1" changeset="63067880" timestamp="2018-09-30T15:52:21Z" user="a828245" uid="8582861" lat="39.9977068" lon="116.1812557"/>
 <node id="5940858901" visible="true" version="1" changeset="63067880" timestamp="2018-09-30T15:52:21Z" user="a828245" uid="8582861" lat="39.9977871" lon="116.1806087"/>
 <node id="5940858902" visible="true" version="1" changeset="63067880" timestamp="2018-09-30T15:52:21Z" user="a828245" uid="8582861" lat="39.9983016" lon="116.1802821"/>
 <node id="5940858903" visible="true" version="1" changeset="63067880" timestamp="2018-09-30T15:52:21Z" user="a828245" uid="8582861" lat="39.9990144" lon="116.1796597"/>
 <node id="5940858904" visible="true" version="1" changeset="63067880" timestamp="2018-09-30T15:52:21Z" user="a828245" uid="8582861" lat="39.9991560" lon="116.1799062"/>
 <node id="5940858905" visible="true" version="1" changeset="63067880" timestamp="2018-09-30T15:52:21Z" user="a828245" uid="8582861" lat="39.9981977" lon="116.1827716"/>
 <node id="5940858906" visible="true" version="1" changeset="63067880" timestamp="2018-09-30T15:52:21Z" user="a828245" uid="8582861" lat="39.9982072" lon="116.1831783"/>
 <node id="5940858907" visible="true" version="1" changeset="63067880" timestamp="2018-09-30T15:52:21Z" user="a828245" uid="8582861" lat="39.9982733" lon="116.1835172"/>
 <node id="5940858908" visible="true" version="1" changeset="63067880" timestamp="2018-09-30T15:52:21Z" user="a828245" uid="8582861" lat="39.9982025" lon="116.1839978"/>
 <node id="5940858909" visible="true" version="1" changeset="63067880" timestamp="2018-09-30T15:52:21Z" user="a828245" uid="8582861" lat="39.9980986" lon="116.1840656"/>
 <node id="5940858910" visible="true" version="1" changeset="63067880" timestamp="2018-09-30T15:52:21Z" user="a828245" uid="8582861" lat="39.9981411" lon="116.1845216"/>
 <node id="5940858911" visible="true" version="1" changeset="63067880" timestamp="2018-09-30T15:52:21Z" user="a828245" uid="8582861" lat="39.9980609" lon="116.1847435"/>
 <node id="5940858912" visible="true" version="1" changeset="63067880" timestamp="2018-09-30T15:52:21Z" user="a828245" uid="8582861" lat="39.9978437" lon="116.1849406"/>
 <node id="5940858913" visible="true" version="1" changeset="63067880" timestamp="2018-09-30T15:52:21Z" user="a828245" uid="8582861" lat="39.9972961" lon="116.1858095"/>
 <node id="5940858914" visible="true" version="1" changeset="63067880" timestamp="2018-09-30T15:52:21Z" user="a828245" uid="8582861" lat="39.9974377" lon="116.1859820"/>
 <node id="5940858915" visible="true" version="1" changeset="63067880" timestamp="2018-09-30T15:52:21Z" user="a828245" uid="8582861" lat="39.9981647" lon="116.1857417"/>
 <node id="5940858916" visible="true" version="1" changeset="63067880" timestamp="2018-09-30T15:52:21Z" user="a828245" uid="8582861" lat="39.9982780" lon="116.1855753"/>
 <node id="5940858917" visible="true" version="1" changeset="63067880" timestamp="2018-09-30T15:52:21Z" user="a828245" uid="8582861" lat="39.9985046" lon="116.1855692"/>
 <node id="5940858918" visible="true" version="1" changeset="63067880" timestamp="2018-09-30T15:52:21Z" user="a828245" uid="8582861" lat="39.9987878" lon="116.1860560"/>
 <node id="5940858919" visible="true" version="1" changeset="63067880" timestamp="2018-09-30T15:52:21Z" user="a828245" uid="8582861" lat="39.9994440" lon="116.1860437"/>
 <node id="5940858920" visible="true" version="1" changeset="63067880" timestamp="2018-09-30T15:52:21Z" user="a828245" uid="8582861" lat="39.9998169" lon="116.1864196"/>
 <node id="5940858921" visible="true" version="1" changeset="63067880" timestamp="2018-09-30T15:52:21Z" user="a828245" uid="8582861" lat="39.9998735" lon="116.1866475"/>
 <node id="5940858922" visible="true" version="1" changeset="63067880" timestamp="2018-09-30T15:52:21Z" user="a828245" uid="8582861" lat="39.9997461" lon="116.1867092"/>
 <node id="5940858923" visible="true" version="1" changeset="63067880" timestamp="2018-09-30T15:52:21Z" user="a828245" uid="8582861" lat="39.9999491" lon="116.1870173"/>
 <node id="5940858924" visible="true" version="1" changeset="63067880" timestamp="2018-09-30T15:52:21Z" user="a828245" uid="8582861" lat="40.0009828" lon="116.1874055"/>
 <node id="5940858925" visible="true" version="1" changeset="63067880" timestamp="2018-09-30T15:52:21Z" user="a828245" uid="8582861" lat="40.0014454" lon="116.1878923"/>
 <node id="5940858926" visible="true" version="1" changeset="63067880" timestamp="2018-09-30T15:52:21Z" user="a828245" uid="8582861" lat="40.0015021" lon="116.1883914"/>
 <node id="5940858927" visible="true" version="1" changeset="63067880" timestamp="2018-09-30T15:52:21Z" user="a828245" uid="8582861" lat="40.0008459" lon="116.1882867"/>
 <node id="5940858928" visible="true" version="1" changeset="63067880" timestamp="2018-09-30T15:52:21Z" user="a828245" uid="8582861" lat="40.0005391" lon="116.1881511"/>
 <node id="5940858929" visible="true" version="1" changeset="63067880" timestamp="2018-09-30T15:52:21Z" user="a828245" uid="8582861" lat="40.0003503" lon="116.1880032"/>
 <node id="5940858930" visible="true" version="1" changeset="63067880" timestamp="2018-09-30T15:52:21Z" user="a828245" uid="8582861" lat="39.9996989" lon="116.1883544"/>
 <node id="5940858931" visible="true" version="1" changeset="63067880" timestamp="2018-09-30T15:52:21Z" user="a828245" uid="8582861" lat="39.9994156" lon="116.1882990"/>
 <node id="5940858932" visible="true" version="1" changeset="63067880" timestamp="2018-09-30T15:52:21Z" user="a828245" uid="8582861" lat="39.9991891" lon="116.1885023"/>
 <node id="5940858933" visible="true" version="1" changeset="63067880" timestamp="2018-09-30T15:52:22Z" user="a828245" uid="8582861" lat="39.9993732" lon="116.1887119"/>
 <node id="5940858934" visible="true" version="1" changeset="63067880" timestamp="2018-09-30T15:52:22Z" user="a828245" uid="8582861" lat="39.9993920" lon="116.1888597"/>
 <node id="5940858935" visible="true" version="1" changeset="63067880" timestamp="2018-09-30T15:52:22Z" user="a828245" uid="8582861" lat="39.9990946" lon="116.1891001"/>
 <node id="5940858936" visible="true" version="1" changeset="63067880" timestamp="2018-09-30T15:52:22Z" user="a828245" uid="8582861" lat="39.9992693" lon="116.1896916"/>
 <node id="5940858937" visible="true" version="1" changeset="63067880" timestamp="2018-09-30T15:52:22Z" user="a828245" uid="8582861" lat="39.9994345" lon="116.1898210"/>
 <node id="5940858938" visible="true" version="1" changeset="63067880" timestamp="2018-09-30T15:52:22Z" user="a828245" uid="8582861" lat="39.9995667" lon="116.1898703"/>
 <node id="5940858939" visible="true" version="2" changeset="94429597" timestamp="2020-11-19T10:37:35Z" user="shanhulittle" uid="11213533" lat="39.9996046" lon="116.1899645"/>
 <node id="5940858940" visible="true" version="2" changeset="94429597" timestamp="2020-11-19T10:37:35Z" user="shanhulittle" uid="11213533" lat="39.9995717" lon="116.1902313"/>
 <node id="5940858941" visible="true" version="2" changeset="94429597" timestamp="2020-11-19T10:37:35Z" user="shanhulittle" uid="11213533" lat="39.9992562" lon="116.1905944"/>
 <node id="5940858942" visible="true" version="2" changeset="94429597" timestamp="2020-11-19T10:37:35Z" user="shanhulittle" uid="11213533" lat="39.9991371" lon="116.1905864"/>
 <node id="5940858943" visible="true" version="2" changeset="94429597" timestamp="2020-11-19T10:37:35Z" user="shanhulittle" uid="11213533" lat="39.9988892" lon="116.1911698"/>
 <node id="5940858944" visible="true" version="2" changeset="94429597" timestamp="2020-11-19T10:37:35Z" user="shanhulittle" uid="11213533" lat="39.9988075" lon="116.1912914"/>
 <node id="5940858945" visible="true" version="2" changeset="94429597" timestamp="2020-11-19T10:37:35Z" user="shanhulittle" uid="11213533" lat="39.9987534" lon="116.1915515"/>
 <node id="5940858946" visible="true" version="2" changeset="94429597" timestamp="2020-11-19T10:37:35Z" user="shanhulittle" uid="11213533" lat="39.9979623" lon="116.1914727"/>
 <node id="5940873905" visible="true" version="1" changeset="63068252" timestamp="2018-09-30T16:04:09Z" user="a828245" uid="8582861" lat="39.9944537" lon="116.2027725"/>
 <node id="5940935987" visible="true" version="2" changeset="65774539" timestamp="2018-12-26T05:29:54Z" user="ctboss" uid="7612177" lat="39.9927553" lon="116.1878559"/>
 <node id="5941216792" visible="true" version="2" changeset="113591217" timestamp="2021-11-10T04:28:48Z" user="shanhulittle" uid="11213533" lat="39.9959107" lon="116.1990976"/>
 <node id="5971180457" visible="true" version="1" changeset="63367424" timestamp="2018-10-10T05:38:19Z" user="ctboss" uid="7612177" lat="39.9940823" lon="116.1933257">
  <tag k="shop" v="tailor"/>
 </node>
 <node id="6001968460" visible="true" version="2" changeset="75309668" timestamp="2019-10-05T06:35:12Z" user="ctboss" uid="7612177" lat="39.9962816" lon="116.1942579">
  <tag k="barrier" v="entrance"/>
 </node>
 <node id="6001968461" visible="true" version="3" changeset="94429597" timestamp="2020-11-19T10:37:35Z" user="shanhulittle" uid="11213533" lat="39.9954313" lon="116.1932785"/>
 <node id="6001968462" visible="true" version="4" changeset="94429597" timestamp="2020-11-19T10:37:35Z" user="shanhulittle" uid="11213533" lat="39.9962847" lon="116.1951587">
  <tag k="access" v="private"/>
  <tag k="entrance" v="yes"/>
 </node>
 <node id="6001968463" visible="true" version="1" changeset="63719833" timestamp="2018-10-21T06:51:14Z" user="ctboss" uid="7612177" lat="39.9950868" lon="116.1919521"/>
 <node id="6001968464" visible="true" version="2" changeset="94429597" timestamp="2020-11-19T10:37:35Z" user="shanhulittle" uid="11213533" lat="39.9960851" lon="116.1957025"/>
 <node id="6001968465" visible="true" version="1" changeset="63719833" timestamp="2018-10-21T06:51:14Z" user="ctboss" uid="7612177" lat="39.9951155" lon="116.1926370"/>
 <node id="6001968466" visible="true" version="2" changeset="63719848" timestamp="2018-10-21T06:52:24Z" user="ctboss" uid="7612177" lat="39.9949316" lon="116.1913187">
  <tag k="barrier" v="gate"/>
 </node>
 <node id="6001968467" visible="true" version="2" changeset="63856435" timestamp="2018-10-25T06:47:53Z" user="ctboss" uid="7612177" lat="39.9953789" lon="116.1906491"/>
 <node id="6001968468" visible="true" version="2" changeset="75309668" timestamp="2019-10-05T06:35:12Z" user="ctboss" uid="7612177" lat="39.9957604" lon="116.1903086"/>
 <node id="6008961014" visible="true" version="1" changeset="63816171" timestamp="2018-10-24T03:28:47Z" user="ctboss" uid="7612177" lat="39.9945416" lon="116.1881554"/>
 <node id="6011847671" visible="true" version="3" changeset="72981244" timestamp="2019-08-04T04:51:11Z" user="ctboss" uid="7612177" lat="39.9985901" lon="116.1963868"/>
 <node id="6011847676" visible="true" version="1" changeset="63855872" timestamp="2018-10-25T06:22:22Z" user="ctboss" uid="7612177" lat="39.9971003" lon="116.1956869"/>
 <node id="6011847678" visible="true" version="1" changeset="63855872" timestamp="2018-10-25T06:22:22Z" user="ctboss" uid="7612177" lat="39.9980642" lon="116.1963100"/>
 <node id="6011847679" visible="true" version="1" changeset="63855872" timestamp="2018-10-25T06:22:22Z" user="ctboss" uid="7612177" lat="39.9971677" lon="116.1961466"/>
 <node id="6011895539" visible="true" version="1" changeset="63856385" timestamp="2018-10-25T06:46:07Z" user="ctboss" uid="7612177" lat="39.9971478" lon="116.1904749">
  <tag k="amenity" v="toilets"/>
 </node>
 <node id="6018884697" visible="true" version="1" changeset="63942930" timestamp="2018-10-28T07:22:08Z" user="ctboss" uid="7612177" lat="39.9995617" lon="116.1972208"/>
 <node id="6018887604" visible="true" version="2" changeset="75309668" timestamp="2019-10-05T06:35:12Z" user="ctboss" uid="7612177" lat="39.9962249" lon="116.1934560"/>
 <node id="6018887605" visible="true" version="2" changeset="94429597" timestamp="2020-11-19T10:37:35Z" user="shanhulittle" uid="11213533" lat="39.9968554" lon="116.1945419"/>
 <node id="6018887606" visible="true" version="1" changeset="63943002" timestamp="2018-10-28T07:28:48Z" user="ctboss" uid="7612177" lat="39.9963857" lon="116.1945900"/>
 <node id="6018887607" visible="true" version="1" changeset="63943002" timestamp="2018-10-28T07:28:48Z" user="ctboss" uid="7612177" lat="39.9968343" lon="116.1945023"/>
 <node id="6018887608" visible="true" version="2" changeset="94429597" timestamp="2020-11-19T10:37:35Z" user="shanhulittle" uid="11213533" lat="39.9962027" lon="116.1947643"/>
 <node id="6018887609" visible="true" version="1" changeset="63943002" timestamp="2018-10-28T07:28:48Z" user="ctboss" uid="7612177" lat="39.9966509" lon="116.1933665"/>
 <node id="6018887610" visible="true" version="2" changeset="94429597" timestamp="2020-11-19T10:37:35Z" user="shanhulittle" uid="11213533" lat="39.9969799" lon="116.1951642"/>
 <node id="6018887611" visible="true" version="2" changeset="94429597" timestamp="2020-11-19T10:37:35Z" user="shanhulittle" uid="11213533" lat="39.9963272" lon="116.1953866"/>
 <node id="6018983138" visible="true" version="1" changeset="63944413" timestamp="2018-10-28T08:56:14Z" user="ctboss" uid="7612177" lat="39.9934209" lon="116.1918570">
  <tag k="barrier" v="gate"/>
 </node>
 <node id="6018983141" visible="true" version="1" changeset="63944413" timestamp="2018-10-28T08:56:14Z" user="ctboss" uid="7612177" lat="39.9935914" lon="116.1914470"/>
 <node id="6018983142" visible="true" version="1" changeset="63944413" timestamp="2018-10-28T08:56:14Z" user="ctboss" uid="7612177" lat="39.9940215" lon="116.1921386"/>
 <node id="6018983143" visible="true" version="1" changeset="63944413" timestamp="2018-10-28T08:56:14Z" user="ctboss" uid="7612177" lat="39.9936987" lon="116.1919872">
  <tag k="amenity" v="toilets"/>
 </node>
 <node id="6018983144" visible="true" version="1" changeset="63944413" timestamp="2018-10-28T08:56:14Z" user="ctboss" uid="7612177" lat="39.9940405" lon="116.1913899"/>
 <node id="6021286200" visible="true" version="1" changeset="63966633" timestamp="2018-10-29T05:52:11Z" user="ctboss" uid="7612177" lat="39.9963556" lon="116.1944438">
  <tag k="entrance" v="yes"/>
 </node>
 <node id="6021296386" visible="true" version="3" changeset="128685806" timestamp="2022-11-09T12:37:06Z" user="shanhulittle" uid="11213533" lat="39.9953613" lon="116.1946150">
  <tag k="access" v="yes"/>
  <tag k="barrier" v="lift_gate"/>
 </node>
 <node id="6021296387" visible="true" version="2" changeset="128685806" timestamp="2022-11-09T12:37:06Z" user="shanhulittle" uid="11213533" lat="39.9939813" lon="116.1946955">
  <tag k="access" v="yes"/>
  <tag k="barrier" v="lift_gate"/>
 </node>
 <node id="6021296388" visible="true" version="2" changeset="94429597" timestamp="2020-11-19T10:37:35Z" user="shanhulittle" uid="11213533" lat="39.9942064" lon="116.1934760"/>
 <node id="6021296389" visible="true" version="2" changeset="94429597" timestamp="2020-11-19T10:37:35Z" user="shanhulittle" uid="11213533" lat="39.9952830" lon="116.1933294"/>
 <node id="6052228741" visible="true" version="1" changeset="64367358" timestamp="2018-11-11T06:12:02Z" user="ctboss" uid="7612177" lat="39.9959949" lon="116.1952639">
  <tag k="barrier" v="gate"/>
 </node>
 <node id="6052228742" visible="true" version="2" changeset="120586786" timestamp="2022-05-05T12:21:05Z" user="cqrCpf7Ce_A7" uid="3620913" lat="39.9954548" lon="116.1958151">
  <tag k="camera:mount" v="wall"/>
  <tag k="camera:type" v="fixed"/>
  <tag k="man_made" v="surveillance"/>
  <tag k="surveillance" v="outdoor"/>
  <tag k="surveillance:type" v="camera"/>
 </node>
 <node id="6052228743" visible="true" version="1" changeset="64367358" timestamp="2018-11-11T06:12:02Z" user="ctboss" uid="7612177" lat="39.9958258" lon="116.1951560"/>
 <node id="6052228744" visible="true" version="1" changeset="64367358" timestamp="2018-11-11T06:12:02Z" user="ctboss" uid="7612177" lat="39.9959311" lon="116.1958768"/>
 <node id="6052228745" visible="true" version="2" changeset="120586786" timestamp="2022-05-05T12:21:05Z" user="cqrCpf7Ce_A7" uid="3620913" lat="39.9956165" lon="116.1954283">
  <tag k="barrier" v="swing_gate"/>
 </node>
 <node id="6052228747" visible="true" version="2" changeset="120586786" timestamp="2022-05-05T12:21:05Z" user="cqrCpf7Ce_A7" uid="3620913" lat="39.9956000" lon="116.1954562"/>
 <node id="6052228748" visible="true" version="1" changeset="64367358" timestamp="2018-11-11T06:12:02Z" user="ctboss" uid="7612177" lat="39.9958790" lon="116.1951738"/>
 <node id="6052228749" visible="true" version="2" changeset="120586786" timestamp="2022-05-05T12:21:05Z" user="cqrCpf7Ce_A7" uid="3620913" lat="39.9955538" lon="116.1956013"/>
 <node id="6052228750" visible="true" version="2" changeset="120586786" timestamp="2022-05-05T12:21:05Z" user="cqrCpf7Ce_A7" uid="3620913" lat="39.9955296" lon="116.1957479"/>
 <node id="6052228751" visible="true" version="1" changeset="64367358" timestamp="2018-11-11T06:12:02Z" user="ctboss" uid="7612177" lat="39.9956219" lon="116.1956656"/>
 <node id="6052228752" visible="true" version="1" changeset="64367358" timestamp="2018-11-11T06:12:02Z" user="ctboss" uid="7612177" lat="39.9955919" lon="116.1955678"/>
 <node id="6052228753" visible="true" version="1" changeset="64367358" timestamp="2018-11-11T06:12:02Z" user="ctboss" uid="7612177" lat="39.9959048" lon="116.1958717">
  <tag k="entrance" v="yes"/>
 </node>
 <node id="6052228754" visible="true" version="1" changeset="64367358" timestamp="2018-11-11T06:12:02Z" user="ctboss" uid="7612177" lat="39.9959536" lon="116.1951755"/>
 <node id="6052228755" visible="true" version="1" changeset="64367358" timestamp="2018-11-11T06:12:02Z" user="ctboss" uid="7612177" lat="39.9958743" lon="116.1952832"/>
 <node id="6052228756" visible="true" version="1" changeset="64367358" timestamp="2018-11-11T06:12:02Z" user="ctboss" uid="7612177" lat="39.9956730" lon="116.1956037"/>
 <node id="6052228757" visible="true" version="1" changeset="64367358" timestamp="2018-11-11T06:12:02Z" user="ctboss" uid="7612177" lat="39.9957833" lon="116.1956774"/>
 <node id="6052228758" visible="true" version="1" changeset="64367358" timestamp="2018-11-11T06:12:02Z" user="ctboss" uid="7612177" lat="39.9959723" lon="116.1951516"/>
 <node id="6052228759" visible="true" version="1" changeset="64367358" timestamp="2018-11-11T06:12:02Z" user="ctboss" uid="7612177" lat="39.9955151" lon="116.1960920"/>
 <node id="6052228760" visible="true" version="1" changeset="64367358" timestamp="2018-11-11T06:12:02Z" user="ctboss" uid="7612177" lat="39.9959186" lon="116.1961084"/>
 <node id="6052228761" visible="true" version="1" changeset="64367358" timestamp="2018-11-11T06:12:02Z" user="ctboss" uid="7612177" lat="39.9956324" lon="116.1960489"/>
 <node id="6052228762" visible="true" version="1" changeset="64367358" timestamp="2018-11-11T06:12:02Z" user="ctboss" uid="7612177" lat="39.9955377" lon="116.1960387"/>
 <node id="6052228765" visible="true" version="1" changeset="64367358" timestamp="2018-11-11T06:12:02Z" user="ctboss" uid="7612177" lat="39.9956365" lon="116.1961109">
  <tag k="barrier" v="swing_gate"/>
 </node>
 <node id="6052228766" visible="true" version="1" changeset="64367358" timestamp="2018-11-11T06:12:02Z" user="ctboss" uid="7612177" lat="39.9959572" lon="116.1958819">
  <tag k="entrance" v="yes"/>
 </node>
 <node id="6052228767" visible="true" version="2" changeset="120586786" timestamp="2022-05-05T12:21:05Z" user="cqrCpf7Ce_A7" uid="3620913" lat="39.9954755" lon="116.1961589">
  <tag k="camera:mount" v="wall"/>
  <tag k="camera:type" v="fixed"/>
  <tag k="man_made" v="surveillance"/>
  <tag k="surveillance" v="outdoor"/>
  <tag k="surveillance:type" v="camera"/>
 </node>
 <node id="6052228768" visible="true" version="1" changeset="64367358" timestamp="2018-11-11T06:12:03Z" user="ctboss" uid="7612177" lat="39.9958864" lon="116.1960509"/>
 <node id="6052228769" visible="true" version="1" changeset="64367358" timestamp="2018-11-11T06:12:03Z" user="ctboss" uid="7612177" lat="39.9956364" lon="116.1961473"/>
 <node id="6052228770" visible="true" version="1" changeset="64367358" timestamp="2018-11-11T06:12:03Z" user="ctboss" uid="7612177" lat="39.9957984" lon="116.1951207"/>
 <node id="6052228771" visible="true" version="2" changeset="120586786" timestamp="2022-05-05T12:21:05Z" user="cqrCpf7Ce_A7" uid="3620913" lat="39.9954570" lon="116.1957505"/>
 <node id="6052228772" visible="true" version="1" changeset="64367358" timestamp="2018-11-11T06:12:03Z" user="ctboss" uid="7612177" lat="39.9958092" lon="116.1952809"/>
 <node id="6052228773" visible="true" version="1" changeset="64367358" timestamp="2018-11-11T06:12:03Z" user="ctboss" uid="7612177" lat="39.9959987" lon="116.1951194"/>
 <node id="6052228774" visible="true" version="1" changeset="64367358" timestamp="2018-11-11T06:12:03Z" user="ctboss" uid="7612177" lat="39.9959399" lon="116.1961483"/>
 <node id="6052232336" visible="true" version="2" changeset="94429597" timestamp="2020-11-19T10:37:35Z" user="shanhulittle" uid="11213533" lat="39.9954103" lon="116.1940668"/>
 <node id="6162829298" visible="true" version="1" changeset="65774539" timestamp="2018-12-26T05:29:54Z" user="ctboss" uid="7612177" lat="39.9928652" lon="116.1882343"/>
 <node id="6162829299" visible="true" version="1" changeset="65774539" timestamp="2018-12-26T05:29:54Z" user="ctboss" uid="7612177" lat="39.9938636" lon="116.1881098"/>
 <node id="6680834250" visible="true" version="1" changeset="72981244" timestamp="2019-08-04T04:51:11Z" user="ctboss" uid="7612177" lat="39.9972772" lon="116.1959839"/>
 <node id="8100506952" visible="true" version="1" changeset="93855112" timestamp="2020-11-10T10:46:40Z" user="shanhulittle" uid="11213533" lat="39.9906751" lon="116.1931529"/>
 <node id="8141930707" visible="true" version="1" changeset="94429597" timestamp="2020-11-19T10:37:35Z" user="shanhulittle" uid="11213533" lat="39.9914712" lon="116.1922005"/>
 <node id="8141930708" visible="true" version="1" changeset="94429597" timestamp="2020-11-19T10:37:35Z" user="shanhulittle" uid="11213533" lat="39.9915719" lon="116.1921765"/>
 <node id="8141939819" visible="true" version="2" changeset="137256306" timestamp="2023-06-12T18:48:41Z" user="快乐的老鼠宝宝" uid="9403945" lat="39.9924916" lon="116.1935080"/>
 <node id="8141939820" visible="true" version="2" changeset="137256306" timestamp="2023-06-12T18:48:41Z" user="快乐的老鼠宝宝" uid="9403945" lat="39.9925192" lon="116.1935437"/>
 <node id="8141939821" visible="true" version="2" changeset="137256306" timestamp="2023-06-12T18:48:41Z" user="快乐的老鼠宝宝" uid="9403945" lat="39.9925540" lon="116.1935846"/>
 <node id="8141939822" visible="true" version="2" changeset="137256306" timestamp="2023-06-12T18:48:41Z" user="快乐的老鼠宝宝" uid="9403945" lat="39.9925868" lon="116.1936283"/>
 <node id="8141939823" visible="true" version="2" changeset="95229525" timestamp="2020-12-03T13:29:32Z" user="shanhulittle" uid="11213533" lat="39.9922299" lon="116.1929479"/>
 <node id="8141939824" visible="true" version="1" changeset="94429597" timestamp="2020-11-19T10:37:35Z" user="shanhulittle" uid="11213533" lat="39.9909360" lon="116.1923044"/>
 <node id="8141939825" visible="true" version="1" changeset="94429597" timestamp="2020-11-19T10:37:35Z" user="shanhulittle" uid="11213533" lat="39.9908764" lon="116.1926434"/>
 <node id="8141939826" visible="true" version="1" changeset="94429597" timestamp="2020-11-19T10:37:35Z" user="shanhulittle" uid="11213533" lat="39.9908662" lon="116.1929271"/>
 <node id="8141939827" visible="true" version="1" changeset="94429597" timestamp="2020-11-19T10:37:35Z" user="shanhulittle" uid="11213533" lat="39.9908170" lon="116.1926609"/>
 <node id="8141939828" visible="true" version="1" changeset="94429597" timestamp="2020-11-19T10:37:35Z" user="shanhulittle" uid="11213533" lat="39.9912099" lon="116.1929344"/>
 <node id="8141939829" visible="true" version="1" changeset="94429597" timestamp="2020-11-19T10:37:35Z" user="shanhulittle" uid="11213533" lat="39.9910697" lon="116.1928411"/>
 <node id="8141939835" visible="true" version="1" changeset="94429597" timestamp="2020-11-19T10:37:35Z" user="shanhulittle" uid="11213533" lat="39.9932823" lon="116.1915929"/>
 <node id="8141939836" visible="true" version="1" changeset="94429597" timestamp="2020-11-19T10:37:35Z" user="shanhulittle" uid="11213533" lat="39.9932322" lon="116.1916680"/>
 <node id="8141939837" visible="true" version="1" changeset="94429597" timestamp="2020-11-19T10:37:35Z" user="shanhulittle" uid="11213533" lat="39.9941246" lon="116.1943937"/>
 <node id="8141939838" visible="true" version="1" changeset="94429597" timestamp="2020-11-19T10:37:35Z" user="shanhulittle" uid="11213533" lat="39.9939128" lon="116.1943465"/>
 <node id="8141939839" visible="true" version="1" changeset="94429597" timestamp="2020-11-19T10:37:35Z" user="shanhulittle" uid="11213533" lat="39.9938665" lon="116.1947022"/>
 <node id="8141939840" visible="true" version="1" changeset="94429597" timestamp="2020-11-19T10:37:35Z" user="shanhulittle" uid="11213533" lat="39.9952007" lon="116.1931719"/>
 <node id="8141939841" visible="true" version="1" changeset="94429597" timestamp="2020-11-19T10:37:35Z" user="shanhulittle" uid="11213533" lat="39.9951375" lon="116.1930429"/>
 <node id="8141939842" visible="true" version="1" changeset="94429597" timestamp="2020-11-19T10:37:35Z" user="shanhulittle" uid="11213533" lat="39.9950348" lon="116.1929200"/>
 <node id="8141939843" visible="true" version="1" changeset="94429597" timestamp="2020-11-19T10:37:35Z" user="shanhulittle" uid="11213533" lat="39.9945140" lon="116.1929264"/>
 <node id="8141939844" visible="true" version="1" changeset="94429597" timestamp="2020-11-19T10:37:35Z" user="shanhulittle" uid="11213533" lat="39.9944852" lon="116.1931896"/>
 <node id="8141939845" visible="true" version="1" changeset="94429597" timestamp="2020-11-19T10:37:35Z" user="shanhulittle" uid="11213533" lat="39.9944697" lon="116.1932793"/>
 <node id="8141939846" visible="true" version="1" changeset="94429597" timestamp="2020-11-19T10:37:35Z" user="shanhulittle" uid="11213533" lat="39.9943979" lon="116.1933558"/>
 <node id="8141939847" visible="true" version="1" changeset="94429597" timestamp="2020-11-19T10:37:35Z" user="shanhulittle" uid="11213533" lat="39.9954143" lon="116.1937639"/>
 <node id="8141939848" visible="true" version="1" changeset="94429597" timestamp="2020-11-19T10:37:35Z" user="shanhulittle" uid="11213533" lat="39.9953476" lon="116.1934863"/>
 <node id="8141939849" visible="true" version="1" changeset="94429597" timestamp="2020-11-19T10:37:35Z" user="shanhulittle" uid="11213533" lat="39.9953577" lon="116.1935944"/>
 <node id="8141939850" visible="true" version="1" changeset="94429597" timestamp="2020-11-19T10:37:35Z" user="shanhulittle" uid="11213533" lat="39.9961129" lon="116.1952165"/>
 <node id="8141939851" visible="true" version="1" changeset="94429597" timestamp="2020-11-19T10:37:35Z" user="shanhulittle" uid="11213533" lat="39.9961304" lon="116.1957725"/>
 <node id="8141939852" visible="true" version="1" changeset="94429597" timestamp="2020-11-19T10:37:35Z" user="shanhulittle" uid="11213533" lat="39.9960402" lon="116.1958328"/>
 <node id="8141939853" visible="true" version="1" changeset="94429597" timestamp="2020-11-19T10:37:35Z" user="shanhulittle" uid="11213533" lat="39.9977779" lon="116.1919015"/>
 <node id="8141939854" visible="true" version="1" changeset="94429597" timestamp="2020-11-19T10:37:35Z" user="shanhulittle" uid="11213533" lat="39.9978219" lon="116.1917924"/>
 <node id="8141939855" visible="true" version="1" changeset="94429597" timestamp="2020-11-19T10:37:35Z" user="shanhulittle" uid="11213533" lat="39.9989590" lon="116.1910335"/>
 <node id="8141939856" visible="true" version="1" changeset="94429597" timestamp="2020-11-19T10:37:35Z" user="shanhulittle" uid="11213533" lat="39.9990427" lon="116.1908164"/>
 <node id="8141939857" visible="true" version="1" changeset="94429597" timestamp="2020-11-19T10:37:35Z" user="shanhulittle" uid="11213533" lat="39.9993377" lon="116.1905434"/>
 <node id="8141939858" visible="true" version="1" changeset="94429597" timestamp="2020-11-19T10:37:35Z" user="shanhulittle" uid="11213533" lat="39.9993774" lon="116.1904629"/>
 <node id="8141939859" visible="true" version="1" changeset="94429597" timestamp="2020-11-19T10:37:35Z" user="shanhulittle" uid="11213533" lat="39.9994534" lon="116.1903686"/>
 <node id="8141939860" visible="true" version="1" changeset="94429597" timestamp="2020-11-19T10:37:35Z" user="shanhulittle" uid="11213533" lat="39.9995158" lon="116.1902889"/>
 <node id="8141939861" visible="true" version="1" changeset="94429597" timestamp="2020-11-19T10:37:35Z" user="shanhulittle" uid="11213533" lat="39.9996211" lon="116.1900921"/>
 <node id="8190813771" visible="true" version="1" changeset="95229525" timestamp="2020-12-03T13:29:32Z" user="shanhulittle" uid="11213533" lat="39.9934160" lon="116.1921023"/>
 <node id="8190813772" visible="true" version="1" changeset="95229525" timestamp="2020-12-03T13:29:32Z" user="shanhulittle" uid="11213533" lat="39.9930976" lon="116.1919820"/>
 <node id="8190813773" visible="true" version="1" changeset="95229525" timestamp="2020-12-03T13:29:32Z" user="shanhulittle" uid="11213533" lat="39.9931035" lon="116.1921223"/>
 <node id="8433928147" visible="true" version="1" changeset="99497648" timestamp="2021-02-18T06:44:43Z" user="Nikolai E" uid="11658376" lat="39.9989992" lon="116.1860520"/>
 <node id="8551004460" visible="true" version="1" changeset="101521499" timestamp="2021-03-22T17:50:29Z" user="lizzyd710" uid="11896050" lat="39.9987212" lon="116.1969740"/>
 <node id="8551004461" visible="true" version="1" changeset="101521499" timestamp="2021-03-22T17:50:29Z" user="lizzyd710" uid="11896050" lat="39.9991010" lon="116.1973506"/>
 <node id="8714920265" visible="true" version="1" changeset="104399965" timestamp="2021-05-09T15:02:11Z" user="shanhulittle" uid="11213533" lat="39.9912848" lon="116.1957383"/>
 <node id="8714920266" visible="true" version="1" changeset="104399965" timestamp="2021-05-09T15:02:11Z" user="shanhulittle" uid="11213533" lat="39.9912976" lon="116.1967100"/>
 <node id="8962674719" visible="true" version="1" changeset="108878060" timestamp="2021-07-30T09:25:56Z" user="cqrCpf7Ce_A7" uid="3620913" lat="40.0037973" lon="116.1818527"/>
 <node id="8962674721" visible="true" version="2" changeset="125150949" timestamp="2022-08-20T14:48:20Z" user="cqrCpf7Ce_A7" uid="3620913" lat="40.0037834" lon="116.1818129"/>
 <node id="8973230608" visible="true" version="2" changeset="109703646" timestamp="2021-08-15T14:46:54Z" user="cqrCpf7Ce_A7" uid="3620913" lat="40.0060155" lon="116.1891310"/>
 <node id="9004401101" visible="true" version="1" changeset="109629852" timestamp="2021-08-13T12:49:18Z" user="cqrCpf7Ce_A7" uid="3620913" lat="40.0042067" lon="116.1902274"/>
 <node id="9004401102" visible="true" version="1" changeset="109629852" timestamp="2021-08-13T12:49:18Z" user="cqrCpf7Ce_A7" uid="3620913" lat="40.0039967" lon="116.1903736"/>
 <node id="9004401103" visible="true" version="1" changeset="109629852" timestamp="2021-08-13T12:49:18Z" user="cqrCpf7Ce_A7" uid="3620913" lat="40.0039500" lon="116.1905260"/>
 <node id="9004401104" visible="true" version="1" changeset="109629852" timestamp="2021-08-13T12:49:18Z" user="cqrCpf7Ce_A7" uid="3620913" lat="40.0038379" lon="116.1906479"/>
 <node id="9004401105" visible="true" version="1" changeset="109629852" timestamp="2021-08-13T12:49:18Z" user="cqrCpf7Ce_A7" uid="3620913" lat="40.0034785" lon="116.1907576"/>
 <node id="9004401106" visible="true" version="1" changeset="109629852" timestamp="2021-08-13T12:49:18Z" user="cqrCpf7Ce_A7" uid="3620913" lat="40.0031331" lon="116.1910318"/>
 <node id="9004401107" visible="true" version="1" changeset="109629852" timestamp="2021-08-13T12:49:18Z" user="cqrCpf7Ce_A7" uid="3620913" lat="40.0028810" lon="116.1911720"/>
 <node id="9004401108" visible="true" version="1" changeset="109629852" timestamp="2021-08-13T12:49:18Z" user="cqrCpf7Ce_A7" uid="3620913" lat="40.0027503" lon="116.1914036"/>
 <node id="9004401109" visible="true" version="1" changeset="109629852" timestamp="2021-08-13T12:49:18Z" user="cqrCpf7Ce_A7" uid="3620913" lat="40.0026569" lon="116.1916473"/>
 <node id="9004401110" visible="true" version="1" changeset="109629852" timestamp="2021-08-13T12:49:18Z" user="cqrCpf7Ce_A7" uid="3620913" lat="40.0024422" lon="116.1918606"/>
 <node id="9004401111" visible="true" version="1" changeset="109629852" timestamp="2021-08-13T12:49:18Z" user="cqrCpf7Ce_A7" uid="3620913" lat="40.0023488" lon="116.1920861"/>
 <node id="9004401112" visible="true" version="1" changeset="109629852" timestamp="2021-08-13T12:49:18Z" user="cqrCpf7Ce_A7" uid="3620913" lat="40.0022601" lon="116.1921166"/>
 <node id="9004401113" visible="true" version="1" changeset="109629852" timestamp="2021-08-13T12:49:18Z" user="cqrCpf7Ce_A7" uid="3620913" lat="40.0021294" lon="116.1923055"/>
 <node id="9004401114" visible="true" version="1" changeset="109629852" timestamp="2021-08-13T12:49:18Z" user="cqrCpf7Ce_A7" uid="3620913" lat="40.0019707" lon="116.1924030"/>
 <node id="9004401115" visible="true" version="1" changeset="109629852" timestamp="2021-08-13T12:49:18Z" user="cqrCpf7Ce_A7" uid="3620913" lat="40.0018866" lon="116.1925736"/>
 <node id="9004401116" visible="true" version="1" changeset="109629852" timestamp="2021-08-13T12:49:18Z" user="cqrCpf7Ce_A7" uid="3620913" lat="40.0017793" lon="116.1925553"/>
 <node id="9004401117" visible="true" version="1" changeset="109629852" timestamp="2021-08-13T12:49:18Z" user="cqrCpf7Ce_A7" uid="3620913" lat="40.0017326" lon="116.1927199"/>
 <node id="9004401118" visible="true" version="1" changeset="109629852" timestamp="2021-08-13T12:49:18Z" user="cqrCpf7Ce_A7" uid="3620913" lat="40.0015645" lon="116.1930429"/>
 <node id="9004401119" visible="true" version="1" changeset="109629852" timestamp="2021-08-13T12:49:18Z" user="cqrCpf7Ce_A7" uid="3620913" lat="40.0014011" lon="116.1933293"/>
 <node id="9004401120" visible="true" version="1" changeset="109629852" timestamp="2021-08-13T12:49:18Z" user="cqrCpf7Ce_A7" uid="3620913" lat="40.0012984" lon="116.1934512"/>
 <node id="9004401121" visible="true" version="1" changeset="109629852" timestamp="2021-08-13T12:49:18Z" user="cqrCpf7Ce_A7" uid="3620913" lat="40.0011351" lon="116.1938351"/>
 <node id="9004401122" visible="true" version="1" changeset="109629852" timestamp="2021-08-13T12:49:18Z" user="cqrCpf7Ce_A7" uid="3620913" lat="40.0012097" lon="116.1940179"/>
 <node id="9004401123" visible="true" version="1" changeset="109629852" timestamp="2021-08-13T12:49:18Z" user="cqrCpf7Ce_A7" uid="3620913" lat="40.0010650" lon="116.1944019"/>
 <node id="9004401124" visible="true" version="1" changeset="109629852" timestamp="2021-08-13T12:49:18Z" user="cqrCpf7Ce_A7" uid="3620913" lat="40.0009437" lon="116.1945055"/>
 <node id="9004401125" visible="true" version="1" changeset="109629852" timestamp="2021-08-13T12:49:18Z" user="cqrCpf7Ce_A7" uid="3620913" lat="40.0009717" lon="116.1946395"/>
 <node id="9004401126" visible="true" version="1" changeset="109629852" timestamp="2021-08-13T12:49:18Z" user="cqrCpf7Ce_A7" uid="3620913" lat="40.0044588" lon="116.1903675"/>
 <node id="9004401127" visible="true" version="1" changeset="109629852" timestamp="2021-08-13T12:49:18Z" user="cqrCpf7Ce_A7" uid="3620913" lat="40.0045475" lon="116.1906966"/>
 <node id="9004401128" visible="true" version="1" changeset="109629852" timestamp="2021-08-13T12:49:18Z" user="cqrCpf7Ce_A7" uid="3620913" lat="40.0047482" lon="116.1910927"/>
 <node id="9004401129" visible="true" version="1" changeset="109629852" timestamp="2021-08-13T12:49:18Z" user="cqrCpf7Ce_A7" uid="3620913" lat="40.0049256" lon="116.1913609"/>
 <node id="9004401130" visible="true" version="1" changeset="109629852" timestamp="2021-08-13T12:49:18Z" user="cqrCpf7Ce_A7" uid="3620913" lat="40.0051357" lon="116.1915803"/>
 <node id="9004401131" visible="true" version="1" changeset="109629852" timestamp="2021-08-13T12:49:18Z" user="cqrCpf7Ce_A7" uid="3620913" lat="40.0053644" lon="116.1918240"/>
 <node id="9004401132" visible="true" version="1" changeset="109629852" timestamp="2021-08-13T12:49:18Z" user="cqrCpf7Ce_A7" uid="3620913" lat="40.0054951" lon="116.1920739"/>
 <node id="9004401133" visible="true" version="1" changeset="109629852" timestamp="2021-08-13T12:49:18Z" user="cqrCpf7Ce_A7" uid="3620913" lat="40.0056585" lon="116.1927564"/>
 <node id="9004401134" visible="true" version="1" changeset="109629852" timestamp="2021-08-13T12:49:18Z" user="cqrCpf7Ce_A7" uid="3620913" lat="40.0057752" lon="116.1933293"/>
 <node id="9004401135" visible="true" version="1" changeset="109629852" timestamp="2021-08-13T12:49:18Z" user="cqrCpf7Ce_A7" uid="3620913" lat="40.0058685" lon="116.1936828"/>
 <node id="9004401136" visible="true" version="1" changeset="109629852" timestamp="2021-08-13T12:49:18Z" user="cqrCpf7Ce_A7" uid="3620913" lat="40.0059806" lon="116.1940240"/>
 <node id="9004401137" visible="true" version="1" changeset="109629852" timestamp="2021-08-13T12:49:18Z" user="cqrCpf7Ce_A7" uid="3620913" lat="40.0060459" lon="116.1942373"/>
 <node id="9004401138" visible="true" version="1" changeset="109629852" timestamp="2021-08-13T12:49:18Z" user="cqrCpf7Ce_A7" uid="3620913" lat="40.0060086" lon="116.1945725"/>
 <node id="9004401139" visible="true" version="1" changeset="109629852" timestamp="2021-08-13T12:49:18Z" user="cqrCpf7Ce_A7" uid="3620913" lat="40.0060693" lon="116.1947127"/>
 <node id="9004401140" visible="true" version="1" changeset="109629852" timestamp="2021-08-13T12:49:18Z" user="cqrCpf7Ce_A7" uid="3620913" lat="40.0060413" lon="116.1949442"/>
 <node id="9004401141" visible="true" version="1" changeset="109629852" timestamp="2021-08-13T12:49:18Z" user="cqrCpf7Ce_A7" uid="3620913" lat="40.0061533" lon="116.1952977"/>
 <node id="9004401142" visible="true" version="1" changeset="109629852" timestamp="2021-08-13T12:49:18Z" user="cqrCpf7Ce_A7" uid="3620913" lat="40.0062653" lon="116.1955537"/>
 <node id="9004401143" visible="true" version="1" changeset="109629852" timestamp="2021-08-13T12:49:18Z" user="cqrCpf7Ce_A7" uid="3620913" lat="40.0063489" lon="116.1958244"/>
 <node id="9008032280" visible="true" version="1" changeset="109703646" timestamp="2021-08-15T14:46:54Z" user="cqrCpf7Ce_A7" uid="3620913" lat="40.0057232" lon="116.1895379"/>
 <node id="9008032284" visible="true" version="1" changeset="109703646" timestamp="2021-08-15T14:46:54Z" user="cqrCpf7Ce_A7" uid="3620913" lat="40.0050821" lon="116.1900618"/>
 <node id="9008032285" visible="true" version="1" changeset="109703646" timestamp="2021-08-15T14:46:54Z" user="cqrCpf7Ce_A7" uid="3620913" lat="40.0052217" lon="116.1899447"/>
 <node id="9008032286" visible="true" version="1" changeset="109703646" timestamp="2021-08-15T14:46:54Z" user="cqrCpf7Ce_A7" uid="3620913" lat="40.0053315" lon="116.1897427"/>
 <node id="9008032287" visible="true" version="1" changeset="109703646" timestamp="2021-08-15T14:46:54Z" user="cqrCpf7Ce_A7" uid="3620913" lat="40.0053051" lon="116.1895791"/>
 <node id="9008032288" visible="true" version="1" changeset="109703646" timestamp="2021-08-15T14:46:54Z" user="cqrCpf7Ce_A7" uid="3620913" lat="40.0051984" lon="116.1892820"/>
 <node id="9008032289" visible="true" version="1" changeset="109703646" timestamp="2021-08-15T14:46:54Z" user="cqrCpf7Ce_A7" uid="3620913" lat="40.0052644" lon="116.1891271"/>
 <node id="9008032290" visible="true" version="1" changeset="109703646" timestamp="2021-08-15T14:46:54Z" user="cqrCpf7Ce_A7" uid="3620913" lat="40.0052829" lon="116.1889125"/>
 <node id="9008032291" visible="true" version="1" changeset="109703646" timestamp="2021-08-15T14:46:54Z" user="cqrCpf7Ce_A7" uid="3620913" lat="40.0052583" lon="116.1887945"/>
 <node id="9008032292" visible="true" version="1" changeset="109703646" timestamp="2021-08-15T14:46:54Z" user="cqrCpf7Ce_A7" uid="3620913" lat="40.0051946" lon="116.1888052"/>
 <node id="9008032293" visible="true" version="1" changeset="109703646" timestamp="2021-08-15T14:46:54Z" user="cqrCpf7Ce_A7" uid="3620913" lat="40.0050652" lon="116.1889179"/>
 <node id="9008032294" visible="true" version="1" changeset="109703646" timestamp="2021-08-15T14:46:54Z" user="cqrCpf7Ce_A7" uid="3620913" lat="40.0049830" lon="116.1890037"/>
 <node id="9008032295" visible="true" version="1" changeset="109703646" timestamp="2021-08-15T14:46:54Z" user="cqrCpf7Ce_A7" uid="3620913" lat="40.0048864" lon="116.1889689"/>
 <node id="9008032296" visible="true" version="1" changeset="109703646" timestamp="2021-08-15T14:46:54Z" user="cqrCpf7Ce_A7" uid="3620913" lat="40.0047981" lon="116.1888777"/>
 <node id="9008032297" visible="true" version="1" changeset="109703646" timestamp="2021-08-15T14:46:54Z" user="cqrCpf7Ce_A7" uid="3620913" lat="40.0047262" lon="116.1886926"/>
 <node id="9008032298" visible="true" version="1" changeset="109703646" timestamp="2021-08-15T14:46:54Z" user="cqrCpf7Ce_A7" uid="3620913" lat="40.0046851" lon="116.1885397"/>
 <node id="9008032299" visible="true" version="1" changeset="109703646" timestamp="2021-08-15T14:46:54Z" user="cqrCpf7Ce_A7" uid="3620913" lat="40.0046070" lon="116.1883493"/>
 <node id="9008032300" visible="true" version="1" changeset="109703646" timestamp="2021-08-15T14:46:54Z" user="cqrCpf7Ce_A7" uid="3620913" lat="40.0044960" lon="116.1881535"/>
 <node id="9008032301" visible="true" version="1" changeset="109703646" timestamp="2021-08-15T14:46:54Z" user="cqrCpf7Ce_A7" uid="3620913" lat="40.0044180" lon="116.1879550"/>
 <node id="9008032302" visible="true" version="1" changeset="109703646" timestamp="2021-08-15T14:46:54Z" user="cqrCpf7Ce_A7" uid="3620913" lat="40.0044377" lon="116.1878672"/>
 <node id="9008032303" visible="true" version="1" changeset="109703646" timestamp="2021-08-15T14:46:54Z" user="cqrCpf7Ce_A7" uid="3620913" lat="40.0043646" lon="116.1878504"/>
 <node id="9008032304" visible="true" version="1" changeset="109703646" timestamp="2021-08-15T14:46:54Z" user="cqrCpf7Ce_A7" uid="3620913" lat="40.0043461" lon="116.1876519"/>
 <node id="9008032305" visible="true" version="1" changeset="109703646" timestamp="2021-08-15T14:46:54Z" user="cqrCpf7Ce_A7" uid="3620913" lat="40.0043105" lon="116.1874423"/>
 <node id="9008032306" visible="true" version="1" changeset="109703646" timestamp="2021-08-15T14:46:54Z" user="cqrCpf7Ce_A7" uid="3620913" lat="40.0043518" lon="116.1871088"/>
 <node id="9008032307" visible="true" version="1" changeset="109703646" timestamp="2021-08-15T14:46:54Z" user="cqrCpf7Ce_A7" uid="3620913" lat="40.0042976" lon="116.1869046"/>
 <node id="9008032308" visible="true" version="1" changeset="109703646" timestamp="2021-08-15T14:46:54Z" user="cqrCpf7Ce_A7" uid="3620913" lat="40.0041323" lon="116.1868411"/>
 <node id="9008032309" visible="true" version="1" changeset="109703646" timestamp="2021-08-15T14:46:54Z" user="cqrCpf7Ce_A7" uid="3620913" lat="40.0037819" lon="116.1866964"/>
 <node id="9008032310" visible="true" version="1" changeset="109703646" timestamp="2021-08-15T14:46:54Z" user="cqrCpf7Ce_A7" uid="3620913" lat="40.0035940" lon="116.1865167"/>
 <node id="9008032311" visible="true" version="1" changeset="109703646" timestamp="2021-08-15T14:46:54Z" user="cqrCpf7Ce_A7" uid="3620913" lat="40.0032614" lon="116.1866296"/>
 <node id="9008032312" visible="true" version="1" changeset="109703646" timestamp="2021-08-15T14:46:54Z" user="cqrCpf7Ce_A7" uid="3620913" lat="40.0031766" lon="116.1865777"/>
 <node id="9008032313" visible="true" version="1" changeset="109703646" timestamp="2021-08-15T14:46:54Z" user="cqrCpf7Ce_A7" uid="3620913" lat="40.0029619" lon="116.1865167"/>
 <node id="9008032314" visible="true" version="3" changeset="125150949" timestamp="2022-08-20T14:48:20Z" user="cqrCpf7Ce_A7" uid="3620913" lat="40.0026516" lon="116.1862752"/>
 <node id="9008032315" visible="true" version="2" changeset="125150949" timestamp="2022-08-20T14:48:20Z" user="cqrCpf7Ce_A7" uid="3620913" lat="40.0026250" lon="116.1860639"/>
 <node id="9008032316" visible="true" version="2" changeset="125150949" timestamp="2022-08-20T14:48:20Z" user="cqrCpf7Ce_A7" uid="3620913" lat="40.0026281" lon="116.1856695"/>
 <node id="9008101317" visible="true" version="2" changeset="125150949" timestamp="2022-08-20T14:48:20Z" user="cqrCpf7Ce_A7" uid="3620913" lat="40.0026058" lon="116.1852885"/>
 <node id="9008101349" visible="true" version="1" changeset="109703646" timestamp="2021-08-15T14:46:54Z" user="cqrCpf7Ce_A7" uid="3620913" lat="40.0043713" lon="116.1844931"/>
 <node id="9008101350" visible="true" version="2" changeset="120452070" timestamp="2022-05-02T09:27:11Z" user="cqrCpf7Ce_A7" uid="3620913" lat="40.0080450" lon="116.1965500"/>
 <node id="9008101351" visible="true" version="1" changeset="109703646" timestamp="2021-08-15T14:46:54Z" user="cqrCpf7Ce_A7" uid="3620913" lat="40.0080012" lon="116.1964839"/>
 <node id="9008101352" visible="true" version="2" changeset="120452070" timestamp="2022-05-02T09:27:11Z" user="cqrCpf7Ce_A7" uid="3620913" lat="40.0079382" lon="116.1963815"/>
 <node id="9008101353" visible="true" version="1" changeset="109703646" timestamp="2021-08-15T14:46:54Z" user="cqrCpf7Ce_A7" uid="3620913" lat="40.0076990" lon="116.1963801"/>
 <node id="9008101354" visible="true" version="1" changeset="109703646" timestamp="2021-08-15T14:46:54Z" user="cqrCpf7Ce_A7" uid="3620913" lat="40.0075505" lon="116.1963247"/>
 <node id="9008101355" visible="true" version="1" changeset="109703646" timestamp="2021-08-15T14:46:54Z" user="cqrCpf7Ce_A7" uid="3620913" lat="40.0074126" lon="116.1961378"/>
 <node id="9008101356" visible="true" version="1" changeset="109703646" timestamp="2021-08-15T14:46:54Z" user="cqrCpf7Ce_A7" uid="3620913" lat="40.0071952" lon="116.1961447"/>
 <node id="9008101357" visible="true" version="1" changeset="109703646" timestamp="2021-08-15T14:46:54Z" user="cqrCpf7Ce_A7" uid="3620913" lat="40.0070107" lon="116.1958713"/>
 <node id="9008101358" visible="true" version="3" changeset="120114177" timestamp="2022-04-24T08:04:55Z" user="cqrCpf7Ce_A7" uid="3620913" lat="40.0082273" lon="116.1931602"/>
 <node id="9008101359" visible="true" version="4" changeset="120123973" timestamp="2022-04-24T13:16:51Z" user="cqrCpf7Ce_A7" uid="3620913" lat="40.0080509" lon="116.1928913"/>
 <node id="9008101360" visible="true" version="1" changeset="109703646" timestamp="2021-08-15T14:46:54Z" user="cqrCpf7Ce_A7" uid="3620913" lat="40.0080158" lon="116.1924010"/>
 <node id="9008101361" visible="true" version="2" changeset="120114177" timestamp="2022-04-24T08:04:55Z" user="cqrCpf7Ce_A7" uid="3620913" lat="40.0083913" lon="116.1936819"/>
 <node id="9008101362" visible="true" version="1" changeset="109703646" timestamp="2021-08-15T14:46:54Z" user="cqrCpf7Ce_A7" uid="3620913" lat="40.0075393" lon="116.1944001"/>
 <node id="9008101363" visible="true" version="1" changeset="109703646" timestamp="2021-08-15T14:46:54Z" user="cqrCpf7Ce_A7" uid="3620913" lat="40.0075054" lon="116.1954239"/>
 <node id="9008101364" visible="true" version="1" changeset="109703646" timestamp="2021-08-15T14:46:54Z" user="cqrCpf7Ce_A7" uid="3620913" lat="40.0087076" lon="116.1924241"/>
 <node id="9008101365" visible="true" version="1" changeset="109703646" timestamp="2021-08-15T14:46:54Z" user="cqrCpf7Ce_A7" uid="3620913" lat="40.0089373" lon="116.1919439"/>
 <node id="9008101366" visible="true" version="1" changeset="109703646" timestamp="2021-08-15T14:46:54Z" user="cqrCpf7Ce_A7" uid="3620913" lat="40.0083724" lon="116.1944070"/>
 <node id="9008101367" visible="true" version="2" changeset="120452070" timestamp="2022-05-02T09:27:11Z" user="cqrCpf7Ce_A7" uid="3620913" lat="40.0082283" lon="116.1946129"/>
 <node id="9008101368" visible="true" version="1" changeset="109703646" timestamp="2021-08-15T14:46:54Z" user="cqrCpf7Ce_A7" uid="3620913" lat="40.0079800" lon="116.1920947"/>
 <node id="9008101369" visible="true" version="1" changeset="109703646" timestamp="2021-08-15T14:46:54Z" user="cqrCpf7Ce_A7" uid="3620913" lat="40.0080012" lon="116.1919354"/>
 <node id="9008101370" visible="true" version="1" changeset="109703646" timestamp="2021-08-15T14:46:54Z" user="cqrCpf7Ce_A7" uid="3620913" lat="40.0079800" lon="116.1917970"/>
 <node id="9008101371" visible="true" version="1" changeset="109703646" timestamp="2021-08-15T14:46:54Z" user="cqrCpf7Ce_A7" uid="3620913" lat="40.0080543" lon="116.1916585"/>
 <node id="9008101372" visible="true" version="1" changeset="109703646" timestamp="2021-08-15T14:46:54Z" user="cqrCpf7Ce_A7" uid="3620913" lat="40.0080224" lon="116.1914785"/>
 <node id="9008101373" visible="true" version="1" changeset="109703646" timestamp="2021-08-15T14:46:54Z" user="cqrCpf7Ce_A7" uid="3620913" lat="40.0081020" lon="116.1912708"/>
 <node id="9008101485" visible="true" version="1" changeset="109703646" timestamp="2021-08-15T14:46:54Z" user="cqrCpf7Ce_A7" uid="3620913" lat="40.0041513" lon="116.1869179"/>
 <node id="9008101486" visible="true" version="1" changeset="109703646" timestamp="2021-08-15T14:46:54Z" user="cqrCpf7Ce_A7" uid="3620913" lat="40.0048238" lon="116.1900799"/>
 <node id="9008101487" visible="true" version="1" changeset="109703646" timestamp="2021-08-15T14:46:54Z" user="cqrCpf7Ce_A7" uid="3620913" lat="40.0112535" lon="116.1928981"/>
 <node id="9008101488" visible="true" version="1" changeset="109703646" timestamp="2021-08-15T14:46:54Z" user="cqrCpf7Ce_A7" uid="3620913" lat="40.0111675" lon="116.1929147"/>
 <node id="9008101489" visible="true" version="1" changeset="109703646" timestamp="2021-08-15T14:46:54Z" user="cqrCpf7Ce_A7" uid="3620913" lat="40.0111144" lon="116.1930012"/>
 <node id="9008101490" visible="true" version="1" changeset="109703646" timestamp="2021-08-15T14:46:54Z" user="cqrCpf7Ce_A7" uid="3620913" lat="40.0111410" lon="116.1930947"/>
 <node id="9008101491" visible="true" version="1" changeset="109703646" timestamp="2021-08-15T14:46:54Z" user="cqrCpf7Ce_A7" uid="3620913" lat="40.0116261" lon="116.1905117"/>
 <node id="9008101492" visible="true" version="1" changeset="109703646" timestamp="2021-08-15T14:46:54Z" user="cqrCpf7Ce_A7" uid="3620913" lat="40.0116208" lon="116.1898332"/>
 <node id="9008101493" visible="true" version="1" changeset="109703646" timestamp="2021-08-15T14:46:54Z" user="cqrCpf7Ce_A7" uid="3620913" lat="40.0116898" lon="116.1898270"/>
 <node id="9008101494" visible="true" version="1" changeset="109703646" timestamp="2021-08-15T14:46:54Z" user="cqrCpf7Ce_A7" uid="3620913" lat="40.0117507" lon="116.1897577"/>
 <node id="9008101495" visible="true" version="3" changeset="163469416" timestamp="2025-03-11T05:33:06Z" user="吕明臻" uid="21273429" lat="40.0117830" lon="116.1896811"/>
 <node id="9008101497" visible="true" version="1" changeset="109703646" timestamp="2021-08-15T14:46:54Z" user="cqrCpf7Ce_A7" uid="3620913" lat="40.0116540" lon="116.1903500"/>
 <node id="9008101498" visible="true" version="1" changeset="109703646" timestamp="2021-08-15T14:46:54Z" user="cqrCpf7Ce_A7" uid="3620913" lat="40.0124184" lon="116.1886804"/>
 <node id="9008101499" visible="true" version="1" changeset="109703646" timestamp="2021-08-15T14:46:54Z" user="cqrCpf7Ce_A7" uid="3620913" lat="40.0035324" lon="116.1864295"/>
 <node id="9008101500" visible="true" version="1" changeset="109703646" timestamp="2021-08-15T14:46:54Z" user="cqrCpf7Ce_A7" uid="3620913" lat="40.0034394" lon="116.1863911"/>
 <node id="9008101501" visible="true" version="1" changeset="109703646" timestamp="2021-08-15T14:46:54Z" user="cqrCpf7Ce_A7" uid="3620913" lat="40.0033663" lon="116.1865761"/>
 <node id="9008139289" visible="true" version="2" changeset="118726125" timestamp="2022-03-21T09:16:48Z" user="cqrCpf7Ce_A7" uid="3620913" lat="40.0015686" lon="116.1941688"/>
 <node id="9008139291" visible="true" version="1" changeset="109704820" timestamp="2021-08-15T15:17:22Z" user="cqrCpf7Ce_A7" uid="3620913" lat="40.0017734" lon="116.1936916"/>
 <node id="9008139292" visible="true" version="1" changeset="109704820" timestamp="2021-08-15T15:17:22Z" user="cqrCpf7Ce_A7" uid="3620913" lat="40.0018761" lon="116.1934539"/>
 <node id="9008139293" visible="true" version="1" changeset="109704820" timestamp="2021-08-15T15:17:22Z" user="cqrCpf7Ce_A7" uid="3620913" lat="40.0020815" lon="116.1933320"/>
 <node id="9008139294" visible="true" version="1" changeset="109704820" timestamp="2021-08-15T15:17:22Z" user="cqrCpf7Ce_A7" uid="3620913" lat="40.0022822" lon="116.1932406"/>
 <node id="9008139295" visible="true" version="1" changeset="109704820" timestamp="2021-08-15T15:17:22Z" user="cqrCpf7Ce_A7" uid="3620913" lat="40.0024643" lon="116.1930273"/>
 <node id="9008139296" visible="true" version="1" changeset="109704820" timestamp="2021-08-15T15:17:22Z" user="cqrCpf7Ce_A7" uid="3620913" lat="40.0026417" lon="116.1929481"/>
 <node id="9008139297" visible="true" version="1" changeset="109704820" timestamp="2021-08-15T15:17:22Z" user="cqrCpf7Ce_A7" uid="3620913" lat="40.0027817" lon="116.1928993"/>
 <node id="9008139298" visible="true" version="1" changeset="109704820" timestamp="2021-08-15T15:17:22Z" user="cqrCpf7Ce_A7" uid="3620913" lat="40.0028798" lon="116.1930700"/>
 <node id="9008139299" visible="true" version="1" changeset="109704820" timestamp="2021-08-15T15:17:22Z" user="cqrCpf7Ce_A7" uid="3620913" lat="40.0029871" lon="116.1932223"/>
 <node id="9008139300" visible="true" version="1" changeset="109704820" timestamp="2021-08-15T15:17:22Z" user="cqrCpf7Ce_A7" uid="3620913" lat="40.0031412" lon="116.1932589"/>
 <node id="9008139301" visible="true" version="1" changeset="109704820" timestamp="2021-08-15T15:17:22Z" user="cqrCpf7Ce_A7" uid="3620913" lat="40.0032999" lon="116.1934295"/>
 <node id="9008139302" visible="true" version="1" changeset="109704820" timestamp="2021-08-15T15:17:22Z" user="cqrCpf7Ce_A7" uid="3620913" lat="40.0034400" lon="116.1936063"/>
 <node id="9008139303" visible="true" version="1" changeset="109704820" timestamp="2021-08-15T15:17:22Z" user="cqrCpf7Ce_A7" uid="3620913" lat="40.0036127" lon="116.1938561"/>
 <node id="9008139304" visible="true" version="1" changeset="109704820" timestamp="2021-08-15T15:17:22Z" user="cqrCpf7Ce_A7" uid="3620913" lat="40.0037294" lon="116.1939293"/>
 <node id="9008139305" visible="true" version="1" changeset="109704820" timestamp="2021-08-15T15:17:22Z" user="cqrCpf7Ce_A7" uid="3620913" lat="40.0038414" lon="116.1941547"/>
 <node id="9008139306" visible="true" version="1" changeset="109704820" timestamp="2021-08-15T15:17:22Z" user="cqrCpf7Ce_A7" uid="3620913" lat="40.0038601" lon="116.1944655"/>
 <node id="9008139307" visible="true" version="1" changeset="109704820" timestamp="2021-08-15T15:17:22Z" user="cqrCpf7Ce_A7" uid="3620913" lat="40.0038928" lon="116.1946727"/>
 <node id="9008139308" visible="true" version="1" changeset="109704820" timestamp="2021-08-15T15:17:22Z" user="cqrCpf7Ce_A7" uid="3620913" lat="40.0040141" lon="116.1947398"/>
 <node id="9008139309" visible="true" version="1" changeset="109704820" timestamp="2021-08-15T15:17:22Z" user="cqrCpf7Ce_A7" uid="3620913" lat="40.0041075" lon="116.1948129"/>
 <node id="9008139310" visible="true" version="1" changeset="109704820" timestamp="2021-08-15T15:17:22Z" user="cqrCpf7Ce_A7" uid="3620913" lat="40.0041495" lon="116.1951054"/>
 <node id="9008139311" visible="true" version="1" changeset="109704820" timestamp="2021-08-15T15:17:22Z" user="cqrCpf7Ce_A7" uid="3620913" lat="40.0041448" lon="116.1952395"/>
 <node id="9008139312" visible="true" version="1" changeset="109704820" timestamp="2021-08-15T15:17:22Z" user="cqrCpf7Ce_A7" uid="3620913" lat="40.0042195" lon="116.1953492"/>
 <node id="9008139313" visible="true" version="1" changeset="109704820" timestamp="2021-08-15T15:17:22Z" user="cqrCpf7Ce_A7" uid="3620913" lat="40.0042475" lon="116.1955564"/>
 <node id="9008139314" visible="true" version="1" changeset="109704820" timestamp="2021-08-15T15:17:22Z" user="cqrCpf7Ce_A7" uid="3620913" lat="40.0041775" lon="116.1956905"/>
 <node id="9008139315" visible="true" version="1" changeset="109704820" timestamp="2021-08-15T15:17:22Z" user="cqrCpf7Ce_A7" uid="3620913" lat="40.0041682" lon="116.1958306"/>
 <node id="9008139316" visible="true" version="1" changeset="109704820" timestamp="2021-08-15T15:17:22Z" user="cqrCpf7Ce_A7" uid="3620913" lat="40.0042335" lon="116.1960622"/>
 <node id="9008140417" visible="true" version="1" changeset="109704820" timestamp="2021-08-15T15:17:22Z" user="cqrCpf7Ce_A7" uid="3620913" lat="40.0042569" lon="116.1964096"/>
 <node id="9008140418" visible="true" version="1" changeset="109704820" timestamp="2021-08-15T15:17:22Z" user="cqrCpf7Ce_A7" uid="3620913" lat="40.0042569" lon="116.1966107"/>
 <node id="9008140419" visible="true" version="1" changeset="109704820" timestamp="2021-08-15T15:17:22Z" user="cqrCpf7Ce_A7" uid="3620913" lat="40.0043176" lon="116.1967935"/>
 <node id="9008140420" visible="true" version="1" changeset="109704820" timestamp="2021-08-15T15:17:22Z" user="cqrCpf7Ce_A7" uid="3620913" lat="40.0043222" lon="116.1968849"/>
 <node id="9008140421" visible="true" version="1" changeset="109704820" timestamp="2021-08-15T15:17:22Z" user="cqrCpf7Ce_A7" uid="3620913" lat="40.0035053" lon="116.1936489"/>
 <node id="9008140422" visible="true" version="1" changeset="109704820" timestamp="2021-08-15T15:17:22Z" user="cqrCpf7Ce_A7" uid="3620913" lat="40.0034726" lon="116.1931492"/>
 <node id="9008140423" visible="true" version="1" changeset="109704820" timestamp="2021-08-15T15:17:22Z" user="cqrCpf7Ce_A7" uid="3620913" lat="40.0033279" lon="116.1928201"/>
 <node id="9008140424" visible="true" version="1" changeset="109704820" timestamp="2021-08-15T15:17:22Z" user="cqrCpf7Ce_A7" uid="3620913" lat="40.0032065" lon="116.1925093"/>
 <node id="9008140425" visible="true" version="1" changeset="109704820" timestamp="2021-08-15T15:17:22Z" user="cqrCpf7Ce_A7" uid="3620913" lat="40.0030945" lon="116.1923204"/>
 <node id="9008140426" visible="true" version="1" changeset="109704820" timestamp="2021-08-15T15:17:22Z" user="cqrCpf7Ce_A7" uid="3620913" lat="40.0029825" lon="116.1923143"/>
 <node id="9008140427" visible="true" version="2" changeset="118726125" timestamp="2022-03-21T09:16:48Z" user="cqrCpf7Ce_A7" uid="3620913" lat="40.0029214" lon="116.1922061"/>
 <node id="9008140428" visible="true" version="1" changeset="109704820" timestamp="2021-08-15T15:17:22Z" user="cqrCpf7Ce_A7" uid="3620913" lat="40.0034954" lon="116.1934972"/>
 <node id="9008140429" visible="true" version="1" changeset="109704820" timestamp="2021-08-15T15:17:22Z" user="cqrCpf7Ce_A7" uid="3620913" lat="40.0035567" lon="116.1932467"/>
 <node id="9008140430" visible="true" version="1" changeset="109704820" timestamp="2021-08-15T15:17:22Z" user="cqrCpf7Ce_A7" uid="3620913" lat="40.0036687" lon="116.1930822"/>
 <node id="9008140431" visible="true" version="1" changeset="109704820" timestamp="2021-08-15T15:17:22Z" user="cqrCpf7Ce_A7" uid="3620913" lat="40.0037714" lon="116.1929908"/>
 <node id="9008140432" visible="true" version="1" changeset="109704820" timestamp="2021-08-15T15:17:22Z" user="cqrCpf7Ce_A7" uid="3620913" lat="40.0038741" lon="116.1927775"/>
 <node id="9008140433" visible="true" version="1" changeset="109704820" timestamp="2021-08-15T15:17:22Z" user="cqrCpf7Ce_A7" uid="3620913" lat="40.0039254" lon="116.1924118"/>
 <node id="9008140434" visible="true" version="1" changeset="109704820" timestamp="2021-08-15T15:17:22Z" user="cqrCpf7Ce_A7" uid="3620913" lat="40.0040235" lon="116.1922290"/>
 <node id="9008140435" visible="true" version="1" changeset="109704820" timestamp="2021-08-15T15:17:22Z" user="cqrCpf7Ce_A7" uid="3620913" lat="40.0041402" lon="116.1921924"/>
 <node id="9008140436" visible="true" version="1" changeset="109704820" timestamp="2021-08-15T15:17:22Z" user="cqrCpf7Ce_A7" uid="3620913" lat="40.0043036" lon="116.1922716"/>
 <node id="9008140437" visible="true" version="1" changeset="109704820" timestamp="2021-08-15T15:17:22Z" user="cqrCpf7Ce_A7" uid="3620913" lat="40.0044156" lon="116.1921741"/>
 <node id="9008140438" visible="true" version="1" changeset="109704820" timestamp="2021-08-15T15:17:22Z" user="cqrCpf7Ce_A7" uid="3620913" lat="40.0046117" lon="116.1920949"/>
 <node id="9008140439" visible="true" version="1" changeset="109704820" timestamp="2021-08-15T15:17:22Z" user="cqrCpf7Ce_A7" uid="3620913" lat="40.0047424" lon="116.1919487"/>
 <node id="9008140440" visible="true" version="1" changeset="109704820" timestamp="2021-08-15T15:17:22Z" user="cqrCpf7Ce_A7" uid="3620913" lat="40.0048170" lon="116.1918877"/>
 <node id="9008140441" visible="true" version="1" changeset="109704820" timestamp="2021-08-15T15:17:22Z" user="cqrCpf7Ce_A7" uid="3620913" lat="40.0048871" lon="116.1919487"/>
 <node id="9008140442" visible="true" version="1" changeset="109704820" timestamp="2021-08-15T15:17:22Z" user="cqrCpf7Ce_A7" uid="3620913" lat="40.0050458" lon="116.1918633"/>
 <node id="9008140443" visible="true" version="1" changeset="109704820" timestamp="2021-08-15T15:17:22Z" user="cqrCpf7Ce_A7" uid="3620913" lat="40.0050925" lon="116.1917049"/>
 <node id="9008140444" visible="true" version="1" changeset="109704820" timestamp="2021-08-15T15:17:22Z" user="cqrCpf7Ce_A7" uid="3620913" lat="40.0052624" lon="116.1917154"/>
 <node id="9008140445" visible="true" version="1" changeset="109704820" timestamp="2021-08-15T15:17:22Z" user="cqrCpf7Ce_A7" uid="3620913" lat="40.0056339" lon="116.1922960"/>
 <node id="9008140446" visible="true" version="1" changeset="109704820" timestamp="2021-08-15T15:17:22Z" user="cqrCpf7Ce_A7" uid="3620913" lat="40.0057273" lon="116.1925032"/>
 <node id="9008140447" visible="true" version="1" changeset="109704820" timestamp="2021-08-15T15:17:22Z" user="cqrCpf7Ce_A7" uid="3620913" lat="40.0058767" lon="116.1927896"/>
 <node id="9008140448" visible="true" version="1" changeset="109704820" timestamp="2021-08-15T15:17:22Z" user="cqrCpf7Ce_A7" uid="3620913" lat="40.0059187" lon="116.1930883"/>
 <node id="9008140449" visible="true" version="1" changeset="109704820" timestamp="2021-08-15T15:17:22Z" user="cqrCpf7Ce_A7" uid="3620913" lat="40.0059887" lon="116.1933016"/>
 <node id="9008140450" visible="true" version="1" changeset="109704820" timestamp="2021-08-15T15:17:22Z" user="cqrCpf7Ce_A7" uid="3620913" lat="40.0061007" lon="116.1934234"/>
 <node id="9008140451" visible="true" version="1" changeset="109704820" timestamp="2021-08-15T15:17:22Z" user="cqrCpf7Ce_A7" uid="3620913" lat="40.0062688" lon="116.1934417"/>
 <node id="9008140452" visible="true" version="1" changeset="109704820" timestamp="2021-08-15T15:17:22Z" user="cqrCpf7Ce_A7" uid="3620913" lat="40.0064555" lon="116.1933198"/>
 <node id="9008140453" visible="true" version="1" changeset="109704820" timestamp="2021-08-15T15:17:22Z" user="cqrCpf7Ce_A7" uid="3620913" lat="40.0065349" lon="116.1931614"/>
 <node id="9008140454" visible="true" version="1" changeset="109704820" timestamp="2021-08-15T15:17:22Z" user="cqrCpf7Ce_A7" uid="3620913" lat="40.0065535" lon="116.1929664"/>
 <node id="9008140455" visible="true" version="1" changeset="109704820" timestamp="2021-08-15T15:17:22Z" user="cqrCpf7Ce_A7" uid="3620913" lat="40.0066002" lon="116.1927592"/>
 <node id="9008140456" visible="true" version="1" changeset="109704820" timestamp="2021-08-15T15:17:22Z" user="cqrCpf7Ce_A7" uid="3620913" lat="40.0066796" lon="116.1926739"/>
 <node id="9008140457" visible="true" version="1" changeset="109704820" timestamp="2021-08-15T15:17:22Z" user="cqrCpf7Ce_A7" uid="3620913" lat="40.0068289" lon="116.1926007"/>
 <node id="9008140458" visible="true" version="1" changeset="109704820" timestamp="2021-08-15T15:17:22Z" user="cqrCpf7Ce_A7" uid="3620913" lat="40.0070203" lon="116.1924910"/>
 <node id="9008140459" visible="true" version="1" changeset="109704820" timestamp="2021-08-15T15:17:22Z" user="cqrCpf7Ce_A7" uid="3620913" lat="40.0070950" lon="116.1922899"/>
 <node id="9008140460" visible="true" version="1" changeset="109704820" timestamp="2021-08-15T15:17:22Z" user="cqrCpf7Ce_A7" uid="3620913" lat="40.0071930" lon="116.1921315"/>
 <node id="9008140461" visible="true" version="1" changeset="109704820" timestamp="2021-08-15T15:17:22Z" user="cqrCpf7Ce_A7" uid="3620913" lat="40.0073051" lon="116.1920218"/>
 <node id="9008140462" visible="true" version="1" changeset="109704820" timestamp="2021-08-15T15:17:22Z" user="cqrCpf7Ce_A7" uid="3620913" lat="40.0074544" lon="116.1920279"/>
 <node id="9008140463" visible="true" version="1" changeset="109704820" timestamp="2021-08-15T15:17:22Z" user="cqrCpf7Ce_A7" uid="3620913" lat="40.0076038" lon="116.1921193"/>
 <node id="9008140464" visible="true" version="1" changeset="109704820" timestamp="2021-08-15T15:17:22Z" user="cqrCpf7Ce_A7" uid="3620913" lat="40.0076972" lon="116.1922595"/>
 <node id="9008140465" visible="true" version="1" changeset="109704820" timestamp="2021-08-15T15:17:22Z" user="cqrCpf7Ce_A7" uid="3620913" lat="40.0078045" lon="116.1923631"/>
 <node id="9008140466" visible="true" version="3" changeset="120123973" timestamp="2022-04-24T13:16:51Z" user="cqrCpf7Ce_A7" uid="3620913" lat="40.0081099" lon="116.1929755"/>
 <node id="9008140467" visible="true" version="1" changeset="109704820" timestamp="2021-08-15T15:17:22Z" user="cqrCpf7Ce_A7" uid="3620913" lat="40.0085140" lon="116.1935697"/>
 <node id="9008140468" visible="true" version="1" changeset="109704820" timestamp="2021-08-15T15:17:22Z" user="cqrCpf7Ce_A7" uid="3620913" lat="40.0086354" lon="116.1936002"/>
 <node id="9008140469" visible="true" version="1" changeset="109704820" timestamp="2021-08-15T15:17:22Z" user="cqrCpf7Ce_A7" uid="3620913" lat="40.0087288" lon="116.1937281"/>
 <node id="9008140470" visible="true" version="1" changeset="109704820" timestamp="2021-08-15T15:17:22Z" user="cqrCpf7Ce_A7" uid="3620913" lat="40.0088361" lon="116.1937099"/>
 <node id="9008140471" visible="true" version="1" changeset="109704820" timestamp="2021-08-15T15:17:22Z" user="cqrCpf7Ce_A7" uid="3620913" lat="40.0089808" lon="116.1935027"/>
 <node id="9008140472" visible="true" version="1" changeset="109704820" timestamp="2021-08-15T15:17:22Z" user="cqrCpf7Ce_A7" uid="3620913" lat="40.0090928" lon="116.1933747"/>
 <node id="9008140473" visible="true" version="1" changeset="109704820" timestamp="2021-08-15T15:17:22Z" user="cqrCpf7Ce_A7" uid="3620913" lat="40.0092609" lon="116.1935209"/>
 <node id="9008140474" visible="true" version="2" changeset="111691776" timestamp="2021-09-25T15:10:42Z" user="cqrCpf7Ce_A7" uid="3620913" lat="40.0093222" lon="116.1937421"/>
 <node id="9008140475" visible="true" version="2" changeset="111691776" timestamp="2021-09-25T15:10:42Z" user="cqrCpf7Ce_A7" uid="3620913" lat="40.0094929" lon="116.1939074"/>
 <node id="9008140476" visible="true" version="2" changeset="111691776" timestamp="2021-09-25T15:10:42Z" user="cqrCpf7Ce_A7" uid="3620913" lat="40.0095316" lon="116.1939744"/>
 <node id="9008140477" visible="true" version="1" changeset="109704820" timestamp="2021-08-15T15:17:22Z" user="cqrCpf7Ce_A7" uid="3620913" lat="40.0097137" lon="116.1937525"/>
 <node id="9008140478" visible="true" version="1" changeset="109704820" timestamp="2021-08-15T15:17:22Z" user="cqrCpf7Ce_A7" uid="3620913" lat="40.0097883" lon="116.1934539"/>
 <node id="9008140479" visible="true" version="1" changeset="109704820" timestamp="2021-08-15T15:17:22Z" user="cqrCpf7Ce_A7" uid="3620913" lat="40.0099890" lon="116.1930334"/>
 <node id="9008140480" visible="true" version="1" changeset="109704820" timestamp="2021-08-15T15:17:22Z" user="cqrCpf7Ce_A7" uid="3620913" lat="40.0100964" lon="116.1928079"/>
 <node id="9008140481" visible="true" version="1" changeset="109704820" timestamp="2021-08-15T15:17:22Z" user="cqrCpf7Ce_A7" uid="3620913" lat="40.0101664" lon="116.1926495"/>
 <node id="9008140482" visible="true" version="1" changeset="109704820" timestamp="2021-08-15T15:17:22Z" user="cqrCpf7Ce_A7" uid="3620913" lat="40.0101991" lon="116.1923874"/>
 <node id="9008140483" visible="true" version="1" changeset="109704820" timestamp="2021-08-15T15:17:22Z" user="cqrCpf7Ce_A7" uid="3620913" lat="40.0102644" lon="116.1923021"/>
 <node id="9008140484" visible="true" version="1" changeset="109704820" timestamp="2021-08-15T15:17:22Z" user="cqrCpf7Ce_A7" uid="3620913" lat="40.0103671" lon="116.1923143"/>
 <node id="9008140485" visible="true" version="1" changeset="109704820" timestamp="2021-08-15T15:17:22Z" user="cqrCpf7Ce_A7" uid="3620913" lat="40.0104511" lon="116.1923692"/>
 <node id="9008140486" visible="true" version="1" changeset="109704820" timestamp="2021-08-15T15:17:22Z" user="cqrCpf7Ce_A7" uid="3620913" lat="40.0106285" lon="116.1922899"/>
 <node id="9008140487" visible="true" version="1" changeset="109704820" timestamp="2021-08-15T15:17:22Z" user="cqrCpf7Ce_A7" uid="3620913" lat="40.0107732" lon="116.1921680"/>
 <node id="9008140488" visible="true" version="1" changeset="109704820" timestamp="2021-08-15T15:17:22Z" user="cqrCpf7Ce_A7" uid="3620913" lat="40.0109039" lon="116.1916683"/>
 <node id="9008140489" visible="true" version="1" changeset="109704820" timestamp="2021-08-15T15:17:22Z" user="cqrCpf7Ce_A7" uid="3620913" lat="40.0108292" lon="116.1915525"/>
 <node id="9008140490" visible="true" version="1" changeset="109704820" timestamp="2021-08-15T15:17:22Z" user="cqrCpf7Ce_A7" uid="3620913" lat="40.0108712" lon="116.1914246"/>
 <node id="9008140491" visible="true" version="1" changeset="109704820" timestamp="2021-08-15T15:17:22Z" user="cqrCpf7Ce_A7" uid="3620913" lat="40.0110253" lon="116.1912722"/>
 <node id="9008140492" visible="true" version="1" changeset="109704820" timestamp="2021-08-15T15:17:22Z" user="cqrCpf7Ce_A7" uid="3620913" lat="40.0110533" lon="116.1910041"/>
 <node id="9008140493" visible="true" version="1" changeset="109704820" timestamp="2021-08-15T15:17:22Z" user="cqrCpf7Ce_A7" uid="3620913" lat="40.0111466" lon="116.1907055"/>
 <node id="9008140494" visible="true" version="1" changeset="109704820" timestamp="2021-08-15T15:17:22Z" user="cqrCpf7Ce_A7" uid="3620913" lat="40.0112353" lon="116.1904922"/>
 <node id="9008140495" visible="true" version="1" changeset="109704820" timestamp="2021-08-15T15:17:22Z" user="cqrCpf7Ce_A7" uid="3620913" lat="40.0112166" lon="116.1902423"/>
 <node id="9008140496" visible="true" version="1" changeset="109704820" timestamp="2021-08-15T15:17:22Z" user="cqrCpf7Ce_A7" uid="3620913" lat="40.0112540" lon="116.1899985"/>
 <node id="9008140497" visible="true" version="1" changeset="109704820" timestamp="2021-08-15T15:17:22Z" user="cqrCpf7Ce_A7" uid="3620913" lat="40.0113427" lon="116.1897304"/>
 <node id="9008140498" visible="true" version="1" changeset="109704820" timestamp="2021-08-15T15:17:22Z" user="cqrCpf7Ce_A7" uid="3620913" lat="40.0113847" lon="116.1895171"/>
 <node id="9008140499" visible="true" version="2" changeset="120534083" timestamp="2022-05-04T09:36:07Z" user="cqrCpf7Ce_A7" uid="3620913" lat="40.0113286" lon="116.1892642"/>
 <node id="9008140500" visible="true" version="2" changeset="120534083" timestamp="2022-05-04T09:36:07Z" user="cqrCpf7Ce_A7" uid="3620913" lat="40.0112888" lon="116.1890297"/>
 <node id="9008140508" visible="true" version="1" changeset="109704820" timestamp="2021-08-15T15:17:22Z" user="cqrCpf7Ce_A7" uid="3620913" lat="40.0142951" lon="116.1889376"/>
 <node id="9008140509" visible="true" version="1" changeset="109704820" timestamp="2021-08-15T15:17:22Z" user="cqrCpf7Ce_A7" uid="3620913" lat="40.0142085" lon="116.1889808"/>
 <node id="9008140510" visible="true" version="1" changeset="109704820" timestamp="2021-08-15T15:17:22Z" user="cqrCpf7Ce_A7" uid="3620913" lat="40.0141198" lon="116.1892307"/>
 <node id="9008140511" visible="true" version="1" changeset="109704820" timestamp="2021-08-15T15:17:22Z" user="cqrCpf7Ce_A7" uid="3620913" lat="40.0139098" lon="116.1892733"/>
 <node id="9008140512" visible="true" version="1" changeset="109704820" timestamp="2021-08-15T15:17:22Z" user="cqrCpf7Ce_A7" uid="3620913" lat="40.0137044" lon="116.1894562"/>
 <node id="9008140513" visible="true" version="1" changeset="109704820" timestamp="2021-08-15T15:17:22Z" user="cqrCpf7Ce_A7" uid="3620913" lat="40.0134175" lon="116.1895599"/>
 <node id="9008140514" visible="true" version="1" changeset="109704820" timestamp="2021-08-15T15:17:22Z" user="cqrCpf7Ce_A7" uid="3620913" lat="40.0131770" lon="116.1896207"/>
 <node id="9008140515" visible="true" version="1" changeset="109704820" timestamp="2021-08-15T15:17:22Z" user="cqrCpf7Ce_A7" uid="3620913" lat="40.0129856" lon="116.1896451"/>
 <node id="9008140517" visible="true" version="1" changeset="109704820" timestamp="2021-08-15T15:17:22Z" user="cqrCpf7Ce_A7" uid="3620913" lat="40.0143525" lon="116.1890467"/>
 <node id="9008140518" visible="true" version="1" changeset="109704820" timestamp="2021-08-15T15:17:22Z" user="cqrCpf7Ce_A7" uid="3620913" lat="40.0143502" lon="116.1891669"/>
 <node id="9008140519" visible="true" version="1" changeset="109704820" timestamp="2021-08-15T15:17:22Z" user="cqrCpf7Ce_A7" uid="3620913" lat="40.0143755" lon="116.1892210"/>
 <node id="9008140521" visible="true" version="1" changeset="109704820" timestamp="2021-08-15T15:17:22Z" user="cqrCpf7Ce_A7" uid="3620913" lat="40.0128219" lon="116.1896988"/>
 <node id="9008140522" visible="true" version="1" changeset="109704820" timestamp="2021-08-15T15:17:22Z" user="cqrCpf7Ce_A7" uid="3620913" lat="40.0127414" lon="116.1897259"/>
 <node id="9008140523" visible="true" version="1" changeset="109704820" timestamp="2021-08-15T15:17:22Z" user="cqrCpf7Ce_A7" uid="3620913" lat="40.0126723" lon="116.1898010"/>
 <node id="9008140524" visible="true" version="1" changeset="109704820" timestamp="2021-08-15T15:17:22Z" user="cqrCpf7Ce_A7" uid="3620913" lat="40.0125388" lon="116.1898551"/>
 <node id="9008140525" visible="true" version="1" changeset="109704820" timestamp="2021-08-15T15:17:22Z" user="cqrCpf7Ce_A7" uid="3620913" lat="40.0124191" lon="116.1899272"/>
 <node id="9008140526" visible="true" version="1" changeset="109704820" timestamp="2021-08-15T15:17:22Z" user="cqrCpf7Ce_A7" uid="3620913" lat="40.0122949" lon="116.1900023"/>
 <node id="9008140527" visible="true" version="1" changeset="109704820" timestamp="2021-08-15T15:17:22Z" user="cqrCpf7Ce_A7" uid="3620913" lat="40.0121383" lon="116.1901736"/>
 <node id="9008140528" visible="true" version="1" changeset="109704820" timestamp="2021-08-15T15:17:22Z" user="cqrCpf7Ce_A7" uid="3620913" lat="40.0120394" lon="116.1902548"/>
 <node id="9008140529" visible="true" version="1" changeset="109704820" timestamp="2021-08-15T15:17:22Z" user="cqrCpf7Ce_A7" uid="3620913" lat="40.0119427" lon="116.1901947"/>
 <node id="9008140530" visible="true" version="1" changeset="109704820" timestamp="2021-08-15T15:17:22Z" user="cqrCpf7Ce_A7" uid="3620913" lat="40.0118852" lon="116.1900534"/>
 <node id="9008140531" visible="true" version="1" changeset="109704820" timestamp="2021-08-15T15:17:22Z" user="cqrCpf7Ce_A7" uid="3620913" lat="40.0118276" lon="116.1898972"/>
 <node id="9008140533" visible="true" version="1" changeset="109704820" timestamp="2021-08-15T15:17:22Z" user="cqrCpf7Ce_A7" uid="3620913" lat="40.0124537" lon="116.1900865"/>
 <node id="9008140534" visible="true" version="1" changeset="109704820" timestamp="2021-08-15T15:17:22Z" user="cqrCpf7Ce_A7" uid="3620913" lat="40.0124790" lon="116.1902518"/>
 <node id="9008140535" visible="true" version="1" changeset="109704820" timestamp="2021-08-15T15:17:22Z" user="cqrCpf7Ce_A7" uid="3620913" lat="40.0124283" lon="116.1903930"/>
 <node id="9008140536" visible="true" version="1" changeset="109704820" timestamp="2021-08-15T15:17:22Z" user="cqrCpf7Ce_A7" uid="3620913" lat="40.0124399" lon="116.1905463"/>
 <node id="9008140537" visible="true" version="1" changeset="109704820" timestamp="2021-08-15T15:17:22Z" user="cqrCpf7Ce_A7" uid="3620913" lat="40.0124698" lon="116.1906935"/>
 <node id="9008140538" visible="true" version="1" changeset="109704820" timestamp="2021-08-15T15:17:22Z" user="cqrCpf7Ce_A7" uid="3620913" lat="40.0124399" lon="116.1907506"/>
 <node id="9008140539" visible="true" version="1" changeset="109704820" timestamp="2021-08-15T15:17:22Z" user="cqrCpf7Ce_A7" uid="3620913" lat="40.0123662" lon="116.1907386"/>
 <node id="9008140540" visible="true" version="1" changeset="109704820" timestamp="2021-08-15T15:17:22Z" user="cqrCpf7Ce_A7" uid="3620913" lat="40.0122626" lon="116.1907266"/>
 <node id="9008140541" visible="true" version="1" changeset="109704820" timestamp="2021-08-15T15:17:22Z" user="cqrCpf7Ce_A7" uid="3620913" lat="40.0121545" lon="116.1907837"/>
 <node id="9008140542" visible="true" version="1" changeset="109704820" timestamp="2021-08-15T15:17:22Z" user="cqrCpf7Ce_A7" uid="3620913" lat="40.0120117" lon="116.1909249"/>
 <node id="9008140543" visible="true" version="1" changeset="109704820" timestamp="2021-08-15T15:17:22Z" user="cqrCpf7Ce_A7" uid="3620913" lat="40.0119956" lon="116.1911022"/>
 <node id="9008140544" visible="true" version="1" changeset="109704820" timestamp="2021-08-15T15:17:22Z" user="cqrCpf7Ce_A7" uid="3620913" lat="40.0119749" lon="116.1912044"/>
 <node id="9008140545" visible="true" version="1" changeset="109704820" timestamp="2021-08-15T15:17:22Z" user="cqrCpf7Ce_A7" uid="3620913" lat="40.0120141" lon="116.1914027"/>
 <node id="9008140546" visible="true" version="1" changeset="109704820" timestamp="2021-08-15T15:17:22Z" user="cqrCpf7Ce_A7" uid="3620913" lat="40.0120808" lon="116.1916822"/>
 <node id="9008140547" visible="true" version="1" changeset="109704820" timestamp="2021-08-15T15:17:22Z" user="cqrCpf7Ce_A7" uid="3620913" lat="40.0121199" lon="116.1918114"/>
 <node id="9008140548" visible="true" version="1" changeset="109704820" timestamp="2021-08-15T15:17:22Z" user="cqrCpf7Ce_A7" uid="3620913" lat="40.0120509" lon="116.1919617"/>
 <node id="9008140549" visible="true" version="1" changeset="109704820" timestamp="2021-08-15T15:17:22Z" user="cqrCpf7Ce_A7" uid="3620913" lat="40.0119749" lon="116.1921149"/>
 <node id="9008140550" visible="true" version="1" changeset="109704820" timestamp="2021-08-15T15:17:22Z" user="cqrCpf7Ce_A7" uid="3620913" lat="40.0119404" lon="116.1923223"/>
 <node id="9008140551" visible="true" version="1" changeset="109704820" timestamp="2021-08-15T15:17:22Z" user="cqrCpf7Ce_A7" uid="3620913" lat="40.0119243" lon="116.1925957"/>
 <node id="9008140552" visible="true" version="1" changeset="109704820" timestamp="2021-08-15T15:17:22Z" user="cqrCpf7Ce_A7" uid="3620913" lat="40.0119611" lon="116.1927821"/>
 <node id="9008140553" visible="true" version="1" changeset="109704820" timestamp="2021-08-15T15:17:22Z" user="cqrCpf7Ce_A7" uid="3620913" lat="40.0119266" lon="116.1929804"/>
 <node id="9008140554" visible="true" version="1" changeset="109704820" timestamp="2021-08-15T15:17:22Z" user="cqrCpf7Ce_A7" uid="3620913" lat="40.0119174" lon="116.1931547"/>
 <node id="9008140555" visible="true" version="1" changeset="109704820" timestamp="2021-08-15T15:17:22Z" user="cqrCpf7Ce_A7" uid="3620913" lat="40.0118667" lon="116.1933200"/>
 <node id="9008140556" visible="true" version="1" changeset="109704820" timestamp="2021-08-15T15:17:22Z" user="cqrCpf7Ce_A7" uid="3620913" lat="40.0118552" lon="116.1934402"/>
 <node id="9008140557" visible="true" version="1" changeset="109704820" timestamp="2021-08-15T15:17:22Z" user="cqrCpf7Ce_A7" uid="3620913" lat="40.0119014" lon="116.1936296"/>
 <node id="9008140558" visible="true" version="1" changeset="109704820" timestamp="2021-08-15T15:17:22Z" user="cqrCpf7Ce_A7" uid="3620913" lat="40.0119864" lon="116.1937557"/>
 <node id="9008140559" visible="true" version="1" changeset="109704820" timestamp="2021-08-15T15:17:22Z" user="cqrCpf7Ce_A7" uid="3620913" lat="40.0121337" lon="116.1939060"/>
 <node id="9008140560" visible="true" version="1" changeset="109704820" timestamp="2021-08-15T15:17:22Z" user="cqrCpf7Ce_A7" uid="3620913" lat="40.0122442" lon="116.1939541"/>
 <node id="9008140561" visible="true" version="1" changeset="109704820" timestamp="2021-08-15T15:17:22Z" user="cqrCpf7Ce_A7" uid="3620913" lat="40.0123409" lon="116.1939571"/>
 <node id="9008140562" visible="true" version="1" changeset="109704820" timestamp="2021-08-15T15:17:22Z" user="cqrCpf7Ce_A7" uid="3620913" lat="40.0124122" lon="116.1940232"/>
 <node id="9008140563" visible="true" version="1" changeset="109704820" timestamp="2021-08-15T15:17:22Z" user="cqrCpf7Ce_A7" uid="3620913" lat="40.0125434" lon="116.1939901"/>
 <node id="9008140564" visible="true" version="2" changeset="120534083" timestamp="2022-05-04T09:36:07Z" user="cqrCpf7Ce_A7" uid="3620913" lat="40.0126657" lon="116.1939149"/>
 <node id="9008140565" visible="true" version="1" changeset="109704820" timestamp="2021-08-15T15:17:22Z" user="cqrCpf7Ce_A7" uid="3620913" lat="40.0126884" lon="116.1939721"/>
 <node id="9008140566" visible="true" version="2" changeset="120534083" timestamp="2022-05-04T09:36:07Z" user="cqrCpf7Ce_A7" uid="3620913" lat="40.0126937" lon="116.1941131"/>
 <node id="9008140567" visible="true" version="2" changeset="120534083" timestamp="2022-05-04T09:36:07Z" user="cqrCpf7Ce_A7" uid="3620913" lat="40.0127218" lon="116.1942663"/>
 <node id="9008140568" visible="true" version="2" changeset="120534083" timestamp="2022-05-04T09:36:07Z" user="cqrCpf7Ce_A7" uid="3620913" lat="40.0127648" lon="116.1943776"/>
 <node id="9008140569" visible="true" version="1" changeset="109704820" timestamp="2021-08-15T15:17:22Z" user="cqrCpf7Ce_A7" uid="3620913" lat="40.0128634" lon="116.1944950"/>
 <node id="9008140570" visible="true" version="1" changeset="109704820" timestamp="2021-08-15T15:17:22Z" user="cqrCpf7Ce_A7" uid="3620913" lat="40.0129462" lon="116.1945972"/>
 <node id="9008140571" visible="true" version="1" changeset="109704820" timestamp="2021-08-15T15:17:22Z" user="cqrCpf7Ce_A7" uid="3620913" lat="40.0129738" lon="116.1947985"/>
 <node id="9008140572" visible="true" version="1" changeset="109704820" timestamp="2021-08-15T15:17:22Z" user="cqrCpf7Ce_A7" uid="3620913" lat="40.0129531" lon="116.1949908"/>
 <node id="9008140573" visible="true" version="1" changeset="109704820" timestamp="2021-08-15T15:17:22Z" user="cqrCpf7Ce_A7" uid="3620913" lat="40.0129715" lon="116.1951321"/>
 <node id="9008140574" visible="true" version="1" changeset="109704820" timestamp="2021-08-15T15:17:22Z" user="cqrCpf7Ce_A7" uid="3620913" lat="40.0130222" lon="116.1952673"/>
 <node id="9008140575" visible="true" version="1" changeset="109704820" timestamp="2021-08-15T15:17:22Z" user="cqrCpf7Ce_A7" uid="3620913" lat="40.0130613" lon="116.1954386"/>
 <node id="9008140576" visible="true" version="1" changeset="109704820" timestamp="2021-08-15T15:17:22Z" user="cqrCpf7Ce_A7" uid="3620913" lat="40.0129462" lon="116.1955498"/>
 <node id="9008140577" visible="true" version="1" changeset="109704820" timestamp="2021-08-15T15:17:22Z" user="cqrCpf7Ce_A7" uid="3620913" lat="40.0128012" lon="116.1956189"/>
 <node id="9008140578" visible="true" version="1" changeset="109704820" timestamp="2021-08-15T15:17:22Z" user="cqrCpf7Ce_A7" uid="3620913" lat="40.0126493" lon="116.1957151"/>
 <node id="9008140579" visible="true" version="1" changeset="109704820" timestamp="2021-08-15T15:17:22Z" user="cqrCpf7Ce_A7" uid="3620913" lat="40.0126102" lon="116.1957902"/>
 <node id="9008140580" visible="true" version="1" changeset="109704820" timestamp="2021-08-15T15:17:22Z" user="cqrCpf7Ce_A7" uid="3620913" lat="40.0126539" lon="116.1959615"/>
 <node id="9008140581" visible="true" version="1" changeset="109704820" timestamp="2021-08-15T15:17:22Z" user="cqrCpf7Ce_A7" uid="3620913" lat="40.0126493" lon="116.1960997"/>
 <node id="9008140582" visible="true" version="1" changeset="109704820" timestamp="2021-08-15T15:17:22Z" user="cqrCpf7Ce_A7" uid="3620913" lat="40.0126076" lon="116.1961509"/>
 <node id="9008140588" visible="true" version="1" changeset="109704820" timestamp="2021-08-15T15:17:22Z" user="cqrCpf7Ce_A7" uid="3620913" lat="40.0143686" lon="116.1924648"/>
 <node id="9008140589" visible="true" version="1" changeset="109704820" timestamp="2021-08-15T15:17:22Z" user="cqrCpf7Ce_A7" uid="3620913" lat="40.0141365" lon="116.1925336"/>
 <node id="9008140590" visible="true" version="1" changeset="109704820" timestamp="2021-08-15T15:17:22Z" user="cqrCpf7Ce_A7" uid="3620913" lat="40.0139536" lon="116.1927174"/>
 <node id="9008140591" visible="true" version="1" changeset="109704820" timestamp="2021-08-15T15:17:22Z" user="cqrCpf7Ce_A7" uid="3620913" lat="40.0137917" lon="116.1928138"/>
 <node id="9008140592" visible="true" version="1" changeset="109704820" timestamp="2021-08-15T15:17:22Z" user="cqrCpf7Ce_A7" uid="3620913" lat="40.0135561" lon="116.1931124"/>
 <node id="9008140593" visible="true" version="1" changeset="109704820" timestamp="2021-08-15T15:17:22Z" user="cqrCpf7Ce_A7" uid="3620913" lat="40.0135314" lon="116.1933190"/>
 <node id="9008140594" visible="true" version="1" changeset="109704820" timestamp="2021-08-15T15:17:22Z" user="cqrCpf7Ce_A7" uid="3620913" lat="40.0135314" lon="116.1935395"/>
 <node id="9008140595" visible="true" version="1" changeset="109704820" timestamp="2021-08-15T15:17:22Z" user="cqrCpf7Ce_A7" uid="3620913" lat="40.0135525" lon="116.1937140"/>
 <node id="9008140596" visible="true" version="1" changeset="109704820" timestamp="2021-08-15T15:17:22Z" user="cqrCpf7Ce_A7" uid="3620913" lat="40.0134013" lon="116.1941412"/>
 <node id="9008140597" visible="true" version="1" changeset="109704820" timestamp="2021-08-15T15:17:22Z" user="cqrCpf7Ce_A7" uid="3620913" lat="40.0132852" lon="116.1943708"/>
 <node id="9008140598" visible="true" version="1" changeset="109704820" timestamp="2021-08-15T15:17:22Z" user="cqrCpf7Ce_A7" uid="3620913" lat="40.0129580" lon="116.1944857"/>
 <node id="9008140599" visible="true" version="1" changeset="109704820" timestamp="2021-08-15T15:17:22Z" user="cqrCpf7Ce_A7" uid="3620913" lat="40.0125816" lon="116.1944994"/>
 <node id="9008140600" visible="true" version="1" changeset="109704820" timestamp="2021-08-15T15:17:22Z" user="cqrCpf7Ce_A7" uid="3620913" lat="40.0123284" lon="116.1945224"/>
 <node id="9008140601" visible="true" version="1" changeset="109704820" timestamp="2021-08-15T15:17:22Z" user="cqrCpf7Ce_A7" uid="3620913" lat="40.0121243" lon="116.1945959"/>
 <node id="9008140602" visible="true" version="1" changeset="109704820" timestamp="2021-08-15T15:17:22Z" user="cqrCpf7Ce_A7" uid="3620913" lat="40.0119027" lon="116.1946648"/>
 <node id="9008140603" visible="true" version="1" changeset="109704820" timestamp="2021-08-15T15:17:22Z" user="cqrCpf7Ce_A7" uid="3620913" lat="40.0116529" lon="116.1945913"/>
 <node id="9008140604" visible="true" version="1" changeset="109704820" timestamp="2021-08-15T15:17:22Z" user="cqrCpf7Ce_A7" uid="3620913" lat="40.0114524" lon="116.1946188"/>
 <node id="9008140605" visible="true" version="1" changeset="109704820" timestamp="2021-08-15T15:17:22Z" user="cqrCpf7Ce_A7" uid="3620913" lat="40.0112871" lon="116.1945637"/>
 <node id="9008140606" visible="true" version="1" changeset="109704820" timestamp="2021-08-15T15:17:22Z" user="cqrCpf7Ce_A7" uid="3620913" lat="40.0111112" lon="116.1945683"/>
 <node id="9008140607" visible="true" version="1" changeset="109704820" timestamp="2021-08-15T15:17:22Z" user="cqrCpf7Ce_A7" uid="3620913" lat="40.0108403" lon="116.1948439"/>
 <node id="9008140640" visible="true" version="2" changeset="110510229" timestamp="2021-08-31T11:45:34Z" user="Zhaohan Dong" uid="12225675" lat="40.0108124" lon="116.1963850"/>
 <node id="9008140659" visible="true" version="1" changeset="109704820" timestamp="2021-08-15T15:17:22Z" user="cqrCpf7Ce_A7" uid="3620913" lat="40.0122771" lon="116.1959265"/>
 <node id="9008140660" visible="true" version="1" changeset="109704820" timestamp="2021-08-15T15:17:22Z" user="cqrCpf7Ce_A7" uid="3620913" lat="40.0120202" lon="116.1957402"/>
 <node id="9008140661" visible="true" version="2" changeset="109723753" timestamp="2021-08-16T04:45:32Z" user="cqrCpf7Ce_A7" uid="3620913" lat="40.0119169" lon="116.1956052"/>
 <node id="9008140662" visible="true" version="2" changeset="109723753" timestamp="2021-08-16T04:45:32Z" user="cqrCpf7Ce_A7" uid="3620913" lat="40.0118349" lon="116.1952792"/>
 <node id="9008140663" visible="true" version="3" changeset="120534083" timestamp="2022-05-04T09:36:07Z" user="cqrCpf7Ce_A7" uid="3620913" lat="40.0114612" lon="116.1948628"/>
 <node id="9008140664" visible="true" version="2" changeset="111691776" timestamp="2021-09-25T15:10:42Z" user="cqrCpf7Ce_A7" uid="3620913" lat="40.0112501" lon="116.1948002"/>
 <node id="9008140665" visible="true" version="2" changeset="111691776" timestamp="2021-09-25T15:10:42Z" user="cqrCpf7Ce_A7" uid="3620913" lat="40.0109277" lon="116.1946903"/>
 <node id="9008140666" visible="true" version="1" changeset="109704820" timestamp="2021-08-15T15:17:22Z" user="cqrCpf7Ce_A7" uid="3620913" lat="40.0113186" lon="116.1941532"/>
 <node id="9009116825" visible="true" version="1" changeset="109723753" timestamp="2021-08-16T04:45:32Z" user="cqrCpf7Ce_A7" uid="3620913" lat="40.0116791" lon="116.1963688"/>
 <node id="9009116826" visible="true" version="1" changeset="109723753" timestamp="2021-08-16T04:45:32Z" user="cqrCpf7Ce_A7" uid="3620913" lat="40.0147376" lon="116.1962746"/>
 <node id="9009116827" visible="true" version="2" changeset="110510229" timestamp="2021-08-31T11:45:34Z" user="Zhaohan Dong" uid="12225675" lat="40.0106944" lon="116.1961507"/>
 <node id="9009116840" visible="true" version="1" changeset="109723753" timestamp="2021-08-16T04:45:32Z" user="cqrCpf7Ce_A7" uid="3620913" lat="40.0085219" lon="116.1913928"/>
 <node id="9009116841" visible="true" version="1" changeset="109723753" timestamp="2021-08-16T04:45:32Z" user="cqrCpf7Ce_A7" uid="3620913" lat="40.0086164" lon="116.1911223"/>
 <node id="9009116842" visible="true" version="1" changeset="109723753" timestamp="2021-08-16T04:45:32Z" user="cqrCpf7Ce_A7" uid="3620913" lat="40.0087047" lon="116.1913043"/>
 <node id="9009116843" visible="true" version="1" changeset="109723753" timestamp="2021-08-16T04:45:32Z" user="cqrCpf7Ce_A7" uid="3620913" lat="40.0088023" lon="116.1914984"/>
 <node id="9009116844" visible="true" version="1" changeset="109723753" timestamp="2021-08-16T04:45:32Z" user="cqrCpf7Ce_A7" uid="3620913" lat="40.0088394" lon="116.1916744"/>
 <node id="9009116845" visible="true" version="1" changeset="109723753" timestamp="2021-08-16T04:45:32Z" user="cqrCpf7Ce_A7" uid="3620913" lat="40.0088673" lon="116.1918807"/>
 <node id="9009116846" visible="true" version="1" changeset="109723753" timestamp="2021-08-16T04:45:32Z" user="cqrCpf7Ce_A7" uid="3620913" lat="40.0089044" lon="116.1919832"/>
 <node id="9009116847" visible="true" version="1" changeset="109723753" timestamp="2021-08-16T04:45:32Z" user="cqrCpf7Ce_A7" uid="3620913" lat="40.0089742" lon="116.1920748"/>
 <node id="9009116848" visible="true" version="1" changeset="109723753" timestamp="2021-08-16T04:45:32Z" user="cqrCpf7Ce_A7" uid="3620913" lat="40.0090067" lon="116.1922083"/>
 <node id="9009116849" visible="true" version="1" changeset="109723753" timestamp="2021-08-16T04:45:32Z" user="cqrCpf7Ce_A7" uid="3620913" lat="40.0090298" lon="116.1923115"/>
 <node id="9009116850" visible="true" version="1" changeset="109723753" timestamp="2021-08-16T04:45:32Z" user="cqrCpf7Ce_A7" uid="3620913" lat="40.0090718" lon="116.1925724"/>
 <node id="9009116851" visible="true" version="1" changeset="109723753" timestamp="2021-08-16T04:45:32Z" user="cqrCpf7Ce_A7" uid="3620913" lat="40.0091183" lon="116.1927847"/>
 <node id="9009116852" visible="true" version="1" changeset="109723753" timestamp="2021-08-16T04:45:32Z" user="cqrCpf7Ce_A7" uid="3620913" lat="40.0090950" lon="116.1930456"/>
 <node id="9009116853" visible="true" version="1" changeset="109723753" timestamp="2021-08-16T04:45:32Z" user="cqrCpf7Ce_A7" uid="3620913" lat="40.0091136" lon="116.1932701"/>
 <node id="9009116854" visible="true" version="1" changeset="109723753" timestamp="2021-08-16T04:45:32Z" user="cqrCpf7Ce_A7" uid="3620913" lat="40.0091229" lon="116.1935856"/>
 <node id="9009116855" visible="true" version="1" changeset="109723753" timestamp="2021-08-16T04:45:32Z" user="cqrCpf7Ce_A7" uid="3620913" lat="40.0091043" lon="116.1937373"/>
 <node id="9009116856" visible="true" version="1" changeset="109723753" timestamp="2021-08-16T04:45:32Z" user="cqrCpf7Ce_A7" uid="3620913" lat="40.0091648" lon="116.1940589"/>
 <node id="9009116857" visible="true" version="1" changeset="109723753" timestamp="2021-08-16T04:45:32Z" user="cqrCpf7Ce_A7" uid="3620913" lat="40.0091369" lon="116.1942652"/>
 <node id="9009116858" visible="true" version="1" changeset="109723753" timestamp="2021-08-16T04:45:32Z" user="cqrCpf7Ce_A7" uid="3620913" lat="40.0090765" lon="116.1944654"/>
 <node id="9009116859" visible="true" version="2" changeset="120452070" timestamp="2022-05-02T09:27:11Z" user="cqrCpf7Ce_A7" uid="3620913" lat="40.0091024" lon="116.1947378"/>
 <node id="9009116860" visible="true" version="2" changeset="120452070" timestamp="2022-05-02T09:27:11Z" user="cqrCpf7Ce_A7" uid="3620913" lat="40.0092412" lon="116.1949818"/>
 <node id="9009116861" visible="true" version="2" changeset="120452070" timestamp="2022-05-02T09:27:11Z" user="cqrCpf7Ce_A7" uid="3620913" lat="40.0093899" lon="116.1952345"/>
 <node id="9009116862" visible="true" version="2" changeset="120452070" timestamp="2022-05-02T09:27:11Z" user="cqrCpf7Ce_A7" uid="3620913" lat="40.0094714" lon="116.1954527"/>
 <node id="9009116863" visible="true" version="2" changeset="111691776" timestamp="2021-09-25T15:10:42Z" user="cqrCpf7Ce_A7" uid="3620913" lat="40.0095995" lon="116.1957395"/>
 <node id="9009553759" visible="true" version="1" changeset="109733687" timestamp="2021-08-16T07:59:41Z" user="cqrCpf7Ce_A7" uid="3620913" lat="40.0122746" lon="116.1961239"/>
 <node id="9014230927" visible="true" version="1" changeset="109812850" timestamp="2021-08-17T13:12:18Z" user="cqrCpf7Ce_A7" uid="3620913" lat="40.0139905" lon="116.1867175"/>
 <node id="9017628756" visible="true" version="1" changeset="109884216" timestamp="2021-08-18T15:58:18Z" user="cqrCpf7Ce_A7" uid="3620913" lat="40.0047492" lon="116.1904603"/>
 <node id="9017628757" visible="true" version="1" changeset="109884216" timestamp="2021-08-18T15:58:18Z" user="cqrCpf7Ce_A7" uid="3620913" lat="40.0049350" lon="116.1904118"/>
 <node id="9017628758" visible="true" version="1" changeset="109884216" timestamp="2021-08-18T15:58:18Z" user="cqrCpf7Ce_A7" uid="3620913" lat="40.0055296" lon="116.1907029"/>
 <node id="9017628759" visible="true" version="1" changeset="109884216" timestamp="2021-08-18T15:58:18Z" user="cqrCpf7Ce_A7" uid="3620913" lat="40.0057526" lon="116.1907514"/>
 <node id="9017628760" visible="true" version="1" changeset="109884216" timestamp="2021-08-18T15:58:18Z" user="cqrCpf7Ce_A7" uid="3620913" lat="40.0061242" lon="116.1908485"/>
 <node id="9017628761" visible="true" version="1" changeset="109884216" timestamp="2021-08-18T15:58:18Z" user="cqrCpf7Ce_A7" uid="3620913" lat="40.0064586" lon="116.1907191"/>
 <node id="9017628762" visible="true" version="1" changeset="109884216" timestamp="2021-08-18T15:58:18Z" user="cqrCpf7Ce_A7" uid="3620913" lat="40.0066321" lon="116.1903471"/>
 <node id="9017628763" visible="true" version="2" changeset="120534083" timestamp="2022-05-04T09:36:07Z" user="cqrCpf7Ce_A7" uid="3620913" lat="40.0069689" lon="116.1900870"/>
 <node id="9017628764" visible="true" version="2" changeset="120534083" timestamp="2022-05-04T09:36:07Z" user="cqrCpf7Ce_A7" uid="3620913" lat="40.0070395" lon="116.1895547"/>
 <node id="9017628765" visible="true" version="2" changeset="120534083" timestamp="2022-05-04T09:36:07Z" user="cqrCpf7Ce_A7" uid="3620913" lat="40.0074199" lon="116.1893695"/>
 <node id="9017628766" visible="true" version="2" changeset="120534083" timestamp="2022-05-04T09:36:07Z" user="cqrCpf7Ce_A7" uid="3620913" lat="40.0075705" lon="116.1891985"/>
 <node id="9017628876" visible="true" version="2" changeset="117604950" timestamp="2022-02-19T13:53:24Z" user="cqrCpf7Ce_A7" uid="3620913" lat="40.0069010" lon="116.2029365"/>
 <node id="9017628877" visible="true" version="1" changeset="109884216" timestamp="2021-08-18T15:58:18Z" user="cqrCpf7Ce_A7" uid="3620913" lat="40.0067858" lon="116.2032937"/>
 <node id="9017628919" visible="true" version="2" changeset="117604950" timestamp="2022-02-19T13:53:24Z" user="cqrCpf7Ce_A7" uid="3620913" lat="40.0049106" lon="116.2039719"/>
 <node id="9017628998" visible="true" version="1" changeset="109884216" timestamp="2021-08-18T15:58:18Z" user="cqrCpf7Ce_A7" uid="3620913" lat="39.9999581" lon="116.1871519"/>
 <node id="9017628999" visible="true" version="1" changeset="109884216" timestamp="2021-08-18T15:58:18Z" user="cqrCpf7Ce_A7" uid="3620913" lat="40.0001425" lon="116.1871760"/>
 <node id="9017629000" visible="true" version="1" changeset="109884216" timestamp="2021-08-18T15:58:18Z" user="cqrCpf7Ce_A7" uid="3620913" lat="40.0004991" lon="116.1872803"/>
 <node id="9017629001" visible="true" version="1" changeset="109884216" timestamp="2021-08-18T15:58:18Z" user="cqrCpf7Ce_A7" uid="3620913" lat="40.0008864" lon="116.1875130"/>
 <node id="9017629002" visible="true" version="1" changeset="109884216" timestamp="2021-08-18T15:58:18Z" user="cqrCpf7Ce_A7" uid="3620913" lat="40.0010893" lon="116.1877859"/>
 <node id="9017629003" visible="true" version="2" changeset="128685806" timestamp="2022-11-09T12:37:06Z" user="shanhulittle" uid="11213533" lat="40.0009191" lon="116.1880944"/>
 <node id="9017629004" visible="true" version="2" changeset="128685806" timestamp="2022-11-09T12:37:06Z" user="shanhulittle" uid="11213533" lat="40.0006790" lon="116.1880744"/>
 <node id="9017629005" visible="true" version="1" changeset="109884216" timestamp="2021-08-18T15:58:18Z" user="cqrCpf7Ce_A7" uid="3620913" lat="40.0003147" lon="116.1878822"/>
 <node id="9017629006" visible="true" version="1" changeset="109884216" timestamp="2021-08-18T15:58:18Z" user="cqrCpf7Ce_A7" uid="3620913" lat="39.9999335" lon="116.1880989"/>
 <node id="9017629007" visible="true" version="1" changeset="109884216" timestamp="2021-08-18T15:58:18Z" user="cqrCpf7Ce_A7" uid="3620913" lat="39.9996199" lon="116.1882675"/>
 <node id="9017629008" visible="true" version="1" changeset="109884216" timestamp="2021-08-18T15:58:18Z" user="cqrCpf7Ce_A7" uid="3620913" lat="39.9994355" lon="116.1881792"/>
 <node id="9017629009" visible="true" version="2" changeset="128685806" timestamp="2022-11-09T12:37:06Z" user="shanhulittle" uid="11213533" lat="39.9991664" lon="116.1884787"/>
 <node id="9017629010" visible="true" version="2" changeset="113591217" timestamp="2021-11-10T04:28:48Z" user="shanhulittle" uid="11213533" lat="39.9992450" lon="116.1887911"/>
 <node id="9017629011" visible="true" version="2" changeset="113591217" timestamp="2021-11-10T04:28:48Z" user="shanhulittle" uid="11213533" lat="39.9990354" lon="116.1891580"/>
 <node id="9017629012" visible="true" version="2" changeset="113591217" timestamp="2021-11-10T04:28:48Z" user="shanhulittle" uid="11213533" lat="39.9991813" lon="116.1896541"/>
 <node id="9017629013" visible="true" version="1" changeset="109884216" timestamp="2021-08-18T15:58:18Z" user="cqrCpf7Ce_A7" uid="3620913" lat="39.9995216" lon="116.1899208"/>
 <node id="9017629014" visible="true" version="1" changeset="109884216" timestamp="2021-08-18T15:58:18Z" user="cqrCpf7Ce_A7" uid="3620913" lat="39.9995743" lon="116.1900890"/>
 <node id="9017629015" visible="true" version="1" changeset="109884216" timestamp="2021-08-18T15:58:18Z" user="cqrCpf7Ce_A7" uid="3620913" lat="39.9995537" lon="116.1901964"/>
 <node id="9017629016" visible="true" version="1" changeset="109884216" timestamp="2021-08-18T15:58:18Z" user="cqrCpf7Ce_A7" uid="3620913" lat="39.9994578" lon="116.1903098"/>
 <node id="9017629017" visible="true" version="1" changeset="109884216" timestamp="2021-08-18T15:58:18Z" user="cqrCpf7Ce_A7" uid="3620913" lat="39.9993184" lon="116.1905305"/>
 <node id="9017629018" visible="true" version="1" changeset="109884216" timestamp="2021-08-18T15:58:18Z" user="cqrCpf7Ce_A7" uid="3620913" lat="39.9992201" lon="116.1905633"/>
 <node id="9017629019" visible="true" version="2" changeset="113591217" timestamp="2021-11-10T04:28:48Z" user="shanhulittle" uid="11213533" lat="39.9988908" lon="116.1903693"/>
 <node id="9017629020" visible="true" version="2" changeset="113591217" timestamp="2021-11-10T04:28:48Z" user="shanhulittle" uid="11213533" lat="39.9985296" lon="116.1901931"/>
 <node id="9017629021" visible="true" version="2" changeset="113591217" timestamp="2021-11-10T04:28:48Z" user="shanhulittle" uid="11213533" lat="39.9984764" lon="116.1896485"/>
 <node id="9017629022" visible="true" version="2" changeset="113591217" timestamp="2021-11-10T04:28:48Z" user="shanhulittle" uid="11213533" lat="39.9983642" lon="116.1896551"/>
 <node id="9017629023" visible="true" version="2" changeset="113591217" timestamp="2021-11-10T04:28:48Z" user="shanhulittle" uid="11213533" lat="39.9983042" lon="116.1900977"/>
 <node id="9017629024" visible="true" version="2" changeset="113591217" timestamp="2021-11-10T04:28:48Z" user="shanhulittle" uid="11213533" lat="39.9982514" lon="116.1900184"/>
 <node id="9017629025" visible="true" version="1" changeset="109884216" timestamp="2021-08-18T15:58:18Z" user="cqrCpf7Ce_A7" uid="3620913" lat="39.9982703" lon="116.1895849"/>
 <node id="9017629026" visible="true" version="2" changeset="113591217" timestamp="2021-11-10T04:28:48Z" user="shanhulittle" uid="11213533" lat="39.9980429" lon="116.1893984"/>
 <node id="9017629027" visible="true" version="2" changeset="113591217" timestamp="2021-11-10T04:28:48Z" user="shanhulittle" uid="11213533" lat="39.9978691" lon="116.1893796"/>
 <node id="9017629028" visible="true" version="1" changeset="109884216" timestamp="2021-08-18T15:58:18Z" user="cqrCpf7Ce_A7" uid="3620913" lat="39.9977116" lon="116.1895348"/>
 <node id="9017629029" visible="true" version="1" changeset="109884216" timestamp="2021-08-18T15:58:18Z" user="cqrCpf7Ce_A7" uid="3620913" lat="39.9975160" lon="116.1897901"/>
 <node id="9017629030" visible="true" version="1" changeset="109884216" timestamp="2021-08-18T15:58:18Z" user="cqrCpf7Ce_A7" uid="3620913" lat="39.9974042" lon="116.1900682"/>
 <node id="9017629031" visible="true" version="1" changeset="109884216" timestamp="2021-08-18T15:58:18Z" user="cqrCpf7Ce_A7" uid="3620913" lat="39.9973204" lon="116.1903645"/>
 <node id="9017629032" visible="true" version="1" changeset="109884216" timestamp="2021-08-18T15:58:18Z" user="cqrCpf7Ce_A7" uid="3620913" lat="39.9993582" lon="116.1882584"/>
 <node id="9017629033" visible="true" version="1" changeset="109884216" timestamp="2021-08-18T15:58:18Z" user="cqrCpf7Ce_A7" uid="3620913" lat="39.9995637" lon="116.1885496"/>
 <node id="9017629034" visible="true" version="1" changeset="109884216" timestamp="2021-08-18T15:58:18Z" user="cqrCpf7Ce_A7" uid="3620913" lat="39.9997974" lon="116.1886860"/>
 <node id="9017629035" visible="true" version="1" changeset="109884216" timestamp="2021-08-18T15:58:18Z" user="cqrCpf7Ce_A7" uid="3620913" lat="40.0000003" lon="116.1888144"/>
 <node id="9017629036" visible="true" version="1" changeset="109884216" timestamp="2021-08-18T15:58:18Z" user="cqrCpf7Ce_A7" uid="3620913" lat="40.0002769" lon="116.1889188"/>
 <node id="9017629037" visible="true" version="1" changeset="109884216" timestamp="2021-08-18T15:58:18Z" user="cqrCpf7Ce_A7" uid="3620913" lat="40.0005228" lon="116.1888626"/>
 <node id="9017629038" visible="true" version="1" changeset="109884216" timestamp="2021-08-18T15:58:18Z" user="cqrCpf7Ce_A7" uid="3620913" lat="40.0007872" lon="116.1889027"/>
 <node id="9017629039" visible="true" version="1" changeset="109884216" timestamp="2021-08-18T15:58:18Z" user="cqrCpf7Ce_A7" uid="3620913" lat="40.0010147" lon="116.1889669"/>
 <node id="9017629040" visible="true" version="1" changeset="109884216" timestamp="2021-08-18T15:58:18Z" user="cqrCpf7Ce_A7" uid="3620913" lat="40.0012606" lon="116.1891515"/>
 <node id="9017629041" visible="true" version="1" changeset="109884216" timestamp="2021-08-18T15:58:18Z" user="cqrCpf7Ce_A7" uid="3620913" lat="40.0018323" lon="116.1893361"/>
 <node id="9017629042" visible="true" version="1" changeset="109884216" timestamp="2021-08-18T15:58:18Z" user="cqrCpf7Ce_A7" uid="3620913" lat="40.0019061" lon="116.1894966"/>
 <node id="9017629043" visible="true" version="1" changeset="109884216" timestamp="2021-08-18T15:58:18Z" user="cqrCpf7Ce_A7" uid="3620913" lat="40.0020598" lon="116.1895367"/>
 <node id="9017629044" visible="true" version="1" changeset="109884216" timestamp="2021-08-18T15:58:18Z" user="cqrCpf7Ce_A7" uid="3620913" lat="40.0021828" lon="116.1897053"/>
 <node id="9017629045" visible="true" version="1" changeset="109884216" timestamp="2021-08-18T15:58:18Z" user="cqrCpf7Ce_A7" uid="3620913" lat="40.0024963" lon="116.1898899"/>
 <node id="9017629046" visible="true" version="1" changeset="109884216" timestamp="2021-08-18T15:58:18Z" user="cqrCpf7Ce_A7" uid="3620913" lat="40.0027361" lon="116.1900985"/>
 <node id="9017629047" visible="true" version="1" changeset="109884216" timestamp="2021-08-18T15:58:18Z" user="cqrCpf7Ce_A7" uid="3620913" lat="40.0029328" lon="116.1899380"/>
 <node id="9017629048" visible="true" version="1" changeset="109884216" timestamp="2021-08-18T15:58:18Z" user="cqrCpf7Ce_A7" uid="3620913" lat="40.0031111" lon="116.1900664"/>
 <node id="9017629049" visible="true" version="1" changeset="109884216" timestamp="2021-08-18T15:58:18Z" user="cqrCpf7Ce_A7" uid="3620913" lat="40.0032463" lon="116.1900343"/>
 <node id="9017629050" visible="true" version="1" changeset="109884216" timestamp="2021-08-18T15:58:18Z" user="cqrCpf7Ce_A7" uid="3620913" lat="40.0034185" lon="116.1898337"/>
 <node id="9017629051" visible="true" version="1" changeset="109884216" timestamp="2021-08-18T15:58:18Z" user="cqrCpf7Ce_A7" uid="3620913" lat="40.0035107" lon="116.1898176"/>
 <node id="9017629052" visible="true" version="1" changeset="109884216" timestamp="2021-08-18T15:58:18Z" user="cqrCpf7Ce_A7" uid="3620913" lat="40.0036152" lon="116.1898337"/>
 <node id="9017629053" visible="true" version="1" changeset="109884216" timestamp="2021-08-18T15:58:18Z" user="cqrCpf7Ce_A7" uid="3620913" lat="40.0037320" lon="116.1897133"/>
 <node id="9017629054" visible="true" version="1" changeset="109884216" timestamp="2021-08-18T15:58:18Z" user="cqrCpf7Ce_A7" uid="3620913" lat="40.0039164" lon="116.1896812"/>
 <node id="9017629055" visible="true" version="1" changeset="109884216" timestamp="2021-08-18T15:58:18Z" user="cqrCpf7Ce_A7" uid="3620913" lat="40.0041316" lon="116.1898818"/>
 <node id="9017629056" visible="true" version="1" changeset="109884216" timestamp="2021-08-18T15:58:18Z" user="cqrCpf7Ce_A7" uid="3620913" lat="40.0043591" lon="116.1900745"/>
 <node id="9017629084" visible="true" version="1" changeset="109884216" timestamp="2021-08-18T15:58:18Z" user="cqrCpf7Ce_A7" uid="3620913" lat="39.9999583" lon="116.1887879"/>
 <node id="9050736785" visible="true" version="1" changeset="110510229" timestamp="2021-08-31T11:45:34Z" user="Zhaohan Dong" uid="12225675" lat="40.0052181" lon="116.1860660"/>
 <node id="9050736793" visible="true" version="1" changeset="110510229" timestamp="2021-08-31T11:45:34Z" user="Zhaohan Dong" uid="12225675" lat="40.0110835" lon="116.1965412"/>
 <node id="9050736794" visible="true" version="1" changeset="110510229" timestamp="2021-08-31T11:45:34Z" user="Zhaohan Dong" uid="12225675" lat="40.0108973" lon="116.1964154"/>
 <node id="9050736795" visible="true" version="1" changeset="110510229" timestamp="2021-08-31T11:45:34Z" user="Zhaohan Dong" uid="12225675" lat="40.0117972" lon="116.1961451"/>
 <node id="9050736796" visible="true" version="1" changeset="110510229" timestamp="2021-08-31T11:45:34Z" user="Zhaohan Dong" uid="12225675" lat="40.0116707" lon="116.1963507"/>
 <node id="9050736797" visible="true" version="1" changeset="110510229" timestamp="2021-08-31T11:45:34Z" user="Zhaohan Dong" uid="12225675" lat="40.0114749" lon="116.1964795"/>
 <node id="9050736798" visible="true" version="1" changeset="110510229" timestamp="2021-08-31T11:45:34Z" user="Zhaohan Dong" uid="12225675" lat="40.0112203" lon="116.1965256"/>
 <node id="9050736799" visible="true" version="1" changeset="110510229" timestamp="2021-08-31T11:45:34Z" user="Zhaohan Dong" uid="12225675" lat="40.0110923" lon="116.1964776"/>
 <node id="9050736800" visible="true" version="1" changeset="110510229" timestamp="2021-08-31T11:45:34Z" user="Zhaohan Dong" uid="12225675" lat="40.0109804" lon="116.1963815"/>
 <node id="9050736801" visible="true" version="1" changeset="110510229" timestamp="2021-08-31T11:45:34Z" user="Zhaohan Dong" uid="12225675" lat="40.0108303" lon="116.1963354"/>
 <node id="9050736802" visible="true" version="1" changeset="110510229" timestamp="2021-08-31T11:45:34Z" user="Zhaohan Dong" uid="12225675" lat="40.0107744" lon="116.1963168"/>
 <node id="9050736803" visible="true" version="1" changeset="110510229" timestamp="2021-08-31T11:45:34Z" user="Zhaohan Dong" uid="12225675" lat="40.0106904" lon="116.1958250"/>
 <node id="9050736804" visible="true" version="1" changeset="110510229" timestamp="2021-08-31T11:45:34Z" user="Zhaohan Dong" uid="12225675" lat="40.0111394" lon="116.1957416"/>
 <node id="9050736805" visible="true" version="1" changeset="110510229" timestamp="2021-08-31T11:45:34Z" user="Zhaohan Dong" uid="12225675" lat="40.0106214" lon="116.1958721"/>
 <node id="9050736806" visible="true" version="1" changeset="110510229" timestamp="2021-08-31T11:45:34Z" user="Zhaohan Dong" uid="12225675" lat="40.0107543" lon="116.1963404"/>
 <node id="9050736807" visible="true" version="1" changeset="110510229" timestamp="2021-08-31T11:45:34Z" user="Zhaohan Dong" uid="12225675" lat="40.0107258" lon="116.1960560">
  <tag k="access" v="private"/>
  <tag k="barrier" v="gate"/>
 </node>
 <node id="9050736808" visible="true" version="1" changeset="110510229" timestamp="2021-08-31T11:45:34Z" user="Zhaohan Dong" uid="12225675" lat="40.0106764" lon="116.1960754"/>
 <node id="9050736809" visible="true" version="1" changeset="110510229" timestamp="2021-08-31T11:45:34Z" user="Zhaohan Dong" uid="12225675" lat="40.0104796" lon="116.1958672"/>
 <node id="9050736810" visible="true" version="1" changeset="110510229" timestamp="2021-08-31T11:45:34Z" user="Zhaohan Dong" uid="12225675" lat="40.0104464" lon="116.1957067"/>
 <node id="9050736811" visible="true" version="1" changeset="110510229" timestamp="2021-08-31T11:45:34Z" user="Zhaohan Dong" uid="12225675" lat="40.0104323" lon="116.1956975"/>
 <node id="9050736812" visible="true" version="1" changeset="110510229" timestamp="2021-08-31T11:45:34Z" user="Zhaohan Dong" uid="12225675" lat="40.0104253" lon="116.1956700"/>
 <node id="9050736813" visible="true" version="1" changeset="110510229" timestamp="2021-08-31T11:45:34Z" user="Zhaohan Dong" uid="12225675" lat="40.0103770" lon="116.1957330"/>
 <node id="9050736814" visible="true" version="1" changeset="110510229" timestamp="2021-08-31T11:45:34Z" user="Zhaohan Dong" uid="12225675" lat="40.0103529" lon="116.1956870"/>
 <node id="9050736815" visible="true" version="1" changeset="110510229" timestamp="2021-08-31T11:45:34Z" user="Zhaohan Dong" uid="12225675" lat="40.0103328" lon="116.1956621"/>
 <node id="9050736816" visible="true" version="1" changeset="110510229" timestamp="2021-08-31T11:45:34Z" user="Zhaohan Dong" uid="12225675" lat="40.0102925" lon="116.1956595"/>
 <node id="9050788717" visible="true" version="1" changeset="110510229" timestamp="2021-08-31T11:45:34Z" user="Zhaohan Dong" uid="12225675" lat="40.0102553" lon="116.1956897"/>
 <node id="9050788718" visible="true" version="1" changeset="110510229" timestamp="2021-08-31T11:45:34Z" user="Zhaohan Dong" uid="12225675" lat="40.0102171" lon="116.1957382"/>
 <node id="9050788719" visible="true" version="1" changeset="110510229" timestamp="2021-08-31T11:45:34Z" user="Zhaohan Dong" uid="12225675" lat="40.0101900" lon="116.1957566"/>
 <node id="9050788720" visible="true" version="1" changeset="110510229" timestamp="2021-08-31T11:45:34Z" user="Zhaohan Dong" uid="12225675" lat="40.0101568" lon="116.1957540"/>
 <node id="9050788721" visible="true" version="1" changeset="110510229" timestamp="2021-08-31T11:45:34Z" user="Zhaohan Dong" uid="12225675" lat="40.0101397" lon="116.1957435"/>
 <node id="9050788722" visible="true" version="1" changeset="110510229" timestamp="2021-08-31T11:45:34Z" user="Zhaohan Dong" uid="12225675" lat="40.0100954" lon="116.1957829"/>
 <node id="9050788723" visible="true" version="1" changeset="110510229" timestamp="2021-08-31T11:45:34Z" user="Zhaohan Dong" uid="12225675" lat="40.0106405" lon="116.1958367"/>
 <node id="9050788724" visible="true" version="1" changeset="110510229" timestamp="2021-08-31T11:45:34Z" user="Zhaohan Dong" uid="12225675" lat="40.0106887" lon="116.1960271"/>
 <node id="9050788725" visible="true" version="1" changeset="110510229" timestamp="2021-08-31T11:45:34Z" user="Zhaohan Dong" uid="12225675" lat="40.0107224" lon="116.1960338"/>
 <node id="9122511021" visible="true" version="1" changeset="111691776" timestamp="2021-09-25T15:10:42Z" user="cqrCpf7Ce_A7" uid="3620913" lat="39.9972919" lon="116.1962862"/>
 <node id="9122511022" visible="true" version="1" changeset="111691776" timestamp="2021-09-25T15:10:42Z" user="cqrCpf7Ce_A7" uid="3620913" lat="39.9973710" lon="116.1962880"/>
 <node id="9122511023" visible="true" version="1" changeset="111691776" timestamp="2021-09-25T15:10:42Z" user="cqrCpf7Ce_A7" uid="3620913" lat="39.9974349" lon="116.1963140"/>
 <node id="9122511024" visible="true" version="1" changeset="111691776" timestamp="2021-09-25T15:10:42Z" user="cqrCpf7Ce_A7" uid="3620913" lat="39.9975229" lon="116.1963662"/>
 <node id="9122511025" visible="true" version="1" changeset="111691776" timestamp="2021-09-25T15:10:42Z" user="cqrCpf7Ce_A7" uid="3620913" lat="39.9976228" lon="116.1963662"/>
 <node id="9122511026" visible="true" version="1" changeset="111691776" timestamp="2021-09-25T15:10:42Z" user="cqrCpf7Ce_A7" uid="3620913" lat="39.9977387" lon="116.1963036"/>
 <node id="9122511027" visible="true" version="1" changeset="111691776" timestamp="2021-09-25T15:10:42Z" user="cqrCpf7Ce_A7" uid="3620913" lat="39.9978786" lon="116.1961575"/>
 <node id="9122511028" visible="true" version="1" changeset="111691776" timestamp="2021-09-25T15:10:42Z" user="cqrCpf7Ce_A7" uid="3620913" lat="39.9979666" lon="116.1960636"/>
 <node id="9122511029" visible="true" version="1" changeset="111691776" timestamp="2021-09-25T15:10:42Z" user="cqrCpf7Ce_A7" uid="3620913" lat="39.9981344" lon="116.1960219"/>
 <node id="9122511030" visible="true" version="1" changeset="111691776" timestamp="2021-09-25T15:10:42Z" user="cqrCpf7Ce_A7" uid="3620913" lat="39.9982184" lon="116.1959801"/>
 <node id="9122511032" visible="true" version="1" changeset="111691776" timestamp="2021-09-25T15:10:42Z" user="cqrCpf7Ce_A7" uid="3620913" lat="39.9978946" lon="116.1960219"/>
 <node id="9122511033" visible="true" version="1" changeset="111691776" timestamp="2021-09-25T15:10:42Z" user="cqrCpf7Ce_A7" uid="3620913" lat="39.9979372" lon="116.1960950"/>
 <node id="9122511034" visible="true" version="1" changeset="111691776" timestamp="2021-09-25T15:10:42Z" user="cqrCpf7Ce_A7" uid="3620913" lat="39.9980025" lon="116.1962201"/>
 <node id="9122511035" visible="true" version="1" changeset="111691776" timestamp="2021-09-25T15:10:42Z" user="cqrCpf7Ce_A7" uid="3620913" lat="39.9983921" lon="116.1958330"/>
 <node id="9122511036" visible="true" version="1" changeset="111691776" timestamp="2021-09-25T15:10:42Z" user="cqrCpf7Ce_A7" uid="3620913" lat="39.9985381" lon="116.1958758"/>
 <node id="9122511037" visible="true" version="1" changeset="111691776" timestamp="2021-09-25T15:10:42Z" user="cqrCpf7Ce_A7" uid="3620913" lat="39.9986021" lon="116.1959018"/>
 <node id="9122511038" visible="true" version="1" changeset="111691776" timestamp="2021-09-25T15:10:42Z" user="cqrCpf7Ce_A7" uid="3620913" lat="39.9988020" lon="116.1959175"/>
 <node id="9122511039" visible="true" version="1" changeset="111691776" timestamp="2021-09-25T15:10:42Z" user="cqrCpf7Ce_A7" uid="3620913" lat="39.9989738" lon="116.1960114"/>
 <node id="9122511040" visible="true" version="1" changeset="111691776" timestamp="2021-09-25T15:10:42Z" user="cqrCpf7Ce_A7" uid="3620913" lat="39.9990857" lon="116.1962045"/>
 <node id="9122511041" visible="true" version="1" changeset="111691776" timestamp="2021-09-25T15:10:42Z" user="cqrCpf7Ce_A7" uid="3620913" lat="39.9990658" lon="116.1963558"/>
 <node id="9122511042" visible="true" version="1" changeset="111691776" timestamp="2021-09-25T15:10:42Z" user="cqrCpf7Ce_A7" uid="3620913" lat="39.9991177" lon="116.1964497"/>
 <node id="9122511043" visible="true" version="1" changeset="111691776" timestamp="2021-09-25T15:10:42Z" user="cqrCpf7Ce_A7" uid="3620913" lat="39.9991297" lon="116.1965854"/>
 <node id="9122511044" visible="true" version="1" changeset="111691776" timestamp="2021-09-25T15:10:42Z" user="cqrCpf7Ce_A7" uid="3620913" lat="39.9992816" lon="116.1968097"/>
 <node id="9122511045" visible="true" version="1" changeset="111691776" timestamp="2021-09-25T15:10:42Z" user="cqrCpf7Ce_A7" uid="3620913" lat="39.9994135" lon="116.1969558"/>
 <node id="9122511046" visible="true" version="1" changeset="111691776" timestamp="2021-09-25T15:10:42Z" user="cqrCpf7Ce_A7" uid="3620913" lat="39.9994775" lon="116.1970028"/>
 <node id="9122511047" visible="true" version="1" changeset="111691776" timestamp="2021-09-25T15:10:42Z" user="cqrCpf7Ce_A7" uid="3620913" lat="39.9996254" lon="116.1970184"/>
 <node id="9122511048" visible="true" version="1" changeset="111691776" timestamp="2021-09-25T15:10:42Z" user="cqrCpf7Ce_A7" uid="3620913" lat="39.9997453" lon="116.1969558"/>
 <node id="9122511049" visible="true" version="1" changeset="111691776" timestamp="2021-09-25T15:10:42Z" user="cqrCpf7Ce_A7" uid="3620913" lat="39.9998372" lon="116.1969819"/>
 <node id="9122511050" visible="true" version="1" changeset="111691776" timestamp="2021-09-25T15:10:42Z" user="cqrCpf7Ce_A7" uid="3620913" lat="39.9999331" lon="116.1971802"/>
 <node id="9122511051" visible="true" version="1" changeset="111691776" timestamp="2021-09-25T15:10:42Z" user="cqrCpf7Ce_A7" uid="3620913" lat="39.9999411" lon="116.1972793"/>
 <node id="9122511052" visible="true" version="1" changeset="111691776" timestamp="2021-09-25T15:10:42Z" user="cqrCpf7Ce_A7" uid="3620913" lat="40.0000570" lon="116.1974567"/>
 <node id="9122511053" visible="true" version="1" changeset="111691776" timestamp="2021-09-25T15:10:42Z" user="cqrCpf7Ce_A7" uid="3620913" lat="40.0002169" lon="116.1975767"/>
 <node id="9122511054" visible="true" version="1" changeset="111691776" timestamp="2021-09-25T15:10:42Z" user="cqrCpf7Ce_A7" uid="3620913" lat="40.0003768" lon="116.1976080"/>
 <node id="9122511055" visible="true" version="1" changeset="111691776" timestamp="2021-09-25T15:10:42Z" user="cqrCpf7Ce_A7" uid="3620913" lat="40.0005207" lon="116.1976237"/>
 <node id="9122511056" visible="true" version="1" changeset="111691776" timestamp="2021-09-25T15:10:42Z" user="cqrCpf7Ce_A7" uid="3620913" lat="40.0006526" lon="116.1977698"/>
 <node id="9122511057" visible="true" version="1" changeset="111691776" timestamp="2021-09-25T15:10:42Z" user="cqrCpf7Ce_A7" uid="3620913" lat="40.0007245" lon="116.1979628"/>
 <node id="9122511058" visible="true" version="1" changeset="111691776" timestamp="2021-09-25T15:10:42Z" user="cqrCpf7Ce_A7" uid="3620913" lat="40.0007445" lon="116.1980881"/>
 <node id="9122511059" visible="true" version="1" changeset="111691776" timestamp="2021-09-25T15:10:42Z" user="cqrCpf7Ce_A7" uid="3620913" lat="40.0006886" lon="116.1981716"/>
 <node id="9122511060" visible="true" version="1" changeset="111691776" timestamp="2021-09-25T15:10:42Z" user="cqrCpf7Ce_A7" uid="3620913" lat="40.0005846" lon="116.1981663"/>
 <node id="9122511061" visible="true" version="1" changeset="111691776" timestamp="2021-09-25T15:10:42Z" user="cqrCpf7Ce_A7" uid="3620913" lat="40.0004088" lon="116.1980672"/>
 <node id="9122511062" visible="true" version="1" changeset="111691776" timestamp="2021-09-25T15:10:42Z" user="cqrCpf7Ce_A7" uid="3620913" lat="40.0003008" lon="116.1981611"/>
 <node id="9122511063" visible="true" version="1" changeset="111691776" timestamp="2021-09-25T15:10:42Z" user="cqrCpf7Ce_A7" uid="3620913" lat="40.0002489" lon="116.1982968"/>
 <node id="9122511064" visible="true" version="1" changeset="111691776" timestamp="2021-09-25T15:10:42Z" user="cqrCpf7Ce_A7" uid="3620913" lat="40.0001330" lon="116.1984064"/>
 <node id="9122511065" visible="true" version="1" changeset="111691776" timestamp="2021-09-25T15:10:42Z" user="cqrCpf7Ce_A7" uid="3620913" lat="40.0000450" lon="116.1984533"/>
 <node id="9122511066" visible="true" version="1" changeset="111691776" timestamp="2021-09-25T15:10:42Z" user="cqrCpf7Ce_A7" uid="3620913" lat="39.9999446" lon="116.1986323"/>
 <node id="9122511067" visible="true" version="1" changeset="111691776" timestamp="2021-09-25T15:10:42Z" user="cqrCpf7Ce_A7" uid="3620913" lat="40.0009210" lon="116.1947702"/>
 <node id="9122511068" visible="true" version="2" changeset="118726125" timestamp="2022-03-21T09:16:48Z" user="cqrCpf7Ce_A7" uid="3620913" lat="40.0008653" lon="116.1948858"/>
 <node id="9122511069" visible="true" version="1" changeset="111691776" timestamp="2021-09-25T15:10:42Z" user="cqrCpf7Ce_A7" uid="3620913" lat="40.0009404" lon="116.1950357"/>
 <node id="9122511070" visible="true" version="1" changeset="111691776" timestamp="2021-09-25T15:10:42Z" user="cqrCpf7Ce_A7" uid="3620913" lat="40.0008764" lon="116.1952131"/>
 <node id="9122511071" visible="true" version="1" changeset="111691776" timestamp="2021-09-25T15:10:42Z" user="cqrCpf7Ce_A7" uid="3620913" lat="40.0007965" lon="116.1952392"/>
 <node id="9122511072" visible="true" version="1" changeset="111691776" timestamp="2021-09-25T15:10:42Z" user="cqrCpf7Ce_A7" uid="3620913" lat="40.0007485" lon="116.1953331"/>
 <node id="9122511073" visible="true" version="1" changeset="111691776" timestamp="2021-09-25T15:10:42Z" user="cqrCpf7Ce_A7" uid="3620913" lat="40.0006806" lon="116.1954323"/>
 <node id="9122511074" visible="true" version="1" changeset="111691776" timestamp="2021-09-25T15:10:42Z" user="cqrCpf7Ce_A7" uid="3620913" lat="40.0005886" lon="116.1954375"/>
 <node id="9122511075" visible="true" version="1" changeset="111691776" timestamp="2021-09-25T15:10:42Z" user="cqrCpf7Ce_A7" uid="3620913" lat="40.0004687" lon="116.1954896"/>
 <node id="9122511076" visible="true" version="1" changeset="111691776" timestamp="2021-09-25T15:10:42Z" user="cqrCpf7Ce_A7" uid="3620913" lat="40.0003768" lon="116.1956044"/>
 <node id="9122511077" visible="true" version="1" changeset="111691776" timestamp="2021-09-25T15:10:42Z" user="cqrCpf7Ce_A7" uid="3620913" lat="40.0003688" lon="116.1958549"/>
 <node id="9122511078" visible="true" version="1" changeset="111691776" timestamp="2021-09-25T15:10:42Z" user="cqrCpf7Ce_A7" uid="3620913" lat="40.0003328" lon="116.1959279"/>
 <node id="9122511079" visible="true" version="2" changeset="120114177" timestamp="2022-04-24T08:04:55Z" user="cqrCpf7Ce_A7" uid="3620913" lat="40.0003804" lon="116.1961512"/>
 <node id="9122511080" visible="true" version="2" changeset="120114177" timestamp="2022-04-24T08:04:55Z" user="cqrCpf7Ce_A7" uid="3620913" lat="40.0003954" lon="116.1962419"/>
 <node id="9122511081" visible="true" version="1" changeset="111691776" timestamp="2021-09-25T15:10:42Z" user="cqrCpf7Ce_A7" uid="3620913" lat="40.0005247" lon="116.1963662"/>
 <node id="9122511082" visible="true" version="1" changeset="111691776" timestamp="2021-09-25T15:10:42Z" user="cqrCpf7Ce_A7" uid="3620913" lat="40.0006246" lon="116.1965332"/>
 <node id="9122511083" visible="true" version="1" changeset="111691776" timestamp="2021-09-25T15:10:42Z" user="cqrCpf7Ce_A7" uid="3620913" lat="40.0007445" lon="116.1966584"/>
 <node id="9122511084" visible="true" version="1" changeset="111691776" timestamp="2021-09-25T15:10:42Z" user="cqrCpf7Ce_A7" uid="3620913" lat="40.0008245" lon="116.1967576"/>
 <node id="9122511085" visible="true" version="1" changeset="111691776" timestamp="2021-09-25T15:10:42Z" user="cqrCpf7Ce_A7" uid="3620913" lat="40.0010203" lon="116.1967576"/>
 <node id="9122511086" visible="true" version="1" changeset="111691776" timestamp="2021-09-25T15:10:42Z" user="cqrCpf7Ce_A7" uid="3620913" lat="40.0012122" lon="116.1968932"/>
 <node id="9122511087" visible="true" version="1" changeset="111691776" timestamp="2021-09-25T15:10:42Z" user="cqrCpf7Ce_A7" uid="3620913" lat="40.0012561" lon="116.1970393"/>
 <node id="9122511088" visible="true" version="1" changeset="111691776" timestamp="2021-09-25T15:10:42Z" user="cqrCpf7Ce_A7" uid="3620913" lat="40.0014040" lon="116.1970497"/>
 <node id="9122511089" visible="true" version="1" changeset="111691776" timestamp="2021-09-25T15:10:42Z" user="cqrCpf7Ce_A7" uid="3620913" lat="40.0015479" lon="116.1971645"/>
 <node id="9122511090" visible="true" version="1" changeset="111691776" timestamp="2021-09-25T15:10:42Z" user="cqrCpf7Ce_A7" uid="3620913" lat="40.0017358" lon="116.1972637"/>
 <node id="9122511091" visible="true" version="1" changeset="111691776" timestamp="2021-09-25T15:10:42Z" user="cqrCpf7Ce_A7" uid="3620913" lat="40.0002649" lon="116.1959279"/>
 <node id="9122511092" visible="true" version="1" changeset="111691776" timestamp="2021-09-25T15:10:42Z" user="cqrCpf7Ce_A7" uid="3620913" lat="40.0001849" lon="116.1959436"/>
 <node id="9122511093" visible="true" version="1" changeset="111691776" timestamp="2021-09-25T15:10:42Z" user="cqrCpf7Ce_A7" uid="3620913" lat="40.0001250" lon="116.1959384"/>
 <node id="9122511094" visible="true" version="2" changeset="120114177" timestamp="2022-04-24T08:04:55Z" user="cqrCpf7Ce_A7" uid="3620913" lat="40.0000621" lon="116.1959327"/>
 <node id="9122511095" visible="true" version="2" changeset="120114177" timestamp="2022-04-24T08:04:55Z" user="cqrCpf7Ce_A7" uid="3620913" lat="39.9999968" lon="116.1959295"/>
 <node id="9122511096" visible="true" version="2" changeset="120114177" timestamp="2022-04-24T08:04:55Z" user="cqrCpf7Ce_A7" uid="3620913" lat="39.9999161" lon="116.1957929"/>
 <node id="9122511097" visible="true" version="2" changeset="120114177" timestamp="2022-04-24T08:04:55Z" user="cqrCpf7Ce_A7" uid="3620913" lat="39.9998872" lon="116.1956816"/>
 <node id="9122511098" visible="true" version="1" changeset="111691776" timestamp="2021-09-25T15:10:42Z" user="cqrCpf7Ce_A7" uid="3620913" lat="39.9998554" lon="116.1956732"/>
 <node id="9122511099" visible="true" version="1" changeset="111691776" timestamp="2021-09-25T15:10:42Z" user="cqrCpf7Ce_A7" uid="3620913" lat="40.0000647" lon="116.1954641"/>
 <node id="9122511100" visible="true" version="1" changeset="111691776" timestamp="2021-09-25T15:10:42Z" user="cqrCpf7Ce_A7" uid="3620913" lat="39.9999611" lon="116.1961106"/>
 <node id="9122511101" visible="true" version="2" changeset="120114177" timestamp="2022-04-24T08:04:55Z" user="cqrCpf7Ce_A7" uid="3620913" lat="39.9999430" lon="116.1963685"/>
 <node id="9122511102" visible="true" version="2" changeset="120114177" timestamp="2022-04-24T08:04:55Z" user="cqrCpf7Ce_A7" uid="3620913" lat="39.9997974" lon="116.1964407"/>
 <node id="9122511103" visible="true" version="2" changeset="120114177" timestamp="2022-04-24T08:04:55Z" user="cqrCpf7Ce_A7" uid="3620913" lat="39.9997205" lon="116.1965425"/>
 <node id="9122511104" visible="true" version="1" changeset="111691776" timestamp="2021-09-25T15:10:42Z" user="cqrCpf7Ce_A7" uid="3620913" lat="39.9996413" lon="116.1967471"/>
 <node id="9122511105" visible="true" version="1" changeset="111691776" timestamp="2021-09-25T15:10:42Z" user="cqrCpf7Ce_A7" uid="3620913" lat="39.9995894" lon="116.1968932"/>
 <node id="9122511106" visible="true" version="3" changeset="120452070" timestamp="2022-05-02T09:27:11Z" user="cqrCpf7Ce_A7" uid="3620913" lat="39.9995661" lon="116.1970270"/>
 <node id="9122511107" visible="true" version="1" changeset="111691776" timestamp="2021-09-25T15:10:42Z" user="cqrCpf7Ce_A7" uid="3620913" lat="40.0005007" lon="116.1953383"/>
 <node id="9122511108" visible="true" version="1" changeset="111691776" timestamp="2021-09-25T15:10:42Z" user="cqrCpf7Ce_A7" uid="3620913" lat="40.0005263" lon="116.1954646"/>
 <node id="9122511109" visible="true" version="1" changeset="111691776" timestamp="2021-09-25T15:10:42Z" user="cqrCpf7Ce_A7" uid="3620913" lat="40.0029268" lon="116.1920251"/>
 <node id="9122511110" visible="true" version="1" changeset="111691776" timestamp="2021-09-25T15:10:42Z" user="cqrCpf7Ce_A7" uid="3620913" lat="40.0029148" lon="116.1919103"/>
 <node id="9122511111" visible="true" version="1" changeset="111691776" timestamp="2021-09-25T15:10:42Z" user="cqrCpf7Ce_A7" uid="3620913" lat="40.0028988" lon="116.1917955"/>
 <node id="9122511112" visible="true" version="1" changeset="111691776" timestamp="2021-09-25T15:10:42Z" user="cqrCpf7Ce_A7" uid="3620913" lat="40.0028349" lon="116.1916807"/>
 <node id="9122511113" visible="true" version="1" changeset="111691776" timestamp="2021-09-25T15:10:42Z" user="cqrCpf7Ce_A7" uid="3620913" lat="40.0027749" lon="116.1916077"/>
 <node id="9122511114" visible="true" version="1" changeset="111691776" timestamp="2021-09-25T15:10:42Z" user="cqrCpf7Ce_A7" uid="3620913" lat="40.0026967" lon="116.1915435"/>
 <node id="9122511115" visible="true" version="1" changeset="111691776" timestamp="2021-09-25T15:10:42Z" user="cqrCpf7Ce_A7" uid="3620913" lat="40.0099436" lon="116.1904055"/>
 <node id="9122511116" visible="true" version="1" changeset="111691776" timestamp="2021-09-25T15:10:42Z" user="cqrCpf7Ce_A7" uid="3620913" lat="40.0099849" lon="116.1906163"/>
 <node id="9122540517" visible="true" version="1" changeset="111691776" timestamp="2021-09-25T15:10:42Z" user="cqrCpf7Ce_A7" uid="3620913" lat="40.0101287" lon="116.1906215"/>
 <node id="9122540518" visible="true" version="1" changeset="111691776" timestamp="2021-09-25T15:10:42Z" user="cqrCpf7Ce_A7" uid="3620913" lat="40.0103006" lon="116.1907206"/>
 <node id="9122540519" visible="true" version="1" changeset="111691776" timestamp="2021-09-25T15:10:42Z" user="cqrCpf7Ce_A7" uid="3620913" lat="40.0103485" lon="116.1908824"/>
 <node id="9122540520" visible="true" version="1" changeset="111691776" timestamp="2021-09-25T15:10:42Z" user="cqrCpf7Ce_A7" uid="3620913" lat="40.0103286" lon="116.1911537"/>
 <node id="9122540521" visible="true" version="1" changeset="111691776" timestamp="2021-09-25T15:10:42Z" user="cqrCpf7Ce_A7" uid="3620913" lat="40.0103765" lon="116.1912581"/>
 <node id="9122540522" visible="true" version="1" changeset="111691776" timestamp="2021-09-25T15:10:42Z" user="cqrCpf7Ce_A7" uid="3620913" lat="40.0103206" lon="116.1914668"/>
 <node id="9122540523" visible="true" version="1" changeset="111691776" timestamp="2021-09-25T15:10:42Z" user="cqrCpf7Ce_A7" uid="3620913" lat="40.0103565" lon="116.1917485"/>
 <node id="9122540524" visible="true" version="1" changeset="111691776" timestamp="2021-09-25T15:10:42Z" user="cqrCpf7Ce_A7" uid="3620913" lat="40.0105404" lon="116.1918894"/>
 <node id="9122540525" visible="true" version="1" changeset="111691776" timestamp="2021-09-25T15:10:42Z" user="cqrCpf7Ce_A7" uid="3620913" lat="40.0107242" lon="116.1919416"/>
 <node id="9122540526" visible="true" version="1" changeset="111691776" timestamp="2021-09-25T15:10:42Z" user="cqrCpf7Ce_A7" uid="3620913" lat="40.0108185" lon="116.1919947"/>
 <node id="9122540527" visible="true" version="1" changeset="111691776" timestamp="2021-09-25T15:10:42Z" user="cqrCpf7Ce_A7" uid="3620913" lat="40.0109280" lon="116.1921294"/>
 <node id="9122540528" visible="true" version="1" changeset="111691776" timestamp="2021-09-25T15:10:42Z" user="cqrCpf7Ce_A7" uid="3620913" lat="40.0110239" lon="116.1922338"/>
 <node id="9122540529" visible="true" version="1" changeset="111691776" timestamp="2021-09-25T15:10:42Z" user="cqrCpf7Ce_A7" uid="3620913" lat="40.0110959" lon="116.1925051"/>
 <node id="9122540530" visible="true" version="1" changeset="111691776" timestamp="2021-09-25T15:10:42Z" user="cqrCpf7Ce_A7" uid="3620913" lat="40.0111039" lon="116.1927451"/>
 <node id="9122540531" visible="true" version="1" changeset="111691776" timestamp="2021-09-25T15:10:42Z" user="cqrCpf7Ce_A7" uid="3620913" lat="40.0110639" lon="116.1928964"/>
 <node id="9122540532" visible="true" version="1" changeset="111691776" timestamp="2021-09-25T15:10:42Z" user="cqrCpf7Ce_A7" uid="3620913" lat="40.0111678" lon="116.1932825"/>
 <node id="9122540533" visible="true" version="1" changeset="111691776" timestamp="2021-09-25T15:10:42Z" user="cqrCpf7Ce_A7" uid="3620913" lat="40.0111558" lon="116.1935278"/>
 <node id="9122540534" visible="true" version="1" changeset="111691776" timestamp="2021-09-25T15:10:42Z" user="cqrCpf7Ce_A7" uid="3620913" lat="40.0110999" lon="116.1937887"/>
 <node id="9122540535" visible="true" version="1" changeset="111691776" timestamp="2021-09-25T15:10:42Z" user="cqrCpf7Ce_A7" uid="3620913" lat="40.0111079" lon="116.1940496"/>
 <node id="9122540536" visible="true" version="1" changeset="111691776" timestamp="2021-09-25T15:10:42Z" user="cqrCpf7Ce_A7" uid="3620913" lat="40.0111438" lon="116.1941800"/>
 <node id="9122540537" visible="true" version="1" changeset="111691776" timestamp="2021-09-25T15:10:42Z" user="cqrCpf7Ce_A7" uid="3620913" lat="40.0112238" lon="116.1941852"/>
 <node id="9122540555" visible="true" version="1" changeset="111691776" timestamp="2021-09-25T15:10:42Z" user="cqrCpf7Ce_A7" uid="3620913" lat="40.0116175" lon="116.1901446"/>
 <node id="9122540556" visible="true" version="2" changeset="120534083" timestamp="2022-05-04T09:36:07Z" user="cqrCpf7Ce_A7" uid="3620913" lat="40.0115507" lon="116.1901118"/>
 <node id="9122540557" visible="true" version="2" changeset="120534083" timestamp="2022-05-04T09:36:07Z" user="cqrCpf7Ce_A7" uid="3620913" lat="40.0115142" lon="116.1900889"/>
 <node id="9122540558" visible="true" version="1" changeset="111691776" timestamp="2021-09-25T15:10:42Z" user="cqrCpf7Ce_A7" uid="3620913" lat="40.0115068" lon="116.1903020"/>
 <node id="9122540559" visible="true" version="1" changeset="111691776" timestamp="2021-09-25T15:10:42Z" user="cqrCpf7Ce_A7" uid="3620913" lat="40.0114788" lon="116.1904690"/>
 <node id="9122540560" visible="true" version="1" changeset="111691776" timestamp="2021-09-25T15:10:42Z" user="cqrCpf7Ce_A7" uid="3620913" lat="40.0115268" lon="116.1905629"/>
 <node id="9122540561" visible="true" version="1" changeset="111691776" timestamp="2021-09-25T15:10:42Z" user="cqrCpf7Ce_A7" uid="3620913" lat="40.0115667" lon="116.1906986"/>
 <node id="9122540562" visible="true" version="1" changeset="111691776" timestamp="2021-09-25T15:10:42Z" user="cqrCpf7Ce_A7" uid="3620913" lat="40.0116062" lon="116.1907872"/>
 <node id="9122540563" visible="true" version="1" changeset="111691776" timestamp="2021-09-25T15:10:42Z" user="cqrCpf7Ce_A7" uid="3620913" lat="40.0110272" lon="116.1942779"/>
 <node id="9122540564" visible="true" version="1" changeset="111691776" timestamp="2021-09-25T15:10:42Z" user="cqrCpf7Ce_A7" uid="3620913" lat="40.0109433" lon="116.1944032"/>
 <node id="9122540565" visible="true" version="1" changeset="111691776" timestamp="2021-09-25T15:10:42Z" user="cqrCpf7Ce_A7" uid="3620913" lat="40.0109033" lon="116.1945023"/>
 <node id="9122540566" visible="true" version="1" changeset="111691776" timestamp="2021-09-25T15:10:42Z" user="cqrCpf7Ce_A7" uid="3620913" lat="40.0109273" lon="116.1946484"/>
 <node id="9122540567" visible="true" version="1" changeset="111691776" timestamp="2021-09-25T15:10:42Z" user="cqrCpf7Ce_A7" uid="3620913" lat="40.0109284" lon="116.1947561"/>
 <node id="9122540568" visible="true" version="1" changeset="111691776" timestamp="2021-09-25T15:10:42Z" user="cqrCpf7Ce_A7" uid="3620913" lat="40.0110767" lon="116.1947445"/>
 <node id="9122540569" visible="true" version="1" changeset="111691776" timestamp="2021-09-25T15:10:42Z" user="cqrCpf7Ce_A7" uid="3620913" lat="40.0105290" lon="116.1947585"/>
 <node id="9122540570" visible="true" version="1" changeset="111691776" timestamp="2021-09-25T15:10:42Z" user="cqrCpf7Ce_A7" uid="3620913" lat="40.0104341" lon="116.1950226"/>
 <node id="9122540571" visible="true" version="1" changeset="111691776" timestamp="2021-09-25T15:10:42Z" user="cqrCpf7Ce_A7" uid="3620913" lat="40.0102834" lon="116.1951433"/>
 <node id="9122540572" visible="true" version="1" changeset="111691776" timestamp="2021-09-25T15:10:42Z" user="cqrCpf7Ce_A7" uid="3620913" lat="40.0099525" lon="116.1955310"/>
 <node id="9122540573" visible="true" version="2" changeset="120452070" timestamp="2022-05-02T09:27:11Z" user="cqrCpf7Ce_A7" uid="3620913" lat="40.0095002" lon="116.1955460"/>
 <node id="9122540594" visible="true" version="2" changeset="120452070" timestamp="2022-05-02T09:27:11Z" user="cqrCpf7Ce_A7" uid="3620913" lat="40.0094427" lon="116.1956995"/>
 <node id="9122540596" visible="true" version="1" changeset="111691776" timestamp="2021-09-25T15:10:42Z" user="cqrCpf7Ce_A7" uid="3620913" lat="40.0092091" lon="116.1957475"/>
 <node id="9122540597" visible="true" version="2" changeset="120452070" timestamp="2022-05-02T09:27:11Z" user="cqrCpf7Ce_A7" uid="3620913" lat="40.0095691" lon="116.1954685"/>
 <node id="9122540598" visible="true" version="2" changeset="120452070" timestamp="2022-05-02T09:27:11Z" user="cqrCpf7Ce_A7" uid="3620913" lat="40.0097587" lon="116.1954447"/>
 <node id="9122540599" visible="true" version="2" changeset="120452070" timestamp="2022-05-02T09:27:11Z" user="cqrCpf7Ce_A7" uid="3620913" lat="40.0098906" lon="116.1953565"/>
 <node id="9122540600" visible="true" version="2" changeset="120452070" timestamp="2022-05-02T09:27:11Z" user="cqrCpf7Ce_A7" uid="3620913" lat="40.0100614" lon="116.1952729"/>
 <node id="9122540601" visible="true" version="1" changeset="111691776" timestamp="2021-09-25T15:10:42Z" user="cqrCpf7Ce_A7" uid="3620913" lat="40.0101136" lon="116.1953457"/>
 <node id="9122540602" visible="true" version="1" changeset="111691776" timestamp="2021-09-25T15:10:42Z" user="cqrCpf7Ce_A7" uid="3620913" lat="40.0095525" lon="116.1941423"/>
 <node id="9122540603" visible="true" version="1" changeset="111691776" timestamp="2021-09-25T15:10:42Z" user="cqrCpf7Ce_A7" uid="3620913" lat="40.0096405" lon="116.1943145"/>
 <node id="9122540604" visible="true" version="1" changeset="111691776" timestamp="2021-09-25T15:10:42Z" user="cqrCpf7Ce_A7" uid="3620913" lat="40.0096764" lon="116.1944553"/>
 <node id="9122540605" visible="true" version="1" changeset="111691776" timestamp="2021-09-25T15:10:42Z" user="cqrCpf7Ce_A7" uid="3620913" lat="40.0097564" lon="116.1944762"/>
 <node id="9122540606" visible="true" version="1" changeset="111691776" timestamp="2021-09-25T15:10:42Z" user="cqrCpf7Ce_A7" uid="3620913" lat="40.0099522" lon="116.1944136"/>
 <node id="9122540607" visible="true" version="1" changeset="111691776" timestamp="2021-09-25T15:10:42Z" user="cqrCpf7Ce_A7" uid="3620913" lat="40.0100161" lon="116.1944188"/>
 <node id="9122540608" visible="true" version="1" changeset="111691776" timestamp="2021-09-25T15:10:42Z" user="cqrCpf7Ce_A7" uid="3620913" lat="40.0100721" lon="116.1943406"/>
 <node id="9122540609" visible="true" version="1" changeset="111691776" timestamp="2021-09-25T15:10:42Z" user="cqrCpf7Ce_A7" uid="3620913" lat="40.0101640" lon="116.1942988"/>
 <node id="9122540610" visible="true" version="1" changeset="111691776" timestamp="2021-09-25T15:10:42Z" user="cqrCpf7Ce_A7" uid="3620913" lat="40.0102200" lon="116.1942258"/>
 <node id="9122540611" visible="true" version="1" changeset="111691776" timestamp="2021-09-25T15:10:42Z" user="cqrCpf7Ce_A7" uid="3620913" lat="40.0103119" lon="116.1942310"/>
 <node id="9122540612" visible="true" version="1" changeset="111691776" timestamp="2021-09-25T15:10:42Z" user="cqrCpf7Ce_A7" uid="3620913" lat="40.0104717" lon="116.1941110"/>
 <node id="9122540613" visible="true" version="1" changeset="111691776" timestamp="2021-09-25T15:10:42Z" user="cqrCpf7Ce_A7" uid="3620913" lat="40.0105676" lon="116.1940431"/>
 <node id="9122540614" visible="true" version="1" changeset="111691776" timestamp="2021-09-25T15:10:42Z" user="cqrCpf7Ce_A7" uid="3620913" lat="40.0064347" lon="116.1958480"/>
 <node id="9122540615" visible="true" version="1" changeset="111691776" timestamp="2021-09-25T15:10:42Z" user="cqrCpf7Ce_A7" uid="3620913" lat="40.0065631" lon="116.1960102"/>
 <node id="9122540616" visible="true" version="1" changeset="111691776" timestamp="2021-09-25T15:10:42Z" user="cqrCpf7Ce_A7" uid="3620913" lat="40.0065911" lon="116.1962711"/>
 <node id="9122540617" visible="true" version="1" changeset="111691776" timestamp="2021-09-25T15:10:42Z" user="cqrCpf7Ce_A7" uid="3620913" lat="40.0066511" lon="116.1965320"/>
 <node id="9122540618" visible="true" version="1" changeset="111691776" timestamp="2021-09-25T15:10:42Z" user="cqrCpf7Ce_A7" uid="3620913" lat="40.0067030" lon="116.1967459"/>
 <node id="9122540619" visible="true" version="1" changeset="111691776" timestamp="2021-09-25T15:10:42Z" user="cqrCpf7Ce_A7" uid="3620913" lat="40.0066504" lon="116.1970182"/>
 <node id="9122540620" visible="true" version="1" changeset="111691776" timestamp="2021-09-25T15:10:42Z" user="cqrCpf7Ce_A7" uid="3620913" lat="40.0057772" lon="116.1971763"/>
 <node id="9122540621" visible="true" version="1" changeset="111691776" timestamp="2021-09-25T15:10:42Z" user="cqrCpf7Ce_A7" uid="3620913" lat="40.0058278" lon="116.1970068"/>
 <node id="9122540622" visible="true" version="1" changeset="111691776" timestamp="2021-09-25T15:10:42Z" user="cqrCpf7Ce_A7" uid="3620913" lat="40.0058757" lon="116.1968138"/>
 <node id="9122540623" visible="true" version="1" changeset="111691776" timestamp="2021-09-25T15:10:42Z" user="cqrCpf7Ce_A7" uid="3620913" lat="40.0058877" lon="116.1966468"/>
 <node id="9122540624" visible="true" version="1" changeset="111691776" timestamp="2021-09-25T15:10:42Z" user="cqrCpf7Ce_A7" uid="3620913" lat="40.0059437" lon="116.1963285"/>
 <node id="9122540625" visible="true" version="1" changeset="111691776" timestamp="2021-09-25T15:10:42Z" user="cqrCpf7Ce_A7" uid="3620913" lat="40.0059916" lon="116.1962346"/>
 <node id="9122540626" visible="true" version="1" changeset="111691776" timestamp="2021-09-25T15:10:42Z" user="cqrCpf7Ce_A7" uid="3620913" lat="40.0059796" lon="116.1960989"/>
 <node id="9122540627" visible="true" version="1" changeset="111691776" timestamp="2021-09-25T15:10:42Z" user="cqrCpf7Ce_A7" uid="3620913" lat="40.0059916" lon="116.1959111"/>
 <node id="9122540628" visible="true" version="1" changeset="111691776" timestamp="2021-09-25T15:10:42Z" user="cqrCpf7Ce_A7" uid="3620913" lat="40.0060596" lon="116.1958224"/>
 <node id="9122540629" visible="true" version="1" changeset="111691776" timestamp="2021-09-25T15:10:42Z" user="cqrCpf7Ce_A7" uid="3620913" lat="40.0061244" lon="116.1957309"/>
 <node id="9122540641" visible="true" version="1" changeset="111691776" timestamp="2021-09-25T15:10:42Z" user="cqrCpf7Ce_A7" uid="3620913" lat="40.0042913" lon="116.1970702"/>
 <node id="9179612344" visible="true" version="1" changeset="112641173" timestamp="2021-10-18T08:22:26Z" user="cqrCpf7Ce_A7" uid="3620913" lat="40.0050918" lon="116.1888947"/>
 <node id="9179612352" visible="true" version="1" changeset="112641173" timestamp="2021-10-18T08:22:26Z" user="cqrCpf7Ce_A7" uid="3620913" lat="40.0054084" lon="116.1878870"/>
 <node id="9214404691" visible="true" version="1" changeset="113196260" timestamp="2021-10-31T14:46:28Z" user="cqrCpf7Ce_A7" uid="3620913" lat="40.0106273" lon="116.1957344"/>
 <node id="9214404692" visible="true" version="1" changeset="113196260" timestamp="2021-10-31T14:46:28Z" user="cqrCpf7Ce_A7" uid="3620913" lat="40.0106631" lon="116.1956146"/>
 <node id="9214404693" visible="true" version="1" changeset="113196260" timestamp="2021-10-31T14:46:28Z" user="cqrCpf7Ce_A7" uid="3620913" lat="40.0107303" lon="116.1955503"/>
 <node id="9214404694" visible="true" version="1" changeset="113196260" timestamp="2021-10-31T14:46:28Z" user="cqrCpf7Ce_A7" uid="3620913" lat="40.0108825" lon="116.1955064"/>
 <node id="9214404695" visible="true" version="1" changeset="113196260" timestamp="2021-10-31T14:46:28Z" user="cqrCpf7Ce_A7" uid="3620913" lat="40.0109385" lon="116.1954158"/>
 <node id="9214404696" visible="true" version="1" changeset="113196260" timestamp="2021-10-31T14:46:28Z" user="cqrCpf7Ce_A7" uid="3620913" lat="40.0109564" lon="116.1953135"/>
 <node id="9214404697" visible="true" version="1" changeset="113196260" timestamp="2021-10-31T14:46:28Z" user="cqrCpf7Ce_A7" uid="3620913" lat="40.0109318" lon="116.1951381"/>
 <node id="9214404698" visible="true" version="1" changeset="113196260" timestamp="2021-10-31T14:46:28Z" user="cqrCpf7Ce_A7" uid="3620913" lat="40.0109452" lon="116.1950212"/>
 <node id="9214404699" visible="true" version="1" changeset="113196260" timestamp="2021-10-31T14:46:28Z" user="cqrCpf7Ce_A7" uid="3620913" lat="40.0109273" lon="116.1949102"/>
 <node id="9239469720" visible="true" version="1" changeset="113591217" timestamp="2021-11-10T04:28:48Z" user="shanhulittle" uid="11213533" lat="39.9967841" lon="116.1926455"/>
 <node id="9239469721" visible="true" version="1" changeset="113591217" timestamp="2021-11-10T04:28:48Z" user="shanhulittle" uid="11213533" lat="39.9967163" lon="116.1933100"/>
 <node id="9239469723" visible="true" version="1" changeset="113591217" timestamp="2021-11-10T04:28:48Z" user="shanhulittle" uid="11213533" lat="39.9981539" lon="116.1894563"/>
 <node id="9239469724" visible="true" version="1" changeset="113591217" timestamp="2021-11-10T04:28:48Z" user="shanhulittle" uid="11213533" lat="39.9982824" lon="116.1898195"/>
 <node id="9239469725" visible="true" version="1" changeset="113591217" timestamp="2021-11-10T04:28:48Z" user="shanhulittle" uid="11213533" lat="39.9983588" lon="116.1899778"/>
 <node id="9239469726" visible="true" version="1" changeset="113591217" timestamp="2021-11-10T04:28:48Z" user="shanhulittle" uid="11213533" lat="39.9982581" lon="116.1900653"/>
 <node id="9239469727" visible="true" version="1" changeset="113591217" timestamp="2021-11-10T04:28:48Z" user="shanhulittle" uid="11213533" lat="39.9983460" lon="116.1900675"/>
 <node id="9239469728" visible="true" version="1" changeset="113591217" timestamp="2021-11-10T04:28:48Z" user="shanhulittle" uid="11213533" lat="39.9983870" lon="116.1896244"/>
 <node id="9239469729" visible="true" version="1" changeset="113591217" timestamp="2021-11-10T04:28:48Z" user="shanhulittle" uid="11213533" lat="39.9984365" lon="116.1895986"/>
 <node id="9239469730" visible="true" version="1" changeset="113591217" timestamp="2021-11-10T04:28:48Z" user="shanhulittle" uid="11213533" lat="39.9985048" lon="116.1901296"/>
 <node id="9239469731" visible="true" version="1" changeset="113591217" timestamp="2021-11-10T04:28:48Z" user="shanhulittle" uid="11213533" lat="39.9986098" lon="116.1902540"/>
 <node id="9239469732" visible="true" version="1" changeset="113591217" timestamp="2021-11-10T04:28:48Z" user="shanhulittle" uid="11213533" lat="39.9989818" lon="116.1904065"/>
 <node id="9239469733" visible="true" version="1" changeset="113591217" timestamp="2021-11-10T04:28:48Z" user="shanhulittle" uid="11213533" lat="39.9990638" lon="116.1904870"/>
 <node id="9239469734" visible="true" version="1" changeset="113591217" timestamp="2021-11-10T04:28:48Z" user="shanhulittle" uid="11213533" lat="39.9991130" lon="116.1905423"/>
 <node id="9239469735" visible="true" version="1" changeset="113591217" timestamp="2021-11-10T04:28:48Z" user="shanhulittle" uid="11213533" lat="39.9990884" lon="116.1893468"/>
 <node id="9239469736" visible="true" version="1" changeset="113591217" timestamp="2021-11-10T04:28:48Z" user="shanhulittle" uid="11213533" lat="39.9992291" lon="116.1897410"/>
 <node id="9239469737" visible="true" version="1" changeset="113591217" timestamp="2021-11-10T04:28:48Z" user="shanhulittle" uid="11213533" lat="39.9993095" lon="116.1898361"/>
 <node id="9239469738" visible="true" version="1" changeset="113591217" timestamp="2021-11-10T04:28:48Z" user="shanhulittle" uid="11213533" lat="39.9994017" lon="116.1898663"/>
 <node id="9239469739" visible="true" version="1" changeset="113591217" timestamp="2021-11-10T04:28:48Z" user="shanhulittle" uid="11213533" lat="39.9995591" lon="116.1899886"/>
 <node id="9239469740" visible="true" version="1" changeset="113591217" timestamp="2021-11-10T04:28:48Z" user="shanhulittle" uid="11213533" lat="39.9990899" lon="116.1889909"/>
 <node id="9239469741" visible="true" version="1" changeset="113591217" timestamp="2021-11-10T04:28:48Z" user="shanhulittle" uid="11213533" lat="39.9990526" lon="116.1890566"/>
 <node id="9239469742" visible="true" version="1" changeset="113591217" timestamp="2021-11-10T04:28:48Z" user="shanhulittle" uid="11213533" lat="39.9992193" lon="116.1888369"/>
 <node id="9239469743" visible="true" version="1" changeset="113591217" timestamp="2021-11-10T04:28:48Z" user="shanhulittle" uid="11213533" lat="39.9992317" lon="116.1887231"/>
 <node id="9352051892" visible="true" version="1" changeset="115154318" timestamp="2021-12-20T08:41:41Z" user="cqrCpf7Ce_A7" uid="3620913" lat="40.0104156" lon="116.1955857"/>
 <node id="9352051893" visible="true" version="1" changeset="115154318" timestamp="2021-12-20T08:41:41Z" user="cqrCpf7Ce_A7" uid="3620913" lat="40.0103951" lon="116.1954999"/>
 <node id="9352051894" visible="true" version="1" changeset="115154318" timestamp="2021-12-20T08:41:41Z" user="cqrCpf7Ce_A7" uid="3620913" lat="40.0103160" lon="116.1954050"/>
 <node id="9352051895" visible="true" version="1" changeset="115154318" timestamp="2021-12-20T08:41:41Z" user="cqrCpf7Ce_A7" uid="3620913" lat="40.0102263" lon="116.1959687"/>
 <node id="9352051896" visible="true" version="1" changeset="115154318" timestamp="2021-12-20T08:41:41Z" user="cqrCpf7Ce_A7" uid="3620913" lat="40.0100253" lon="116.1960792"/>
 <node id="9352051897" visible="true" version="1" changeset="115154318" timestamp="2021-12-20T08:41:41Z" user="cqrCpf7Ce_A7" uid="3620913" lat="40.0098465" lon="116.1961624"/>
 <node id="9352051898" visible="true" version="1" changeset="115154318" timestamp="2021-12-20T08:41:41Z" user="cqrCpf7Ce_A7" uid="3620913" lat="40.0096904" lon="116.1961892"/>
 <node id="9352051899" visible="true" version="1" changeset="115154318" timestamp="2021-12-20T08:41:41Z" user="cqrCpf7Ce_A7" uid="3620913" lat="40.0095918" lon="116.1962080"/>
 <node id="9352051900" visible="true" version="1" changeset="115154318" timestamp="2021-12-20T08:41:41Z" user="cqrCpf7Ce_A7" uid="3620913" lat="40.0094400" lon="116.1961112"/>
 <node id="9352051901" visible="true" version="1" changeset="115154318" timestamp="2021-12-20T08:41:41Z" user="cqrCpf7Ce_A7" uid="3620913" lat="40.0093699" lon="116.1959827"/>
 <node id="9352051902" visible="true" version="1" changeset="115154318" timestamp="2021-12-20T08:41:41Z" user="cqrCpf7Ce_A7" uid="3620913" lat="40.0093532" lon="116.1959166"/>
 <node id="9352051903" visible="true" version="1" changeset="115154318" timestamp="2021-12-20T08:41:41Z" user="cqrCpf7Ce_A7" uid="3620913" lat="40.0092342" lon="116.1959742"/>
 <node id="9352051906" visible="true" version="1" changeset="115154318" timestamp="2021-12-20T08:41:41Z" user="cqrCpf7Ce_A7" uid="3620913" lat="40.0095355" lon="116.1961992"/>
 <node id="9367116476" visible="true" version="1" changeset="115388257" timestamp="2021-12-26T14:22:42Z" user="cqrCpf7Ce_A7" uid="3620913" lat="40.0127436" lon="116.1960045"/>
 <node id="9367116477" visible="true" version="1" changeset="115388257" timestamp="2021-12-26T14:22:42Z" user="cqrCpf7Ce_A7" uid="3620913" lat="40.0127855" lon="116.1960216"/>
 <node id="9367116479" visible="true" version="1" changeset="115388257" timestamp="2021-12-26T14:22:42Z" user="cqrCpf7Ce_A7" uid="3620913" lat="40.0156282" lon="116.1967370"/>
 <node id="9367116480" visible="true" version="1" changeset="115388257" timestamp="2021-12-26T14:22:42Z" user="cqrCpf7Ce_A7" uid="3620913" lat="40.0112502" lon="116.1940521"/>
 <node id="9367116481" visible="true" version="1" changeset="115388257" timestamp="2021-12-26T14:22:42Z" user="cqrCpf7Ce_A7" uid="3620913" lat="40.0112782" lon="116.1938997"/>
 <node id="9367116482" visible="true" version="1" changeset="115388257" timestamp="2021-12-26T14:22:42Z" user="cqrCpf7Ce_A7" uid="3620913" lat="40.0112408" lon="116.1937718"/>
 <node id="9367116483" visible="true" version="1" changeset="115388257" timestamp="2021-12-26T14:22:42Z" user="cqrCpf7Ce_A7" uid="3620913" lat="40.0112128" lon="116.1936621"/>
 <node id="9367116484" visible="true" version="1" changeset="115388257" timestamp="2021-12-26T14:22:42Z" user="cqrCpf7Ce_A7" uid="3620913" lat="40.0111336" lon="116.1936316"/>
 <node id="9367116485" visible="true" version="1" changeset="115388257" timestamp="2021-12-26T14:22:42Z" user="cqrCpf7Ce_A7" uid="3620913" lat="40.0112548" lon="116.1935219">
  <tag k="amenity" v="shelter"/>
 </node>
 <node id="9502835164" visible="true" version="1" changeset="117357841" timestamp="2022-02-13T15:10:26Z" user="Nikolai E" uid="11658376" lat="40.0051565" lon="116.1953691"/>
 <node id="9502835165" visible="true" version="1" changeset="117357841" timestamp="2022-02-13T15:10:26Z" user="Nikolai E" uid="11658376" lat="40.0054412" lon="116.1955675"/>
 <node id="9502835166" visible="true" version="1" changeset="117357841" timestamp="2022-02-13T15:10:26Z" user="Nikolai E" uid="11658376" lat="40.0054992" lon="116.1953799"/>
 <node id="9502835167" visible="true" version="1" changeset="117357841" timestamp="2022-02-13T15:10:26Z" user="Nikolai E" uid="11658376" lat="40.0056817" lon="116.1955351"/>
 <node id="9502835168" visible="true" version="1" changeset="117357841" timestamp="2022-02-13T15:10:26Z" user="Nikolai E" uid="11658376" lat="40.0054799" lon="116.1961197"/>
 <node id="9502835169" visible="true" version="1" changeset="117357841" timestamp="2022-02-13T15:10:26Z" user="Nikolai E" uid="11658376" lat="40.0053666" lon="116.1960439"/>
 <node id="9502835170" visible="true" version="1" changeset="117357841" timestamp="2022-02-13T15:10:26Z" user="Nikolai E" uid="11658376" lat="40.0051814" lon="116.1966213"/>
 <node id="9502835171" visible="true" version="1" changeset="117357841" timestamp="2022-02-13T15:10:26Z" user="Nikolai E" uid="11658376" lat="40.0047529" lon="116.1963939"/>
 <node id="9502835172" visible="true" version="1" changeset="117357841" timestamp="2022-02-13T15:10:26Z" user="Nikolai E" uid="11658376" lat="40.0050044" lon="116.1951598"/>
 <node id="9502835173" visible="true" version="1" changeset="117357841" timestamp="2022-02-13T15:10:26Z" user="Nikolai E" uid="11658376" lat="40.0052449" lon="116.1950443"/>
 <node id="9502835174" visible="true" version="1" changeset="117357841" timestamp="2022-02-13T15:10:26Z" user="Nikolai E" uid="11658376" lat="40.0055683" lon="116.1950515"/>
 <node id="9502835175" visible="true" version="1" changeset="117357841" timestamp="2022-02-13T15:10:26Z" user="Nikolai E" uid="11658376" lat="40.0056126" lon="116.1949577"/>
 <node id="9502835176" visible="true" version="1" changeset="117357841" timestamp="2022-02-13T15:10:26Z" user="Nikolai E" uid="11658376" lat="40.0049685" lon="116.1943189"/>
 <node id="9502835177" visible="true" version="1" changeset="117357841" timestamp="2022-02-13T15:10:26Z" user="Nikolai E" uid="11658376" lat="40.0048137" lon="116.1944669"/>
 <node id="9502835178" visible="true" version="1" changeset="117357841" timestamp="2022-02-13T15:10:26Z" user="Nikolai E" uid="11658376" lat="40.0032394" lon="116.1964454"/>
 <node id="9502835179" visible="true" version="1" changeset="117357841" timestamp="2022-02-13T15:10:26Z" user="Nikolai E" uid="11658376" lat="40.0036322" lon="116.1959902"/>
 <node id="9502835180" visible="true" version="1" changeset="117357841" timestamp="2022-02-13T15:10:26Z" user="Nikolai E" uid="11658376" lat="40.0030348" lon="116.1949827"/>
 <node id="9502835181" visible="true" version="1" changeset="117357841" timestamp="2022-02-13T15:10:26Z" user="Nikolai E" uid="11658376" lat="40.0027140" lon="116.1950677"/>
 <node id="9502835182" visible="true" version="1" changeset="117357841" timestamp="2022-02-13T15:10:26Z" user="Nikolai E" uid="11658376" lat="40.0029093" lon="116.1959720"/>
 <node id="9502835183" visible="true" version="1" changeset="117357841" timestamp="2022-02-13T15:10:26Z" user="Nikolai E" uid="11658376" lat="40.0069897" lon="116.1956765"/>
 <node id="9502835184" visible="true" version="1" changeset="117357841" timestamp="2022-02-13T15:10:26Z" user="Nikolai E" uid="11658376" lat="40.0070500" lon="116.1958008"/>
 <node id="9502835185" visible="true" version="1" changeset="117357841" timestamp="2022-02-13T15:10:26Z" user="Nikolai E" uid="11658376" lat="40.0071827" lon="116.1956913"/>
 <node id="9502835186" visible="true" version="1" changeset="117357841" timestamp="2022-02-13T15:10:26Z" user="Nikolai E" uid="11658376" lat="40.0070801" lon="116.1954797"/>
 <node id="9502835187" visible="true" version="1" changeset="117357841" timestamp="2022-02-13T15:10:26Z" user="Nikolai E" uid="11658376" lat="40.0071567" lon="116.1954163"/>
 <node id="9502835188" visible="true" version="1" changeset="117357841" timestamp="2022-02-13T15:10:26Z" user="Nikolai E" uid="11658376" lat="40.0072592" lon="116.1956276"/>
 <node id="9502835189" visible="true" version="1" changeset="117357841" timestamp="2022-02-13T15:10:26Z" user="Nikolai E" uid="11658376" lat="40.0073240" lon="116.1955740"/>
 <node id="9502835190" visible="true" version="1" changeset="117357841" timestamp="2022-02-13T15:10:26Z" user="Nikolai E" uid="11658376" lat="40.0071298" lon="116.1951734"/>
 <node id="9502835191" visible="true" version="1" changeset="117357841" timestamp="2022-02-13T15:10:26Z" user="Nikolai E" uid="11658376" lat="40.0070452" lon="116.1952432"/>
 <node id="9502835192" visible="true" version="1" changeset="117357841" timestamp="2022-02-13T15:10:26Z" user="Nikolai E" uid="11658376" lat="40.0071140" lon="116.1953851"/>
 <node id="9502835193" visible="true" version="1" changeset="117357841" timestamp="2022-02-13T15:10:26Z" user="Nikolai E" uid="11658376" lat="40.0070903" lon="116.1954048"/>
 <node id="9502835194" visible="true" version="1" changeset="117357841" timestamp="2022-02-13T15:10:26Z" user="Nikolai E" uid="11658376" lat="40.0070780" lon="116.1953795"/>
 <node id="9502835195" visible="true" version="1" changeset="117357841" timestamp="2022-02-13T15:10:26Z" user="Nikolai E" uid="11658376" lat="40.0070364" lon="116.1954138"/>
 <node id="9502835196" visible="true" version="1" changeset="117357841" timestamp="2022-02-13T15:10:26Z" user="Nikolai E" uid="11658376" lat="40.0070499" lon="116.1954416"/>
 <node id="9502835197" visible="true" version="1" changeset="117357841" timestamp="2022-02-13T15:10:26Z" user="Nikolai E" uid="11658376" lat="40.0069427" lon="116.1955302"/>
 <node id="9502835198" visible="true" version="1" changeset="117357841" timestamp="2022-02-13T15:10:26Z" user="Nikolai E" uid="11658376" lat="40.0069711" lon="116.1955889"/>
 <node id="9502835199" visible="true" version="1" changeset="117357841" timestamp="2022-02-13T15:10:26Z" user="Nikolai E" uid="11658376" lat="40.0070365" lon="116.1955349"/>
 <node id="9502835200" visible="true" version="1" changeset="117357841" timestamp="2022-02-13T15:10:26Z" user="Nikolai E" uid="11658376" lat="40.0070948" lon="116.1956552"/>
 <node id="9502835201" visible="true" version="1" changeset="117357841" timestamp="2022-02-13T15:10:26Z" user="Nikolai E" uid="11658376" lat="40.0070378" lon="116.1957023"/>
 <node id="9502835202" visible="true" version="1" changeset="117357841" timestamp="2022-02-13T15:10:26Z" user="Nikolai E" uid="11658376" lat="40.0070151" lon="116.1956555"/>
 <node id="9510564769" visible="true" version="1" changeset="117476964" timestamp="2022-02-16T13:27:33Z" user="Nikolai E" uid="11658376" lat="39.9965383" lon="116.1871899"/>
 <node id="9510564770" visible="true" version="1" changeset="117476964" timestamp="2022-02-16T13:27:33Z" user="Nikolai E" uid="11658376" lat="39.9969199" lon="116.1872044"/>
 <node id="9510564771" visible="true" version="1" changeset="117476964" timestamp="2022-02-16T13:27:33Z" user="Nikolai E" uid="11658376" lat="39.9970443" lon="116.1877457"/>
 <node id="9510564772" visible="true" version="1" changeset="117476964" timestamp="2022-02-16T13:27:33Z" user="Nikolai E" uid="11658376" lat="39.9971493" lon="116.1881354"/>
 <node id="9510564773" visible="true" version="1" changeset="117476964" timestamp="2022-02-16T13:27:33Z" user="Nikolai E" uid="11658376" lat="39.9974575" lon="116.1882753"/>
 <node id="9510564774" visible="true" version="1" changeset="117476964" timestamp="2022-02-16T13:27:33Z" user="Nikolai E" uid="11658376" lat="39.9974756" lon="116.1887989"/>
 <node id="9510564775" visible="true" version="1" changeset="117476964" timestamp="2022-02-16T13:27:33Z" user="Nikolai E" uid="11658376" lat="39.9974213" lon="116.1892345"/>
 <node id="9510564776" visible="true" version="1" changeset="117476964" timestamp="2022-02-16T13:27:33Z" user="Nikolai E" uid="11658376" lat="39.9973325" lon="116.1895456"/>
 <node id="9510564777" visible="true" version="1" changeset="117476964" timestamp="2022-02-16T13:27:33Z" user="Nikolai E" uid="11658376" lat="39.9972027" lon="116.1895285"/>
 <node id="9510564778" visible="true" version="1" changeset="117476964" timestamp="2022-02-16T13:27:33Z" user="Nikolai E" uid="11658376" lat="39.9972093" lon="116.1897173"/>
 <node id="9510564779" visible="true" version="1" changeset="117476964" timestamp="2022-02-16T13:27:33Z" user="Nikolai E" uid="11658376" lat="39.9971188" lon="116.1897130"/>
 <node id="9510564780" visible="true" version="1" changeset="117476964" timestamp="2022-02-16T13:27:33Z" user="Nikolai E" uid="11658376" lat="39.9971304" lon="116.1899812"/>
 <node id="9510564781" visible="true" version="1" changeset="117476964" timestamp="2022-02-16T13:27:33Z" user="Nikolai E" uid="11658376" lat="39.9972043" lon="116.1899748"/>
 <node id="9510564782" visible="true" version="1" changeset="117476964" timestamp="2022-02-16T13:27:33Z" user="Nikolai E" uid="11658376" lat="39.9970909" lon="116.1903868"/>
 <node id="9510564783" visible="true" version="1" changeset="117476964" timestamp="2022-02-16T13:27:33Z" user="Nikolai E" uid="11658376" lat="39.9969775" lon="116.1903782"/>
 <node id="9510564784" visible="true" version="1" changeset="117476964" timestamp="2022-02-16T13:27:33Z" user="Nikolai E" uid="11658376" lat="39.9965320" lon="116.1902902"/>
 <node id="9510564785" visible="true" version="1" changeset="117476964" timestamp="2022-02-16T13:27:33Z" user="Nikolai E" uid="11658376" lat="39.9963693" lon="116.1897066"/>
 <node id="9510564786" visible="true" version="1" changeset="117476964" timestamp="2022-02-16T13:27:33Z" user="Nikolai E" uid="11658376" lat="39.9964399" lon="116.1895885"/>
 <node id="9510564787" visible="true" version="1" changeset="117476964" timestamp="2022-02-16T13:27:33Z" user="Nikolai E" uid="11658376" lat="39.9961342" lon="116.1891765"/>
 <node id="9510564788" visible="true" version="1" changeset="117476964" timestamp="2022-02-16T13:27:33Z" user="Nikolai E" uid="11658376" lat="39.9960701" lon="116.1890263"/>
 <node id="9510564789" visible="true" version="1" changeset="117476964" timestamp="2022-02-16T13:27:33Z" user="Nikolai E" uid="11658376" lat="39.9959599" lon="116.1890349"/>
 <node id="9510564790" visible="true" version="1" changeset="117476964" timestamp="2022-02-16T13:27:33Z" user="Nikolai E" uid="11658376" lat="39.9958958" lon="116.1885950"/>
 <node id="9510564791" visible="true" version="1" changeset="117476964" timestamp="2022-02-16T13:27:33Z" user="Nikolai E" uid="11658376" lat="39.9961391" lon="116.1884963"/>
 <node id="9510564792" visible="true" version="1" changeset="117476964" timestamp="2022-02-16T13:27:33Z" user="Nikolai E" uid="11658376" lat="39.9960273" lon="116.1878419"/>
 <node id="9510564793" visible="true" version="1" changeset="117476964" timestamp="2022-02-16T13:27:33Z" user="Nikolai E" uid="11658376" lat="39.9958712" lon="116.1875329"/>
 <node id="9510564794" visible="true" version="1" changeset="117476964" timestamp="2022-02-16T13:27:33Z" user="Nikolai E" uid="11658376" lat="39.9958334" lon="116.1873119"/>
 <node id="9510564795" visible="true" version="1" changeset="117476964" timestamp="2022-02-16T13:27:33Z" user="Nikolai E" uid="11658376" lat="39.9961490" lon="116.1869793"/>
 <node id="9510564796" visible="true" version="1" changeset="117476964" timestamp="2022-02-16T13:27:33Z" user="Nikolai E" uid="11658376" lat="39.9963199" lon="116.1869857"/>
 <node id="9510564797" visible="true" version="1" changeset="117476964" timestamp="2022-02-16T13:27:33Z" user="Nikolai E" uid="11658376" lat="39.9967920" lon="116.1903415"/>
 <node id="9510564798" visible="true" version="1" changeset="117476964" timestamp="2022-02-16T13:27:33Z" user="Nikolai E" uid="11658376" lat="39.9968262" lon="116.1906271"/>
 <node id="9510564799" visible="true" version="1" changeset="117476964" timestamp="2022-02-16T13:27:33Z" user="Nikolai E" uid="11658376" lat="39.9969610" lon="116.1906400"/>
 <node id="9510564800" visible="true" version="1" changeset="117476964" timestamp="2022-02-16T13:27:33Z" user="Nikolai E" uid="11658376" lat="39.9969725" lon="116.1918588"/>
 <node id="9510564801" visible="true" version="1" changeset="117476964" timestamp="2022-02-16T13:27:33Z" user="Nikolai E" uid="11658376" lat="39.9968756" lon="116.1923029"/>
 <node id="9510564802" visible="true" version="1" changeset="117476964" timestamp="2022-02-16T13:27:33Z" user="Nikolai E" uid="11658376" lat="39.9966668" lon="116.1929016"/>
 <node id="9510564803" visible="true" version="1" changeset="117476964" timestamp="2022-02-16T13:27:33Z" user="Nikolai E" uid="11658376" lat="39.9965435" lon="116.1928909"/>
 <node id="9510564804" visible="true" version="1" changeset="117476964" timestamp="2022-02-16T13:27:33Z" user="Nikolai E" uid="11658376" lat="39.9964942" lon="116.1920347"/>
 <node id="9510564805" visible="true" version="1" changeset="117476964" timestamp="2022-02-16T13:27:33Z" user="Nikolai E" uid="11658376" lat="39.9963939" lon="116.1918845"/>
 <node id="9510564806" visible="true" version="1" changeset="117476964" timestamp="2022-02-16T13:27:33Z" user="Nikolai E" uid="11658376" lat="39.9963791" lon="116.1914875"/>
 <node id="9510564807" visible="true" version="1" changeset="117476964" timestamp="2022-02-16T13:27:33Z" user="Nikolai E" uid="11658376" lat="39.9964482" lon="116.1905370"/>
 <node id="9510564808" visible="true" version="1" changeset="117476964" timestamp="2022-02-16T13:27:33Z" user="Nikolai E" uid="11658376" lat="39.9965599" lon="116.1905906"/>
 <node id="9510570647" visible="true" version="1" changeset="117476964" timestamp="2022-02-16T13:27:33Z" user="Nikolai E" uid="11658376" lat="39.9958328" lon="116.1820064"/>
 <node id="9510570652" visible="true" version="1" changeset="117476964" timestamp="2022-02-16T13:27:33Z" user="Nikolai E" uid="11658376" lat="39.9972451" lon="116.1815054"/>
 <node id="9510570714" visible="true" version="1" changeset="117476964" timestamp="2022-02-16T13:27:33Z" user="Nikolai E" uid="11658376" lat="39.9960241" lon="116.1916432"/>
 <node id="9510570715" visible="true" version="1" changeset="117476964" timestamp="2022-02-16T13:27:33Z" user="Nikolai E" uid="11658376" lat="39.9962031" lon="116.1916037"/>
 <node id="9510570716" visible="true" version="1" changeset="117476964" timestamp="2022-02-16T13:27:33Z" user="Nikolai E" uid="11658376" lat="39.9964077" lon="116.1931809"/>
 <node id="9510570717" visible="true" version="1" changeset="117476964" timestamp="2022-02-16T13:27:33Z" user="Nikolai E" uid="11658376" lat="39.9962290" lon="116.1932205"/>
 <node id="9510570718" visible="true" version="1" changeset="117476964" timestamp="2022-02-16T13:27:33Z" user="Nikolai E" uid="11658376" lat="39.9959474" lon="116.1909166"/>
 <node id="9510570719" visible="true" version="1" changeset="117476964" timestamp="2022-02-16T13:27:33Z" user="Nikolai E" uid="11658376" lat="39.9960916" lon="116.1908861"/>
 <node id="9510570720" visible="true" version="1" changeset="117476964" timestamp="2022-02-16T13:27:33Z" user="Nikolai E" uid="11658376" lat="39.9961602" lon="116.1914378"/>
 <node id="9510570721" visible="true" version="1" changeset="117476964" timestamp="2022-02-16T13:27:33Z" user="Nikolai E" uid="11658376" lat="39.9960159" lon="116.1914684"/>
 <node id="9510570722" visible="true" version="1" changeset="117476964" timestamp="2022-02-16T13:27:33Z" user="Nikolai E" uid="11658376" lat="39.9969479" lon="116.1945479"/>
 <node id="9510570723" visible="true" version="1" changeset="117476964" timestamp="2022-02-16T13:27:33Z" user="Nikolai E" uid="11658376" lat="39.9977641" lon="116.1943260"/>
 <node id="9510570724" visible="true" version="1" changeset="117476964" timestamp="2022-02-16T13:27:33Z" user="Nikolai E" uid="11658376" lat="39.9970038" lon="116.1945327">
  <tag k="barrier" v="gate"/>
 </node>
 <node id="9510570725" visible="true" version="1" changeset="117476964" timestamp="2022-02-16T13:27:33Z" user="Nikolai E" uid="11658376" lat="39.9971554" lon="116.1952313"/>
 <node id="9510570726" visible="true" version="1" changeset="117476964" timestamp="2022-02-16T13:27:33Z" user="Nikolai E" uid="11658376" lat="39.9971099" lon="116.1948409"/>
 <node id="9510570727" visible="true" version="1" changeset="117476964" timestamp="2022-02-16T13:27:33Z" user="Nikolai E" uid="11658376" lat="39.9971378" lon="116.1947422"/>
 <node id="9510570728" visible="true" version="1" changeset="117476964" timestamp="2022-02-16T13:27:33Z" user="Nikolai E" uid="11658376" lat="39.9971888" lon="116.1946800"/>
 <node id="9510570729" visible="true" version="1" changeset="117476964" timestamp="2022-02-16T13:27:33Z" user="Nikolai E" uid="11658376" lat="39.9975850" lon="116.1945534"/>
 <node id="9510570730" visible="true" version="1" changeset="117476964" timestamp="2022-02-16T13:27:33Z" user="Nikolai E" uid="11658376" lat="39.9979877" lon="116.1946113"/>
 <node id="9510570731" visible="true" version="1" changeset="117476964" timestamp="2022-02-16T13:27:33Z" user="Nikolai E" uid="11658376" lat="39.9983049" lon="116.1948796"/>
 <node id="9510570732" visible="true" version="1" changeset="117476964" timestamp="2022-02-16T13:27:33Z" user="Nikolai E" uid="11658376" lat="39.9983460" lon="116.1948881"/>
 <node id="9510570733" visible="true" version="1" changeset="117476964" timestamp="2022-02-16T13:27:33Z" user="Nikolai E" uid="11658376" lat="39.9984052" lon="116.1948409"/>
 <node id="9510570734" visible="true" version="1" changeset="117476964" timestamp="2022-02-16T13:27:33Z" user="Nikolai E" uid="11658376" lat="39.9984118" lon="116.1947637"/>
 <node id="9510570735" visible="true" version="1" changeset="117476964" timestamp="2022-02-16T13:27:33Z" user="Nikolai E" uid="11658376" lat="39.9979713" lon="116.1946090"/>
 <node id="9510570736" visible="true" version="1" changeset="117476964" timestamp="2022-02-16T13:27:33Z" user="Nikolai E" uid="11658376" lat="39.9980682" lon="116.1940685"/>
 <node id="9510570737" visible="true" version="1" changeset="117476964" timestamp="2022-02-16T13:27:33Z" user="Nikolai E" uid="11658376" lat="39.9981307" lon="116.1939848"/>
 <node id="9510570738" visible="true" version="1" changeset="117476964" timestamp="2022-02-16T13:27:33Z" user="Nikolai E" uid="11658376" lat="39.9982556" lon="116.1939011"/>
 <node id="9510570739" visible="true" version="1" changeset="117476964" timestamp="2022-02-16T13:27:33Z" user="Nikolai E" uid="11658376" lat="39.9984364" lon="116.1938496"/>
 <node id="9510570740" visible="true" version="1" changeset="117476964" timestamp="2022-02-16T13:27:33Z" user="Nikolai E" uid="11658376" lat="39.9984693" lon="116.1937766"/>
 <node id="9510570741" visible="true" version="1" changeset="117476964" timestamp="2022-02-16T13:27:33Z" user="Nikolai E" uid="11658376" lat="39.9983181" lon="116.1931973"/>
 <node id="9510570742" visible="true" version="1" changeset="117476964" timestamp="2022-02-16T13:27:33Z" user="Nikolai E" uid="11658376" lat="39.9983773" lon="116.1931887"/>
 <node id="9510570743" visible="true" version="1" changeset="117476964" timestamp="2022-02-16T13:27:33Z" user="Nikolai E" uid="11658376" lat="39.9986370" lon="116.1934076"/>
 <node id="9510570744" visible="true" version="1" changeset="117476964" timestamp="2022-02-16T13:27:33Z" user="Nikolai E" uid="11658376" lat="39.9987488" lon="116.1936050"/>
 <node id="9510570745" visible="true" version="1" changeset="117476964" timestamp="2022-02-16T13:27:33Z" user="Nikolai E" uid="11658376" lat="39.9990644" lon="116.1936264"/>
 <node id="9510570746" visible="true" version="1" changeset="117476964" timestamp="2022-02-16T13:27:33Z" user="Nikolai E" uid="11658376" lat="39.9982063" lon="116.1929891"/>
 <node id="9510570747" visible="true" version="1" changeset="117476964" timestamp="2022-02-16T13:27:33Z" user="Nikolai E" uid="11658376" lat="39.9980962" lon="116.1926222"/>
 <node id="9510570748" visible="true" version="1" changeset="117476964" timestamp="2022-02-16T13:27:33Z" user="Nikolai E" uid="11658376" lat="39.9980419" lon="116.1923797"/>
 <node id="9510570749" visible="true" version="1" changeset="117476964" timestamp="2022-02-16T13:27:33Z" user="Nikolai E" uid="11658376" lat="39.9978759" lon="116.1921845"/>
 <node id="9510570750" visible="true" version="1" changeset="117476964" timestamp="2022-02-16T13:27:33Z" user="Nikolai E" uid="11658376" lat="39.9978102" lon="116.1920987"/>
 <node id="9510570751" visible="true" version="1" changeset="117476964" timestamp="2022-02-16T13:27:33Z" user="Nikolai E" uid="11658376" lat="39.9977789" lon="116.1920278"/>
 <node id="9510570752" visible="true" version="1" changeset="117476964" timestamp="2022-02-16T13:27:33Z" user="Nikolai E" uid="11658376" lat="39.9977543" lon="116.1919012"/>
 <node id="9510570753" visible="true" version="1" changeset="117476964" timestamp="2022-02-16T13:27:33Z" user="Nikolai E" uid="11658376" lat="39.9979302" lon="116.1914335"/>
 <node id="9510570754" visible="true" version="1" changeset="117476964" timestamp="2022-02-16T13:27:33Z" user="Nikolai E" uid="11658376" lat="39.9980194" lon="116.1906335"/>
 <node id="9510570755" visible="true" version="1" changeset="117476964" timestamp="2022-02-16T13:27:33Z" user="Nikolai E" uid="11658376" lat="39.9961210" lon="116.1958845"/>
 <node id="9510570756" visible="true" version="1" changeset="117476964" timestamp="2022-02-16T13:27:33Z" user="Nikolai E" uid="11658376" lat="39.9962930" lon="116.1958718"/>
 <node id="9510570757" visible="true" version="1" changeset="117476964" timestamp="2022-02-16T13:27:33Z" user="Nikolai E" uid="11658376" lat="39.9971554" lon="116.1966043"/>
 <node id="9510570758" visible="true" version="1" changeset="117476964" timestamp="2022-02-16T13:27:33Z" user="Nikolai E" uid="11658376" lat="39.9969752" lon="116.1967292"/>
 <node id="9510570759" visible="true" version="1" changeset="117476964" timestamp="2022-02-16T13:27:33Z" user="Nikolai E" uid="11658376" lat="39.9971199" lon="116.1970839"/>
 <node id="9510570760" visible="true" version="1" changeset="117476964" timestamp="2022-02-16T13:27:33Z" user="Nikolai E" uid="11658376" lat="39.9972489" lon="116.1970737"/>
 <node id="9510570761" visible="true" version="1" changeset="117476964" timestamp="2022-02-16T13:27:33Z" user="Nikolai E" uid="11658376" lat="39.9973115" lon="116.1972446"/>
 <node id="9510570762" visible="true" version="1" changeset="117476964" timestamp="2022-02-16T13:27:33Z" user="Nikolai E" uid="11658376" lat="39.9971981" lon="116.1973416"/>
 <node id="9510570763" visible="true" version="1" changeset="117476964" timestamp="2022-02-16T13:27:33Z" user="Nikolai E" uid="11658376" lat="39.9977064" lon="116.1988038"/>
 <node id="9510570764" visible="true" version="1" changeset="117476964" timestamp="2022-02-16T13:27:33Z" user="Nikolai E" uid="11658376" lat="39.9977513" lon="116.1989977"/>
 <node id="9510570765" visible="true" version="1" changeset="117476964" timestamp="2022-02-16T13:27:33Z" user="Nikolai E" uid="11658376" lat="39.9978412" lon="116.1989747"/>
 <node id="9510570766" visible="true" version="1" changeset="117476964" timestamp="2022-02-16T13:27:33Z" user="Nikolai E" uid="11658376" lat="39.9978764" lon="116.1993779"/>
 <node id="9510570767" visible="true" version="1" changeset="117476964" timestamp="2022-02-16T13:27:33Z" user="Nikolai E" uid="11658376" lat="39.9979742" lon="116.1993881"/>
 <node id="9510570768" visible="true" version="1" changeset="117476964" timestamp="2022-02-16T13:27:33Z" user="Nikolai E" uid="11658376" lat="39.9979839" lon="116.1996127"/>
 <node id="9510570769" visible="true" version="1" changeset="117476964" timestamp="2022-02-16T13:27:33Z" user="Nikolai E" uid="11658376" lat="39.9973017" lon="116.1997862"/>
 <node id="9510570770" visible="true" version="1" changeset="117476964" timestamp="2022-02-16T13:27:33Z" user="Nikolai E" uid="11658376" lat="39.9970574" lon="116.1998296"/>
 <node id="9510570771" visible="true" version="1" changeset="117476964" timestamp="2022-02-16T13:27:33Z" user="Nikolai E" uid="11658376" lat="39.9970183" lon="116.2003476"/>
 <node id="9510570772" visible="true" version="1" changeset="117476964" timestamp="2022-02-16T13:27:33Z" user="Nikolai E" uid="11658376" lat="39.9965237" lon="116.2003323"/>
 <node id="9510570773" visible="true" version="1" changeset="117476964" timestamp="2022-02-16T13:27:33Z" user="Nikolai E" uid="11658376" lat="39.9965295" lon="116.1988854"/>
 <node id="9510570774" visible="true" version="1" changeset="117476964" timestamp="2022-02-16T13:27:33Z" user="Nikolai E" uid="11658376" lat="39.9960311" lon="116.1988829"/>
 <node id="9510570775" visible="true" version="1" changeset="117476964" timestamp="2022-02-16T13:27:33Z" user="Nikolai E" uid="11658376" lat="39.9959381" lon="116.1962938"/>
 <node id="9510570776" visible="true" version="1" changeset="117476964" timestamp="2022-02-16T13:27:33Z" user="Nikolai E" uid="11658376" lat="39.9949788" lon="116.1990557"/>
 <node id="9510570777" visible="true" version="1" changeset="117476964" timestamp="2022-02-16T13:27:33Z" user="Nikolai E" uid="11658376" lat="39.9953973" lon="116.1990193"/>
 <node id="9510570778" visible="true" version="1" changeset="117476964" timestamp="2022-02-16T13:27:33Z" user="Nikolai E" uid="11658376" lat="39.9955377" lon="116.2001965"/>
 <node id="9510570779" visible="true" version="1" changeset="117476964" timestamp="2022-02-16T13:27:33Z" user="Nikolai E" uid="11658376" lat="39.9949416" lon="116.2002422"/>
 <node id="9510570780" visible="true" version="1" changeset="117476964" timestamp="2022-02-16T13:27:33Z" user="Nikolai E" uid="11658376" lat="39.9950090" lon="116.2008006"/>
 <node id="9510570781" visible="true" version="1" changeset="117476964" timestamp="2022-02-16T13:27:33Z" user="Nikolai E" uid="11658376" lat="39.9950392" lon="116.2016321"/>
 <node id="9510570782" visible="true" version="1" changeset="117476964" timestamp="2022-02-16T13:27:33Z" user="Nikolai E" uid="11658376" lat="39.9954879" lon="116.2016381"/>
 <node id="9510570783" visible="true" version="1" changeset="117476964" timestamp="2022-02-16T13:27:33Z" user="Nikolai E" uid="11658376" lat="39.9954631" lon="116.2023892"/>
 <node id="9510570784" visible="true" version="1" changeset="117476964" timestamp="2022-02-16T13:27:33Z" user="Nikolai E" uid="11658376" lat="39.9939164" lon="116.2031979"/>
 <node id="9510570785" visible="true" version="1" changeset="117476964" timestamp="2022-02-16T13:27:33Z" user="Nikolai E" uid="11658376" lat="39.9933747" lon="116.2033102"/>
 <node id="9510570786" visible="true" version="1" changeset="117476964" timestamp="2022-02-16T13:27:33Z" user="Nikolai E" uid="11658376" lat="39.9931236" lon="116.2033254"/>
 <node id="9510570787" visible="true" version="1" changeset="117476964" timestamp="2022-02-16T13:27:33Z" user="Nikolai E" uid="11658376" lat="39.9929353" lon="116.2032859"/>
 <node id="9510570788" visible="true" version="1" changeset="117476964" timestamp="2022-02-16T13:27:33Z" user="Nikolai E" uid="11658376" lat="39.9928237" lon="116.2030674"/>
 <node id="9510570789" visible="true" version="1" changeset="117476964" timestamp="2022-02-16T13:27:33Z" user="Nikolai E" uid="11658376" lat="39.9930097" lon="116.2017079"/>
 <node id="9510570790" visible="true" version="1" changeset="117476964" timestamp="2022-02-16T13:27:33Z" user="Nikolai E" uid="11658376" lat="39.9930701" lon="116.1994077"/>
 <node id="9510570791" visible="true" version="1" changeset="117476964" timestamp="2022-02-16T13:27:33Z" user="Nikolai E" uid="11658376" lat="39.9931213" lon="116.1992803"/>
 <node id="9510570792" visible="true" version="1" changeset="117476964" timestamp="2022-02-16T13:27:33Z" user="Nikolai E" uid="11658376" lat="39.9930515" lon="116.1991407"/>
 <node id="9510570793" visible="true" version="1" changeset="117476964" timestamp="2022-02-16T13:27:33Z" user="Nikolai E" uid="11658376" lat="39.9929957" lon="116.1977175"/>
 <node id="9510570794" visible="true" version="1" changeset="117476964" timestamp="2022-02-16T13:27:33Z" user="Nikolai E" uid="11658376" lat="39.9931073" lon="116.1977205"/>
 <node id="9510570795" visible="true" version="1" changeset="117476964" timestamp="2022-02-16T13:27:33Z" user="Nikolai E" uid="11658376" lat="39.9931143" lon="116.1975839"/>
 <node id="9510570796" visible="true" version="1" changeset="117476964" timestamp="2022-02-16T13:27:33Z" user="Nikolai E" uid="11658376" lat="39.9934002" lon="116.1975324"/>
 <node id="9510570797" visible="true" version="1" changeset="117476964" timestamp="2022-02-16T13:27:33Z" user="Nikolai E" uid="11658376" lat="39.9934002" lon="116.1970893"/>
 <node id="9510570798" visible="true" version="2" changeset="120586786" timestamp="2022-05-05T12:21:05Z" user="cqrCpf7Ce_A7" uid="3620913" lat="39.9934890" lon="116.1968579"/>
 <node id="9510570799" visible="true" version="1" changeset="117476964" timestamp="2022-02-16T13:27:33Z" user="Nikolai E" uid="11658376" lat="39.9935769" lon="116.1965856"/>
 <node id="9510570800" visible="true" version="1" changeset="117476964" timestamp="2022-02-16T13:27:33Z" user="Nikolai E" uid="11658376" lat="39.9939094" lon="116.1962214"/>
 <node id="9510570801" visible="true" version="1" changeset="117476964" timestamp="2022-02-16T13:27:33Z" user="Nikolai E" uid="11658376" lat="39.9938885" lon="116.1955053"/>
 <node id="9510570802" visible="true" version="1" changeset="117476964" timestamp="2022-02-16T13:27:33Z" user="Nikolai E" uid="11658376" lat="39.9953968" lon="116.1947840"/>
 <node id="9510570803" visible="true" version="1" changeset="117476964" timestamp="2022-02-16T13:27:33Z" user="Nikolai E" uid="11658376" lat="39.9954125" lon="116.1953310"/>
 <node id="9510570804" visible="true" version="1" changeset="117476964" timestamp="2022-02-16T13:27:33Z" user="Nikolai E" uid="11658376" lat="39.9954805" lon="116.1954600"/>
 <node id="9510570805" visible="true" version="1" changeset="117476964" timestamp="2022-02-16T13:27:33Z" user="Nikolai E" uid="11658376" lat="39.9955462" lon="116.1954501"/>
 <node id="9510570806" visible="true" version="1" changeset="117476964" timestamp="2022-02-16T13:27:33Z" user="Nikolai E" uid="11658376" lat="39.9955354" lon="116.1955739"/>
 <node id="9510570807" visible="true" version="1" changeset="117476964" timestamp="2022-02-16T13:27:33Z" user="Nikolai E" uid="11658376" lat="39.9953902" lon="116.1956750"/>
 <node id="9510570808" visible="true" version="1" changeset="117476964" timestamp="2022-02-16T13:27:33Z" user="Nikolai E" uid="11658376" lat="39.9952949" lon="116.1957706"/>
 <node id="9510570809" visible="true" version="1" changeset="117476964" timestamp="2022-02-16T13:27:33Z" user="Nikolai E" uid="11658376" lat="39.9952479" lon="116.1958284"/>
 <node id="9510570810" visible="true" version="1" changeset="117476964" timestamp="2022-02-16T13:27:33Z" user="Nikolai E" uid="11658376" lat="39.9952700" lon="116.1959438"/>
 <node id="9510570811" visible="true" version="1" changeset="117476964" timestamp="2022-02-16T13:27:33Z" user="Nikolai E" uid="11658376" lat="39.9954303" lon="116.1959673"/>
 <node id="9510570812" visible="true" version="1" changeset="117476964" timestamp="2022-02-16T13:27:33Z" user="Nikolai E" uid="11658376" lat="39.9954386" lon="116.1962361"/>
 <node id="9519271924" visible="true" version="1" changeset="117604950" timestamp="2022-02-19T13:53:24Z" user="cqrCpf7Ce_A7" uid="3620913" lat="40.0068690" lon="116.2031534"/>
 <node id="9574652201" visible="true" version="1" changeset="118421379" timestamp="2022-03-13T08:44:49Z" user="cqrCpf7Ce_A7" uid="3620913" lat="40.0101500" lon="116.1954948"/>
 <node id="9574652202" visible="true" version="1" changeset="118421379" timestamp="2022-03-13T08:44:49Z" user="cqrCpf7Ce_A7" uid="3620913" lat="40.0098667" lon="116.1956470"/>
 <node id="9592287926" visible="true" version="1" changeset="118700290" timestamp="2022-03-20T15:26:17Z" user="cqrCpf7Ce_A7" uid="3620913" lat="40.0041602" lon="116.1829879"/>
 <node id="9593926031" visible="true" version="1" changeset="118726125" timestamp="2022-03-21T09:16:48Z" user="cqrCpf7Ce_A7" uid="3620913" lat="40.0020695" lon="116.1931798"/>
 <node id="9593926032" visible="true" version="1" changeset="118726125" timestamp="2022-03-21T09:16:48Z" user="cqrCpf7Ce_A7" uid="3620913" lat="40.0027622" lon="116.1924515"/>
 <node id="9593926033" visible="true" version="1" changeset="118726125" timestamp="2022-03-21T09:16:48Z" user="cqrCpf7Ce_A7" uid="3620913" lat="40.0034993" lon="116.1937030"/>
 <node id="9593926034" visible="true" version="1" changeset="118726125" timestamp="2022-03-21T09:16:48Z" user="cqrCpf7Ce_A7" uid="3620913" lat="40.0035406" lon="116.1938202"/>
 <node id="9593926035" visible="true" version="1" changeset="118726125" timestamp="2022-03-21T09:16:48Z" user="cqrCpf7Ce_A7" uid="3620913" lat="40.0035527" lon="116.1939216"/>
 <node id="9593926036" visible="true" version="1" changeset="118726125" timestamp="2022-03-21T09:16:48Z" user="cqrCpf7Ce_A7" uid="3620913" lat="40.0035430" lon="116.1939976"/>
 <node id="9593926037" visible="true" version="1" changeset="118726125" timestamp="2022-03-21T09:16:48Z" user="cqrCpf7Ce_A7" uid="3620913" lat="40.0034921" lon="116.1940103"/>
 <node id="9593926038" visible="true" version="1" changeset="118726125" timestamp="2022-03-21T09:16:48Z" user="cqrCpf7Ce_A7" uid="3620913" lat="40.0044680" lon="116.1969164"/>
 <node id="9610431060" visible="true" version="1" changeset="118972191" timestamp="2022-03-27T08:25:41Z" user="cqrCpf7Ce_A7" uid="3620913" lat="40.0007667" lon="116.1943423"/>
 <node id="9610431061" visible="true" version="2" changeset="120534083" timestamp="2022-05-04T09:36:07Z" user="cqrCpf7Ce_A7" uid="3620913" lat="40.0005239" lon="116.1942465"/>
 <node id="9610431062" visible="true" version="1" changeset="118972191" timestamp="2022-03-27T08:25:41Z" user="cqrCpf7Ce_A7" uid="3620913" lat="40.0006422" lon="116.1941069"/>
 <node id="9610431063" visible="true" version="1" changeset="118972191" timestamp="2022-03-27T08:25:41Z" user="cqrCpf7Ce_A7" uid="3620913" lat="40.0006722" lon="116.1939331"/>
 <node id="9610431064" visible="true" version="1" changeset="118972191" timestamp="2022-03-27T08:25:41Z" user="cqrCpf7Ce_A7" uid="3620913" lat="40.0007452" lon="116.1938098"/>
 <node id="9610431065" visible="true" version="1" changeset="118972191" timestamp="2022-03-27T08:25:41Z" user="cqrCpf7Ce_A7" uid="3620913" lat="40.0008612" lon="116.1938210"/>
 <node id="9610431066" visible="true" version="1" changeset="118972191" timestamp="2022-03-27T08:25:41Z" user="cqrCpf7Ce_A7" uid="3620913" lat="40.0009857" lon="116.1939107"/>
 <node id="9610434367" visible="true" version="1" changeset="118972500" timestamp="2022-03-27T08:40:48Z" user="cqrCpf7Ce_A7" uid="3620913" lat="39.9980583" lon="116.1956472"/>
 <node id="9610434368" visible="true" version="1" changeset="118972500" timestamp="2022-03-27T08:40:48Z" user="cqrCpf7Ce_A7" uid="3620913" lat="39.9983336" lon="116.1953877"/>
 <node id="9610434369" visible="true" version="1" changeset="118972500" timestamp="2022-03-27T08:40:48Z" user="cqrCpf7Ce_A7" uid="3620913" lat="39.9986166" lon="116.1952679"/>
 <node id="9610434370" visible="true" version="1" changeset="118972500" timestamp="2022-03-27T08:40:48Z" user="cqrCpf7Ce_A7" uid="3620913" lat="39.9989836" lon="116.1951980"/>
 <node id="9610434371" visible="true" version="2" changeset="120534083" timestamp="2022-05-04T09:36:07Z" user="cqrCpf7Ce_A7" uid="3620913" lat="39.9991286" lon="116.1951128"/>
 <node id="9610434372" visible="true" version="2" changeset="120534083" timestamp="2022-05-04T09:36:07Z" user="cqrCpf7Ce_A7" uid="3620913" lat="39.9992885" lon="116.1948489"/>
 <node id="9610434373" visible="true" version="2" changeset="120534083" timestamp="2022-05-04T09:36:07Z" user="cqrCpf7Ce_A7" uid="3620913" lat="39.9991739" lon="116.1946797"/>
 <node id="9610434374" visible="true" version="1" changeset="118972500" timestamp="2022-03-27T08:40:48Z" user="cqrCpf7Ce_A7" uid="3620913" lat="39.9992436" lon="116.1945291"/>
 <node id="9610434375" visible="true" version="1" changeset="118972500" timestamp="2022-03-27T08:40:48Z" user="cqrCpf7Ce_A7" uid="3620913" lat="39.9993813" lon="116.1944792"/>
 <node id="9610434376" visible="true" version="1" changeset="118972500" timestamp="2022-03-27T08:40:48Z" user="cqrCpf7Ce_A7" uid="3620913" lat="39.9998554" lon="116.1945791"/>
 <node id="9610434377" visible="true" version="1" changeset="118972500" timestamp="2022-03-27T08:40:48Z" user="cqrCpf7Ce_A7" uid="3620913" lat="39.9999778" lon="116.1947088"/>
 <node id="9610434378" visible="true" version="1" changeset="118972500" timestamp="2022-03-27T08:40:48Z" user="cqrCpf7Ce_A7" uid="3620913" lat="40.0003295" lon="116.1947787"/>
 <node id="9610434379" visible="true" version="1" changeset="118972500" timestamp="2022-03-27T08:40:48Z" user="cqrCpf7Ce_A7" uid="3620913" lat="40.0004748" lon="116.1947288"/>
 <node id="9610434380" visible="true" version="2" changeset="120534083" timestamp="2022-05-04T09:36:07Z" user="cqrCpf7Ce_A7" uid="3620913" lat="40.0005201" lon="116.1944914"/>
 <node id="9671925197" visible="true" version="1" changeset="119815683" timestamp="2022-04-17T12:53:48Z" user="cqrCpf7Ce_A7" uid="3620913" lat="40.0016908" lon="116.1972399"/>
 <node id="9689204704" visible="true" version="1" changeset="120114177" timestamp="2022-04-24T08:04:55Z" user="cqrCpf7Ce_A7" uid="3620913" lat="40.0000239" lon="116.1960431"/>
 <node id="9689204708" visible="true" version="1" changeset="120114177" timestamp="2022-04-24T08:04:55Z" user="cqrCpf7Ce_A7" uid="3620913" lat="39.9998994" lon="116.1959859"/>
 <node id="9689204709" visible="true" version="1" changeset="120114177" timestamp="2022-04-24T08:04:55Z" user="cqrCpf7Ce_A7" uid="3620913" lat="40.0013885" lon="116.1941827"/>
 <node id="9689204710" visible="true" version="1" changeset="120114177" timestamp="2022-04-24T08:04:55Z" user="cqrCpf7Ce_A7" uid="3620913" lat="40.0014974" lon="116.1940779"/>
 <node id="9689204711" visible="true" version="1" changeset="120114177" timestamp="2022-04-24T08:04:55Z" user="cqrCpf7Ce_A7" uid="3620913" lat="40.0015644" lon="116.1939831"/>
 <node id="9689204712" visible="true" version="1" changeset="120114177" timestamp="2022-04-24T08:04:55Z" user="cqrCpf7Ce_A7" uid="3620913" lat="40.0016466" lon="116.1941178"/>
 <node id="9689204713" visible="true" version="1" changeset="120114177" timestamp="2022-04-24T08:04:55Z" user="cqrCpf7Ce_A7" uid="3620913" lat="40.0016982" lon="116.1940180"/>
 <node id="9689204714" visible="true" version="1" changeset="120114177" timestamp="2022-04-24T08:04:55Z" user="cqrCpf7Ce_A7" uid="3620913" lat="40.0017230" lon="116.1939157"/>
 <node id="9689204715" visible="true" version="1" changeset="120114177" timestamp="2022-04-24T08:04:55Z" user="cqrCpf7Ce_A7" uid="3620913" lat="40.0017406" lon="116.1937712"/>
 <node id="9689204716" visible="true" version="1" changeset="120114177" timestamp="2022-04-24T08:04:55Z" user="cqrCpf7Ce_A7" uid="3620913" lat="40.0065651" lon="116.1929284"/>
 <node id="9689278217" visible="true" version="1" changeset="120114177" timestamp="2022-04-24T08:04:55Z" user="cqrCpf7Ce_A7" uid="3620913" lat="40.0062771" lon="116.1928222"/>
 <node id="9689278218" visible="true" version="1" changeset="120114177" timestamp="2022-04-24T08:04:55Z" user="cqrCpf7Ce_A7" uid="3620913" lat="40.0062669" lon="116.1926273"/>
 <node id="9689278219" visible="true" version="1" changeset="120114177" timestamp="2022-04-24T08:04:55Z" user="cqrCpf7Ce_A7" uid="3620913" lat="40.0062160" lon="116.1928621"/>
 <node id="9689278220" visible="true" version="1" changeset="120114177" timestamp="2022-04-24T08:04:55Z" user="cqrCpf7Ce_A7" uid="3620913" lat="40.0074818" lon="116.1919361"/>
 <node id="9689278221" visible="true" version="1" changeset="120114177" timestamp="2022-04-24T08:04:55Z" user="cqrCpf7Ce_A7" uid="3620913" lat="40.0075360" lon="116.1918298"/>
 <node id="9689278222" visible="true" version="1" changeset="120114177" timestamp="2022-04-24T08:04:55Z" user="cqrCpf7Ce_A7" uid="3620913" lat="40.0075055" lon="116.1916703"/>
 <node id="9689278223" visible="true" version="1" changeset="120114177" timestamp="2022-04-24T08:04:55Z" user="cqrCpf7Ce_A7" uid="3620913" lat="40.0073901" lon="116.1916083"/>
 <node id="9689278224" visible="true" version="1" changeset="120114177" timestamp="2022-04-24T08:04:55Z" user="cqrCpf7Ce_A7" uid="3620913" lat="40.0072306" lon="116.1916216"/>
 <node id="9689278225" visible="true" version="1" changeset="120114177" timestamp="2022-04-24T08:04:55Z" user="cqrCpf7Ce_A7" uid="3620913" lat="40.0078582" lon="116.1923649"/>
 <node id="9689278226" visible="true" version="1" changeset="120114177" timestamp="2022-04-24T08:04:55Z" user="cqrCpf7Ce_A7" uid="3620913" lat="40.0078890" lon="116.1922286"/>
 <node id="9689278227" visible="true" version="1" changeset="120114177" timestamp="2022-04-24T08:04:55Z" user="cqrCpf7Ce_A7" uid="3620913" lat="40.0079879" lon="116.1921398"/>
 <node id="9689278228" visible="true" version="1" changeset="120114177" timestamp="2022-04-24T08:04:55Z" user="cqrCpf7Ce_A7" uid="3620913" lat="40.0080854" lon="116.1926239"/>
 <node id="9689278229" visible="true" version="1" changeset="120114177" timestamp="2022-04-24T08:04:55Z" user="cqrCpf7Ce_A7" uid="3620913" lat="40.0082915" lon="116.1933513"/>
 <node id="9689278230" visible="true" version="1" changeset="120114177" timestamp="2022-04-24T08:04:55Z" user="cqrCpf7Ce_A7" uid="3620913" lat="40.0084181" lon="116.1934213"/>
 <node id="9689278231" visible="true" version="1" changeset="120114177" timestamp="2022-04-24T08:04:55Z" user="cqrCpf7Ce_A7" uid="3620913" lat="40.0083701" lon="116.1935302"/>
 <node id="9689278232" visible="true" version="1" changeset="120114177" timestamp="2022-04-24T08:04:55Z" user="cqrCpf7Ce_A7" uid="3620913" lat="40.0086740" lon="116.1934789"/>
 <node id="9689278233" visible="true" version="1" changeset="120114177" timestamp="2022-04-24T08:04:55Z" user="cqrCpf7Ce_A7" uid="3620913" lat="40.0088989" lon="116.1934984"/>
 <node id="9689278234" visible="true" version="1" changeset="120114177" timestamp="2022-04-24T08:04:55Z" user="cqrCpf7Ce_A7" uid="3620913" lat="40.0084183" lon="116.1935012"/>
 <node id="9689283182" visible="true" version="1" changeset="120114291" timestamp="2022-04-24T08:08:09Z" user="cqrCpf7Ce_A7" uid="3620913" lat="39.9959688" lon="116.1963186"/>
 <node id="9689685490" visible="true" version="1" changeset="120123973" timestamp="2022-04-24T13:16:51Z" user="cqrCpf7Ce_A7" uid="3620913" lat="40.0008259" lon="116.1952296"/>
 <node id="9689685491" visible="true" version="1" changeset="120123973" timestamp="2022-04-24T13:16:51Z" user="cqrCpf7Ce_A7" uid="3620913" lat="40.0008297" lon="116.1953498"/>
 <node id="9689685492" visible="true" version="1" changeset="120123973" timestamp="2022-04-24T13:16:51Z" user="cqrCpf7Ce_A7" uid="3620913" lat="40.0008094" lon="116.1954146"/>
 <node id="9689685493" visible="true" version="1" changeset="120123973" timestamp="2022-04-24T13:16:51Z" user="cqrCpf7Ce_A7" uid="3620913" lat="40.0009900" lon="116.1950904"/>
 <node id="9689685494" visible="true" version="1" changeset="120123973" timestamp="2022-04-24T13:16:51Z" user="cqrCpf7Ce_A7" uid="3620913" lat="40.0082070" lon="116.1930413"/>
 <node id="9707269732" visible="true" version="1" changeset="120422741" timestamp="2022-05-01T14:25:07Z" user="Nikolai E" uid="11658376" lat="40.0048489" lon="116.1963190"/>
 <node id="9707269733" visible="true" version="1" changeset="120422741" timestamp="2022-05-01T14:25:07Z" user="Nikolai E" uid="11658376" lat="40.0051035" lon="116.1964779"/>
 <node id="9707269734" visible="true" version="1" changeset="120422741" timestamp="2022-05-01T14:25:07Z" user="Nikolai E" uid="11658376" lat="40.0054067" lon="116.1956493"/>
 <node id="9707269735" visible="true" version="1" changeset="120422741" timestamp="2022-05-01T14:25:07Z" user="Nikolai E" uid="11658376" lat="40.0051522" lon="116.1954905"/>
 <node id="9707269736" visible="true" version="1" changeset="120422741" timestamp="2022-05-01T14:25:07Z" user="Nikolai E" uid="11658376" lat="40.0055070" lon="116.1955481"/>
 <node id="9707269737" visible="true" version="1" changeset="120422741" timestamp="2022-05-01T14:25:07Z" user="Nikolai E" uid="11658376" lat="40.0055965" lon="116.1955964"/>
 <node id="9707269738" visible="true" version="1" changeset="120422741" timestamp="2022-05-01T14:25:07Z" user="Nikolai E" uid="11658376" lat="40.0056374" lon="116.1954672"/>
 <node id="9707269739" visible="true" version="1" changeset="120422741" timestamp="2022-05-01T14:25:07Z" user="Nikolai E" uid="11658376" lat="40.0055479" lon="116.1954189"/>
 <node id="9707269740" visible="true" version="1" changeset="120422741" timestamp="2022-05-01T14:25:07Z" user="Nikolai E" uid="11658376" lat="40.0050666" lon="116.1954210"/>
 <node id="9707269741" visible="true" version="1" changeset="120422741" timestamp="2022-05-01T14:25:07Z" user="Nikolai E" uid="11658376" lat="40.0051297" lon="116.1954648"/>
 <node id="9707269742" visible="true" version="1" changeset="120422741" timestamp="2022-05-01T14:25:07Z" user="Nikolai E" uid="11658376" lat="40.0050704" lon="116.1956102"/>
 <node id="9707269743" visible="true" version="1" changeset="120422741" timestamp="2022-05-01T14:25:07Z" user="Nikolai E" uid="11658376" lat="40.0050073" lon="116.1955663"/>
 <node id="9707269744" visible="true" version="1" changeset="120422741" timestamp="2022-05-01T14:25:07Z" user="Nikolai E" uid="11658376" lat="40.0048711" lon="116.1959555"/>
 <node id="9707269745" visible="true" version="1" changeset="120422741" timestamp="2022-05-01T14:25:07Z" user="Nikolai E" uid="11658376" lat="40.0049207" lon="116.1959880"/>
 <node id="9707269746" visible="true" version="1" changeset="120422741" timestamp="2022-05-01T14:25:07Z" user="Nikolai E" uid="11658376" lat="40.0048606" lon="116.1961446"/>
 <node id="9707269747" visible="true" version="1" changeset="120422741" timestamp="2022-05-01T14:25:07Z" user="Nikolai E" uid="11658376" lat="40.0048109" lon="116.1961121"/>
 <node id="9707269748" visible="true" version="1" changeset="120422741" timestamp="2022-05-01T14:25:07Z" user="Nikolai E" uid="11658376" lat="40.0050977" lon="116.1953754"/>
 <node id="9707269749" visible="true" version="1" changeset="120422741" timestamp="2022-05-01T14:25:07Z" user="Nikolai E" uid="11658376" lat="40.0051438" lon="116.1952981"/>
 <node id="9707269750" visible="true" version="1" changeset="120422741" timestamp="2022-05-01T14:25:07Z" user="Nikolai E" uid="11658376" lat="40.0052917" lon="116.1952337"/>
 <node id="9707269751" visible="true" version="1" changeset="120422741" timestamp="2022-05-01T14:25:07Z" user="Nikolai E" uid="11658376" lat="40.0054618" lon="116.1952466"/>
 <node id="9707269752" visible="true" version="1" changeset="120422741" timestamp="2022-05-01T14:25:07Z" user="Nikolai E" uid="11658376" lat="40.0055464" lon="116.1953164"/>
 <node id="9707269753" visible="true" version="1" changeset="120422741" timestamp="2022-05-01T14:25:07Z" user="Nikolai E" uid="11658376" lat="40.0058291" lon="116.1956168"/>
 <node id="9707269754" visible="true" version="1" changeset="120422741" timestamp="2022-05-01T14:25:07Z" user="Nikolai E" uid="11658376" lat="40.0057716" lon="116.1958303"/>
 <node id="9707269755" visible="true" version="1" changeset="120422741" timestamp="2022-05-01T14:25:07Z" user="Nikolai E" uid="11658376" lat="40.0056220" lon="116.1957798"/>
 <node id="9707269756" visible="true" version="1" changeset="120422741" timestamp="2022-05-01T14:25:07Z" user="Nikolai E" uid="11658376" lat="40.0055021" lon="116.1961382"/>
 <node id="9707269765" visible="true" version="1" changeset="120422741" timestamp="2022-05-01T14:25:07Z" user="Nikolai E" uid="11658376" lat="40.0051060" lon="116.1946058"/>
 <node id="9707269766" visible="true" version="1" changeset="120422741" timestamp="2022-05-01T14:25:07Z" user="Nikolai E" uid="11658376" lat="40.0052312" lon="116.1947181"/>
 <node id="9707269767" visible="true" version="1" changeset="120422741" timestamp="2022-05-01T14:25:07Z" user="Nikolai E" uid="11658376" lat="40.0052754" lon="116.1946341"/>
 <node id="9707269768" visible="true" version="1" changeset="120422741" timestamp="2022-05-01T14:25:07Z" user="Nikolai E" uid="11658376" lat="40.0051501" lon="116.1945218"/>
 <node id="9707269769" visible="true" version="1" changeset="120422741" timestamp="2022-05-01T14:25:07Z" user="Nikolai E" uid="11658376" lat="40.0049728" lon="116.1945826"/>
 <node id="9707269770" visible="true" version="1" changeset="120422741" timestamp="2022-05-01T14:25:07Z" user="Nikolai E" uid="11658376" lat="40.0050778" lon="116.1945989"/>
 <node id="9707269771" visible="true" version="1" changeset="120422741" timestamp="2022-05-01T14:25:07Z" user="Nikolai E" uid="11658376" lat="40.0050860" lon="116.1945095"/>
 <node id="9707269772" visible="true" version="1" changeset="120422741" timestamp="2022-05-01T14:25:07Z" user="Nikolai E" uid="11658376" lat="40.0049810" lon="116.1944931"/>
 <node id="9707269773" visible="true" version="1" changeset="120422741" timestamp="2022-05-01T14:25:07Z" user="Nikolai E" uid="11658376" lat="40.0050097" lon="116.1946317"/>
 <node id="9707269774" visible="true" version="1" changeset="120422741" timestamp="2022-05-01T14:25:07Z" user="Nikolai E" uid="11658376" lat="40.0051058" lon="116.1946525"/>
 <node id="9707269775" visible="true" version="1" changeset="120422741" timestamp="2022-05-01T14:25:07Z" user="Nikolai E" uid="11658376" lat="40.0052336" lon="116.1947418"/>
 <node id="9707269776" visible="true" version="1" changeset="120422741" timestamp="2022-05-01T14:25:07Z" user="Nikolai E" uid="11658376" lat="40.0052516" lon="116.1947869"/>
 <node id="9707269777" visible="true" version="1" changeset="120422741" timestamp="2022-05-01T14:25:07Z" user="Nikolai E" uid="11658376" lat="40.0052481" lon="116.1948690"/>
 <node id="9707269778" visible="true" version="1" changeset="120422741" timestamp="2022-05-01T14:25:07Z" user="Nikolai E" uid="11658376" lat="40.0052336" lon="116.1949439"/>
 <node id="9707269779" visible="true" version="1" changeset="120422741" timestamp="2022-05-01T14:25:07Z" user="Nikolai E" uid="11658376" lat="40.0051991" lon="116.1950422"/>
 <node id="9707269780" visible="true" version="1" changeset="120422741" timestamp="2022-05-01T14:25:07Z" user="Nikolai E" uid="11658376" lat="40.0051382" lon="116.1951478"/>
 <node id="9707269781" visible="true" version="1" changeset="120422741" timestamp="2022-05-01T14:25:07Z" user="Nikolai E" uid="11658376" lat="40.0050664" lon="116.1952317"/>
 <node id="9707269782" visible="true" version="1" changeset="120422741" timestamp="2022-05-01T14:25:07Z" user="Nikolai E" uid="11658376" lat="40.0050966" lon="116.1953362"/>
 <node id="9707269783" visible="true" version="1" changeset="120422741" timestamp="2022-05-01T14:25:07Z" user="Nikolai E" uid="11658376" lat="40.0050965" lon="116.1951965">
  <tag k="barrier" v="gate"/>
 </node>
 <node id="9707269784" visible="true" version="1" changeset="120422741" timestamp="2022-05-01T14:25:07Z" user="Nikolai E" uid="11658376" lat="40.0031757" lon="116.1957679"/>
 <node id="9707269785" visible="true" version="1" changeset="120422741" timestamp="2022-05-01T14:25:07Z" user="Nikolai E" uid="11658376" lat="40.0033428" lon="116.1958285"/>
 <node id="9707269786" visible="true" version="1" changeset="120422741" timestamp="2022-05-01T14:25:07Z" user="Nikolai E" uid="11658376" lat="40.0033193" lon="116.1959391"/>
 <node id="9707269787" visible="true" version="1" changeset="120422741" timestamp="2022-05-01T14:25:07Z" user="Nikolai E" uid="11658376" lat="40.0031521" lon="116.1958786"/>
 <node id="9707269788" visible="true" version="1" changeset="120422741" timestamp="2022-05-01T14:25:07Z" user="Nikolai E" uid="11658376" lat="40.0031603" lon="116.1956990"/>
 <node id="9707269789" visible="true" version="1" changeset="120422741" timestamp="2022-05-01T14:25:07Z" user="Nikolai E" uid="11658376" lat="40.0033240" lon="116.1957646"/>
 <node id="9707269790" visible="true" version="1" changeset="120422741" timestamp="2022-05-01T14:25:07Z" user="Nikolai E" uid="11658376" lat="40.0033431" lon="116.1956837"/>
 <node id="9707269791" visible="true" version="1" changeset="120422741" timestamp="2022-05-01T14:25:07Z" user="Nikolai E" uid="11658376" lat="40.0031793" lon="116.1956180"/>
 <node id="9707269792" visible="true" version="1" changeset="120422741" timestamp="2022-05-01T14:25:07Z" user="Nikolai E" uid="11658376" lat="40.0028419" lon="116.1951356"/>
 <node id="9707269793" visible="true" version="1" changeset="120422741" timestamp="2022-05-01T14:25:07Z" user="Nikolai E" uid="11658376" lat="40.0029991" lon="116.1952807"/>
 <node id="9707269794" visible="true" version="1" changeset="120422741" timestamp="2022-05-01T14:25:07Z" user="Nikolai E" uid="11658376" lat="40.0030438" lon="116.1951982"/>
 <node id="9707269795" visible="true" version="1" changeset="120422741" timestamp="2022-05-01T14:25:07Z" user="Nikolai E" uid="11658376" lat="40.0028866" lon="116.1950531"/>
 <node id="9708814015" visible="true" version="1" changeset="120452070" timestamp="2022-05-02T09:27:11Z" user="cqrCpf7Ce_A7" uid="3620913" lat="40.0033488" lon="116.1969791"/>
 <node id="9708823042" visible="true" version="1" changeset="120452070" timestamp="2022-05-02T09:27:11Z" user="cqrCpf7Ce_A7" uid="3620913" lat="40.0081084" lon="116.1965591"/>
 <node id="9708823043" visible="true" version="1" changeset="120452070" timestamp="2022-05-02T09:27:11Z" user="cqrCpf7Ce_A7" uid="3620913" lat="40.0081870" lon="116.1965867"/>
 <node id="9708823044" visible="true" version="1" changeset="120452070" timestamp="2022-05-02T09:27:11Z" user="cqrCpf7Ce_A7" uid="3620913" lat="40.0077988" lon="116.1963807"/>
 <node id="9708823045" visible="true" version="1" changeset="120452070" timestamp="2022-05-02T09:27:11Z" user="cqrCpf7Ce_A7" uid="3620913" lat="40.0078027" lon="116.1963433"/>
 <node id="9708823046" visible="true" version="1" changeset="120452070" timestamp="2022-05-02T09:27:11Z" user="cqrCpf7Ce_A7" uid="3620913" lat="40.0077323" lon="116.1962616"/>
 <node id="9708823047" visible="true" version="1" changeset="120452070" timestamp="2022-05-02T09:27:11Z" user="cqrCpf7Ce_A7" uid="3620913" lat="40.0076756" lon="116.1962387"/>
 <node id="9708823048" visible="true" version="1" changeset="120452070" timestamp="2022-05-02T09:27:11Z" user="cqrCpf7Ce_A7" uid="3620913" lat="40.0077128" lon="116.1961545"/>
 <node id="9708823049" visible="true" version="1" changeset="120452070" timestamp="2022-05-02T09:27:11Z" user="cqrCpf7Ce_A7" uid="3620913" lat="40.0077245" lon="116.1959248"/>
 <node id="9708823050" visible="true" version="1" changeset="120452070" timestamp="2022-05-02T09:27:11Z" user="cqrCpf7Ce_A7" uid="3620913" lat="40.0077519" lon="116.1957615"/>
 <node id="9708823051" visible="true" version="1" changeset="120452070" timestamp="2022-05-02T09:27:11Z" user="cqrCpf7Ce_A7" uid="3620913" lat="40.0078476" lon="116.1956339"/>
 <node id="9708823052" visible="true" version="1" changeset="120452070" timestamp="2022-05-02T09:27:11Z" user="cqrCpf7Ce_A7" uid="3620913" lat="40.0080138" lon="116.1957079"/>
 <node id="9708823053" visible="true" version="1" changeset="120452070" timestamp="2022-05-02T09:27:11Z" user="cqrCpf7Ce_A7" uid="3620913" lat="40.0081095" lon="116.1957437"/>
 <node id="9708823054" visible="true" version="1" changeset="120452070" timestamp="2022-05-02T09:27:11Z" user="cqrCpf7Ce_A7" uid="3620913" lat="40.0082209" lon="116.1957258"/>
 <node id="9708823055" visible="true" version="1" changeset="120452070" timestamp="2022-05-02T09:27:11Z" user="cqrCpf7Ce_A7" uid="3620913" lat="40.0083362" lon="116.1957335"/>
 <node id="9708823056" visible="true" version="1" changeset="120452070" timestamp="2022-05-02T09:27:11Z" user="cqrCpf7Ce_A7" uid="3620913" lat="40.0080501" lon="116.1943751"/>
 <node id="9708823057" visible="true" version="1" changeset="120452070" timestamp="2022-05-02T09:27:11Z" user="cqrCpf7Ce_A7" uid="3620913" lat="40.0087542" lon="116.1950570"/>
 <node id="9708823058" visible="true" version="1" changeset="120452070" timestamp="2022-05-02T09:27:11Z" user="cqrCpf7Ce_A7" uid="3620913" lat="40.0100650" lon="116.1953221"/>
 <node id="9708823059" visible="true" version="1" changeset="120452070" timestamp="2022-05-02T09:27:11Z" user="cqrCpf7Ce_A7" uid="3620913" lat="40.0100385" lon="116.1953686"/>
 <node id="9708823060" visible="true" version="1" changeset="120452070" timestamp="2022-05-02T09:27:11Z" user="cqrCpf7Ce_A7" uid="3620913" lat="40.0101428" lon="116.1953234"/>
 <node id="9708823082" visible="true" version="1" changeset="120452070" timestamp="2022-05-02T09:27:11Z" user="cqrCpf7Ce_A7" uid="3620913" lat="40.0051672" lon="116.1977060"/>
 <node id="9708823083" visible="true" version="1" changeset="120452070" timestamp="2022-05-02T09:27:11Z" user="cqrCpf7Ce_A7" uid="3620913" lat="40.0051192" lon="116.1975445"/>
 <node id="9708823084" visible="true" version="1" changeset="120452070" timestamp="2022-05-02T09:27:11Z" user="cqrCpf7Ce_A7" uid="3620913" lat="40.0050734" lon="116.1971527"/>
 <node id="9708823085" visible="true" version="1" changeset="120452070" timestamp="2022-05-02T09:27:11Z" user="cqrCpf7Ce_A7" uid="3620913" lat="40.0050276" lon="116.1969070"/>
 <node id="9708823086" visible="true" version="1" changeset="120452070" timestamp="2022-05-02T09:27:11Z" user="cqrCpf7Ce_A7" uid="3620913" lat="40.0050785" lon="116.1968273"/>
 <node id="9708823087" visible="true" version="1" changeset="120452070" timestamp="2022-05-02T09:27:11Z" user="cqrCpf7Ce_A7" uid="3620913" lat="40.0052718" lon="116.1966945"/>
 <node id="9708823088" visible="true" version="1" changeset="120452070" timestamp="2022-05-02T09:27:11Z" user="cqrCpf7Ce_A7" uid="3620913" lat="40.0053532" lon="116.1964155"/>
 <node id="9708823089" visible="true" version="1" changeset="120452070" timestamp="2022-05-02T09:27:11Z" user="cqrCpf7Ce_A7" uid="3620913" lat="40.0055414" lon="116.1962761"/>
 <node id="9708823090" visible="true" version="1" changeset="120452070" timestamp="2022-05-02T09:27:11Z" user="cqrCpf7Ce_A7" uid="3620913" lat="40.0056686" lon="116.1961565"/>
 <node id="9708823091" visible="true" version="1" changeset="120452070" timestamp="2022-05-02T09:27:11Z" user="cqrCpf7Ce_A7" uid="3620913" lat="40.0058212" lon="116.1960303"/>
 <node id="9708823094" visible="true" version="1" changeset="120452070" timestamp="2022-05-02T09:27:11Z" user="cqrCpf7Ce_A7" uid="3620913" lat="40.0045899" lon="116.1965849"/>
 <node id="9708823095" visible="true" version="1" changeset="120452070" timestamp="2022-05-02T09:27:11Z" user="cqrCpf7Ce_A7" uid="3620913" lat="40.0085477" lon="116.1937126"/>
 <node id="9708823096" visible="true" version="1" changeset="120452070" timestamp="2022-05-02T09:27:11Z" user="cqrCpf7Ce_A7" uid="3620913" lat="40.0086495" lon="116.1938720"/>
 <node id="9708823097" visible="true" version="1" changeset="120452070" timestamp="2022-05-02T09:27:11Z" user="cqrCpf7Ce_A7" uid="3620913" lat="40.0086902" lon="116.1939982"/>
 <node id="9708823098" visible="true" version="1" changeset="120452070" timestamp="2022-05-02T09:27:11Z" user="cqrCpf7Ce_A7" uid="3620913" lat="40.0088173" lon="116.1941642"/>
 <node id="9708823099" visible="true" version="1" changeset="120452070" timestamp="2022-05-02T09:27:11Z" user="cqrCpf7Ce_A7" uid="3620913" lat="40.0090005" lon="116.1942970"/>
 <node id="9708823100" visible="true" version="1" changeset="120452070" timestamp="2022-05-02T09:27:11Z" user="cqrCpf7Ce_A7" uid="3620913" lat="40.0091122" lon="116.1943472"/>
 <node id="9708823101" visible="true" version="1" changeset="120452070" timestamp="2022-05-02T09:27:11Z" user="cqrCpf7Ce_A7" uid="3620913" lat="40.0094851" lon="116.1956470"/>
 <node id="9713465800" visible="true" version="1" changeset="120534083" timestamp="2022-05-04T09:36:07Z" user="cqrCpf7Ce_A7" uid="3620913" lat="39.9995714" lon="116.1944802"/>
 <node id="9713465801" visible="true" version="1" changeset="120534083" timestamp="2022-05-04T09:36:07Z" user="cqrCpf7Ce_A7" uid="3620913" lat="40.0114988" lon="116.1898960"/>
 <node id="9713465802" visible="true" version="1" changeset="120534083" timestamp="2022-05-04T09:36:07Z" user="cqrCpf7Ce_A7" uid="3620913" lat="40.0115363" lon="116.1897767"/>
 <node id="9713465803" visible="true" version="1" changeset="120534083" timestamp="2022-05-04T09:36:07Z" user="cqrCpf7Ce_A7" uid="3620913" lat="40.0115223" lon="116.1895746"/>
 <node id="9713465804" visible="true" version="1" changeset="120534083" timestamp="2022-05-04T09:36:07Z" user="cqrCpf7Ce_A7" uid="3620913" lat="40.0114754" lon="116.1894491"/>
 <node id="9713465805" visible="true" version="1" changeset="120534083" timestamp="2022-05-04T09:36:07Z" user="cqrCpf7Ce_A7" uid="3620913" lat="40.0114144" lon="116.1892777"/>
 <node id="9713465806" visible="true" version="1" changeset="120534083" timestamp="2022-05-04T09:36:07Z" user="cqrCpf7Ce_A7" uid="3620913" lat="40.0113980" lon="116.1891368"/>
 <node id="9713465807" visible="true" version="1" changeset="120534083" timestamp="2022-05-04T09:36:07Z" user="cqrCpf7Ce_A7" uid="3620913" lat="40.0113746" lon="116.1890481"/>
 <node id="9713465808" visible="true" version="1" changeset="120534083" timestamp="2022-05-04T09:36:07Z" user="cqrCpf7Ce_A7" uid="3620913" lat="40.0118504" lon="116.1899589"/>
 <node id="9713465810" visible="true" version="1" changeset="120534083" timestamp="2022-05-04T09:36:07Z" user="cqrCpf7Ce_A7" uid="3620913" lat="40.0126767" lon="116.1939426"/>
 <node id="9713465811" visible="true" version="1" changeset="120534083" timestamp="2022-05-04T09:36:07Z" user="cqrCpf7Ce_A7" uid="3620913" lat="40.0127462" lon="116.1938298"/>
 <node id="9713465812" visible="true" version="1" changeset="120534083" timestamp="2022-05-04T09:36:07Z" user="cqrCpf7Ce_A7" uid="3620913" lat="40.0115965" lon="116.1951169"/>
 <node id="9713465813" visible="true" version="1" changeset="120534083" timestamp="2022-05-04T09:36:07Z" user="cqrCpf7Ce_A7" uid="3620913" lat="40.0117556" lon="116.1951858"/>
 <node id="9713465814" visible="true" version="1" changeset="120534083" timestamp="2022-05-04T09:36:07Z" user="cqrCpf7Ce_A7" uid="3620913" lat="40.0107840" lon="116.1948921"/>
 <node id="9713498525" visible="true" version="1" changeset="120534083" timestamp="2022-05-04T09:36:07Z" user="cqrCpf7Ce_A7" uid="3620913" lat="39.9981120" lon="116.1955915"/>
 <node id="9713498526" visible="true" version="1" changeset="120534083" timestamp="2022-05-04T09:36:07Z" user="cqrCpf7Ce_A7" uid="3620913" lat="39.9980758" lon="116.1954546"/>
 <node id="9713498527" visible="true" version="1" changeset="120534083" timestamp="2022-05-04T09:36:07Z" user="cqrCpf7Ce_A7" uid="3620913" lat="39.9981590" lon="116.1953079"/>
 <node id="9713498528" visible="true" version="1" changeset="120534083" timestamp="2022-05-04T09:36:07Z" user="cqrCpf7Ce_A7" uid="3620913" lat="39.9983048" lon="116.1951829"/>
 <node id="9713498529" visible="true" version="1" changeset="120534083" timestamp="2022-05-04T09:36:07Z" user="cqrCpf7Ce_A7" uid="3620913" lat="39.9983839" lon="116.1951014"/>
 <node id="9713498530" visible="true" version="1" changeset="120534083" timestamp="2022-05-04T09:36:07Z" user="cqrCpf7Ce_A7" uid="3620913" lat="39.9984066" lon="116.1949567"/>
 <node id="9713498531" visible="true" version="1" changeset="120534083" timestamp="2022-05-04T09:36:07Z" user="cqrCpf7Ce_A7" uid="3620913" lat="39.9985421" lon="116.1949710"/>
 <node id="9713498532" visible="true" version="1" changeset="120534083" timestamp="2022-05-04T09:36:07Z" user="cqrCpf7Ce_A7" uid="3620913" lat="39.9987336" lon="116.1949927"/>
 <node id="9713498533" visible="true" version="1" changeset="120534083" timestamp="2022-05-04T09:36:07Z" user="cqrCpf7Ce_A7" uid="3620913" lat="39.9989126" lon="116.1949438"/>
 <node id="9713498534" visible="true" version="1" changeset="120534083" timestamp="2022-05-04T09:36:07Z" user="cqrCpf7Ce_A7" uid="3620913" lat="39.9991041" lon="116.1948405"/>
 <node id="9713498535" visible="true" version="2" changeset="148214811" timestamp="2024-03-04T16:23:22Z" user="hikerake" uid="16028222" lat="39.9991620" lon="116.1945125"/>
 <node id="9713498536" visible="true" version="2" changeset="148214811" timestamp="2024-03-04T16:23:22Z" user="hikerake" uid="16028222" lat="39.9991547" lon="116.1944201"/>
 <node id="9713498537" visible="true" version="1" changeset="120534083" timestamp="2022-05-04T09:36:07Z" user="cqrCpf7Ce_A7" uid="3620913" lat="39.9992706" lon="116.1942428"/>
 <node id="9713498538" visible="true" version="1" changeset="120534083" timestamp="2022-05-04T09:36:07Z" user="cqrCpf7Ce_A7" uid="3620913" lat="39.9994704" lon="116.1942101"/>
 <node id="9713498539" visible="true" version="1" changeset="120534083" timestamp="2022-05-04T09:36:07Z" user="cqrCpf7Ce_A7" uid="3620913" lat="39.9995787" lon="116.1941504"/>
 <node id="9713498540" visible="true" version="1" changeset="120534083" timestamp="2022-05-04T09:36:07Z" user="cqrCpf7Ce_A7" uid="3620913" lat="39.9995911" lon="116.1938895"/>
 <node id="9713498541" visible="true" version="1" changeset="120534083" timestamp="2022-05-04T09:36:07Z" user="cqrCpf7Ce_A7" uid="3620913" lat="39.9996453" lon="116.1936613"/>
 <node id="9713498542" visible="true" version="1" changeset="120534083" timestamp="2022-05-04T09:36:07Z" user="cqrCpf7Ce_A7" uid="3620913" lat="39.9996536" lon="116.1932700"/>
 <node id="9713498543" visible="true" version="2" changeset="148214811" timestamp="2024-03-04T16:23:22Z" user="hikerake" uid="16028222" lat="39.9996702" lon="116.1932588"/>
 <node id="9713498544" visible="true" version="2" changeset="148214811" timestamp="2024-03-04T16:23:22Z" user="hikerake" uid="16028222" lat="39.9996427" lon="116.1928930"/>
 <node id="9713498545" visible="true" version="1" changeset="120534083" timestamp="2022-05-04T09:36:07Z" user="cqrCpf7Ce_A7" uid="3620913" lat="39.9995911" lon="116.1927592"/>
 <node id="9713498546" visible="true" version="1" changeset="120534083" timestamp="2022-05-04T09:36:07Z" user="cqrCpf7Ce_A7" uid="3620913" lat="39.9994663" lon="116.1926233"/>
 <node id="9713498547" visible="true" version="1" changeset="120534083" timestamp="2022-05-04T09:36:07Z" user="cqrCpf7Ce_A7" uid="3620913" lat="39.9991249" lon="116.1929331"/>
 <node id="9713498548" visible="true" version="1" changeset="120534083" timestamp="2022-05-04T09:36:07Z" user="cqrCpf7Ce_A7" uid="3620913" lat="39.9989833" lon="116.1930417"/>
 <node id="9713498549" visible="true" version="1" changeset="120534083" timestamp="2022-05-04T09:36:07Z" user="cqrCpf7Ce_A7" uid="3620913" lat="39.9988168" lon="116.1930907"/>
 <node id="9713498550" visible="true" version="1" changeset="120534083" timestamp="2022-05-04T09:36:07Z" user="cqrCpf7Ce_A7" uid="3620913" lat="39.9987003" lon="116.1929222"/>
 <node id="9713498551" visible="true" version="1" changeset="120534083" timestamp="2022-05-04T09:36:07Z" user="cqrCpf7Ce_A7" uid="3620913" lat="39.9986420" lon="116.1926939"/>
 <node id="9713498552" visible="true" version="1" changeset="120534083" timestamp="2022-05-04T09:36:07Z" user="cqrCpf7Ce_A7" uid="3620913" lat="39.9984796" lon="116.1924983"/>
 <node id="9713498553" visible="true" version="1" changeset="120534083" timestamp="2022-05-04T09:36:07Z" user="cqrCpf7Ce_A7" uid="3620913" lat="39.9983005" lon="116.1924623"/>
 <node id="9713498554" visible="true" version="1" changeset="120534083" timestamp="2022-05-04T09:36:07Z" user="cqrCpf7Ce_A7" uid="3620913" lat="39.9981669" lon="116.1924927"/>
 <node id="9713498555" visible="true" version="1" changeset="120534083" timestamp="2022-05-04T09:36:07Z" user="cqrCpf7Ce_A7" uid="3620913" lat="39.9981320" lon="116.1924573"/>
 <node id="9713498556" visible="true" version="1" changeset="120534083" timestamp="2022-05-04T09:36:07Z" user="cqrCpf7Ce_A7" uid="3620913" lat="39.9980913" lon="116.1923258"/>
 <node id="9713498557" visible="true" version="1" changeset="120534083" timestamp="2022-05-04T09:36:07Z" user="cqrCpf7Ce_A7" uid="3620913" lat="39.9979790" lon="116.1920452"/>
 <node id="9713498558" visible="true" version="1" changeset="120534083" timestamp="2022-05-04T09:36:07Z" user="cqrCpf7Ce_A7" uid="3620913" lat="39.9985987" lon="116.1933753"/>
 <node id="9713498559" visible="true" version="1" changeset="120534083" timestamp="2022-05-04T09:36:07Z" user="cqrCpf7Ce_A7" uid="3620913" lat="39.9979894" lon="116.1919256"/>
 <node id="9713498560" visible="true" version="1" changeset="120534083" timestamp="2022-05-04T09:36:07Z" user="cqrCpf7Ce_A7" uid="3620913" lat="39.9980582" lon="116.1918942"/>
 <node id="9713498561" visible="true" version="1" changeset="120534083" timestamp="2022-05-04T09:36:07Z" user="cqrCpf7Ce_A7" uid="3620913" lat="39.9981269" lon="116.1919391"/>
 <node id="9713498562" visible="true" version="1" changeset="120534083" timestamp="2022-05-04T09:36:07Z" user="cqrCpf7Ce_A7" uid="3620913" lat="39.9982301" lon="116.1919974"/>
 <node id="9713498563" visible="true" version="1" changeset="120534083" timestamp="2022-05-04T09:36:07Z" user="cqrCpf7Ce_A7" uid="3620913" lat="39.9983126" lon="116.1919884"/>
 <node id="9713498564" visible="true" version="1" changeset="120534083" timestamp="2022-05-04T09:36:07Z" user="cqrCpf7Ce_A7" uid="3620913" lat="39.9983813" lon="116.1920199"/>
 <node id="9713498565" visible="true" version="1" changeset="120534083" timestamp="2022-05-04T09:36:07Z" user="cqrCpf7Ce_A7" uid="3620913" lat="39.9999835" lon="116.1944569"/>
 <node id="9713498566" visible="true" version="1" changeset="120534083" timestamp="2022-05-04T09:36:07Z" user="cqrCpf7Ce_A7" uid="3620913" lat="39.9999732" lon="116.1942550"/>
 <node id="9713498567" visible="true" version="1" changeset="120534083" timestamp="2022-05-04T09:36:07Z" user="cqrCpf7Ce_A7" uid="3620913" lat="40.0000007" lon="116.1938600"/>
 <node id="9713498568" visible="true" version="1" changeset="120534083" timestamp="2022-05-04T09:36:07Z" user="cqrCpf7Ce_A7" uid="3620913" lat="40.0000385" lon="116.1936984"/>
 <node id="9713498569" visible="true" version="1" changeset="120534083" timestamp="2022-05-04T09:36:07Z" user="cqrCpf7Ce_A7" uid="3620913" lat="40.0000695" lon="116.1935414"/>
 <node id="9713498570" visible="true" version="1" changeset="120534083" timestamp="2022-05-04T09:36:07Z" user="cqrCpf7Ce_A7" uid="3620913" lat="40.0001623" lon="116.1933843"/>
 <node id="9713498571" visible="true" version="1" changeset="120534083" timestamp="2022-05-04T09:36:07Z" user="cqrCpf7Ce_A7" uid="3620913" lat="40.0002998" lon="116.1932362"/>
 <node id="9713498572" visible="true" version="1" changeset="120534083" timestamp="2022-05-04T09:36:07Z" user="cqrCpf7Ce_A7" uid="3620913" lat="40.0003411" lon="116.1930387"/>
 <node id="9713498573" visible="true" version="1" changeset="120534083" timestamp="2022-05-04T09:36:07Z" user="cqrCpf7Ce_A7" uid="3620913" lat="40.0001520" lon="116.1928547"/>
 <node id="9713498574" visible="true" version="1" changeset="120534083" timestamp="2022-05-04T09:36:07Z" user="cqrCpf7Ce_A7" uid="3620913" lat="40.0000489" lon="116.1927021"/>
 <node id="9713498575" visible="true" version="1" changeset="120534083" timestamp="2022-05-04T09:36:07Z" user="cqrCpf7Ce_A7" uid="3620913" lat="40.0000867" lon="116.1924238"/>
 <node id="9713498576" visible="true" version="1" changeset="120534083" timestamp="2022-05-04T09:36:07Z" user="cqrCpf7Ce_A7" uid="3620913" lat="40.0001383" lon="116.1921680"/>
 <node id="9713498577" visible="true" version="1" changeset="120534083" timestamp="2022-05-04T09:36:07Z" user="cqrCpf7Ce_A7" uid="3620913" lat="40.0001107" lon="116.1920737"/>
 <node id="9713498578" visible="true" version="1" changeset="120534083" timestamp="2022-05-04T09:36:07Z" user="cqrCpf7Ce_A7" uid="3620913" lat="39.9999045" lon="116.1918493"/>
 <node id="9713498579" visible="true" version="1" changeset="120534083" timestamp="2022-05-04T09:36:07Z" user="cqrCpf7Ce_A7" uid="3620913" lat="40.0000179" lon="116.1916159"/>
 <node id="9713498580" visible="true" version="1" changeset="120534083" timestamp="2022-05-04T09:36:07Z" user="cqrCpf7Ce_A7" uid="3620913" lat="40.0002414" lon="116.1914050"/>
 <node id="9713498581" visible="true" version="1" changeset="120534083" timestamp="2022-05-04T09:36:07Z" user="cqrCpf7Ce_A7" uid="3620913" lat="40.0004133" lon="116.1911581"/>
 <node id="9713498582" visible="true" version="1" changeset="120534083" timestamp="2022-05-04T09:36:07Z" user="cqrCpf7Ce_A7" uid="3620913" lat="40.0002723" lon="116.1907811"/>
 <node id="9713498583" visible="true" version="1" changeset="120534083" timestamp="2022-05-04T09:36:07Z" user="cqrCpf7Ce_A7" uid="3620913" lat="40.0002517" lon="116.1904266"/>
 <node id="9713498584" visible="true" version="1" changeset="120534083" timestamp="2022-05-04T09:36:07Z" user="cqrCpf7Ce_A7" uid="3620913" lat="40.0001073" lon="116.1901124"/>
 <node id="9713498585" visible="true" version="1" changeset="120534083" timestamp="2022-05-04T09:36:07Z" user="cqrCpf7Ce_A7" uid="3620913" lat="40.0000317" lon="116.1898970"/>
 <node id="9713498586" visible="true" version="1" changeset="120534083" timestamp="2022-05-04T09:36:07Z" user="cqrCpf7Ce_A7" uid="3620913" lat="40.0001073" lon="116.1897174"/>
 <node id="9713498587" visible="true" version="1" changeset="120534083" timestamp="2022-05-04T09:36:07Z" user="cqrCpf7Ce_A7" uid="3620913" lat="40.0001314" lon="116.1895200"/>
 <node id="9713498588" visible="true" version="1" changeset="120534083" timestamp="2022-05-04T09:36:07Z" user="cqrCpf7Ce_A7" uid="3620913" lat="39.9999320" lon="116.1894975"/>
 <node id="9713498589" visible="true" version="1" changeset="120534083" timestamp="2022-05-04T09:36:07Z" user="cqrCpf7Ce_A7" uid="3620913" lat="39.9998563" lon="116.1892417"/>
 <node id="9713498590" visible="true" version="1" changeset="120534083" timestamp="2022-05-04T09:36:07Z" user="cqrCpf7Ce_A7" uid="3620913" lat="39.9998838" lon="116.1890352"/>
 <node id="9713498591" visible="true" version="1" changeset="120534083" timestamp="2022-05-04T09:36:07Z" user="cqrCpf7Ce_A7" uid="3620913" lat="39.9999079" lon="116.1889365"/>
 <node id="9713498592" visible="true" version="1" changeset="120534083" timestamp="2022-05-04T09:36:07Z" user="cqrCpf7Ce_A7" uid="3620913" lat="40.0000179" lon="116.1918538"/>
 <node id="9713498593" visible="true" version="1" changeset="120534083" timestamp="2022-05-04T09:36:07Z" user="cqrCpf7Ce_A7" uid="3620913" lat="40.0002105" lon="116.1918493"/>
 <node id="9713498594" visible="true" version="1" changeset="120534083" timestamp="2022-05-04T09:36:07Z" user="cqrCpf7Ce_A7" uid="3620913" lat="40.0003170" lon="116.1918224"/>
 <node id="9713498595" visible="true" version="1" changeset="120534083" timestamp="2022-05-04T09:36:07Z" user="cqrCpf7Ce_A7" uid="3620913" lat="40.0004133" lon="116.1917685"/>
 <node id="9713498596" visible="true" version="1" changeset="120534083" timestamp="2022-05-04T09:36:07Z" user="cqrCpf7Ce_A7" uid="3620913" lat="40.0005749" lon="116.1917685"/>
 <node id="9713498597" visible="true" version="1" changeset="120534083" timestamp="2022-05-04T09:36:07Z" user="cqrCpf7Ce_A7" uid="3620913" lat="40.0007296" lon="116.1918314"/>
 <node id="9713498598" visible="true" version="1" changeset="120534083" timestamp="2022-05-04T09:36:07Z" user="cqrCpf7Ce_A7" uid="3620913" lat="40.0008431" lon="116.1918852"/>
 <node id="9713498599" visible="true" version="1" changeset="120534083" timestamp="2022-05-04T09:36:07Z" user="cqrCpf7Ce_A7" uid="3620913" lat="40.0010528" lon="116.1919570"/>
 <node id="9713498600" visible="true" version="1" changeset="120534083" timestamp="2022-05-04T09:36:07Z" user="cqrCpf7Ce_A7" uid="3620913" lat="40.0013141" lon="116.1920647"/>
 <node id="9713498601" visible="true" version="1" changeset="120534083" timestamp="2022-05-04T09:36:07Z" user="cqrCpf7Ce_A7" uid="3620913" lat="40.0014413" lon="116.1921590"/>
 <node id="9713498602" visible="true" version="1" changeset="120534083" timestamp="2022-05-04T09:36:07Z" user="cqrCpf7Ce_A7" uid="3620913" lat="40.0015651" lon="116.1922802"/>
 <node id="9713498603" visible="true" version="1" changeset="120534083" timestamp="2022-05-04T09:36:07Z" user="cqrCpf7Ce_A7" uid="3620913" lat="40.0017645" lon="116.1923789"/>
 <node id="9713498604" visible="true" version="1" changeset="120534083" timestamp="2022-05-04T09:36:07Z" user="cqrCpf7Ce_A7" uid="3620913" lat="40.0019020" lon="116.1923565"/>
 <node id="9713498605" visible="true" version="1" changeset="120534083" timestamp="2022-05-04T09:36:07Z" user="cqrCpf7Ce_A7" uid="3620913" lat="40.0020292" lon="116.1922757"/>
 <node id="9713498606" visible="true" version="1" changeset="120534083" timestamp="2022-05-04T09:36:07Z" user="cqrCpf7Ce_A7" uid="3620913" lat="40.0021019" lon="116.1923224"/>
 <node id="9713498607" visible="true" version="1" changeset="120534083" timestamp="2022-05-04T09:36:07Z" user="cqrCpf7Ce_A7" uid="3620913" lat="39.9997532" lon="116.1918987"/>
 <node id="9713498608" visible="true" version="1" changeset="120534083" timestamp="2022-05-04T09:36:07Z" user="cqrCpf7Ce_A7" uid="3620913" lat="39.9995710" lon="116.1919840"/>
 <node id="9713498609" visible="true" version="1" changeset="120534083" timestamp="2022-05-04T09:36:07Z" user="cqrCpf7Ce_A7" uid="3620913" lat="39.9995125" lon="116.1921096"/>
 <node id="9713498610" visible="true" version="1" changeset="120534083" timestamp="2022-05-04T09:36:07Z" user="cqrCpf7Ce_A7" uid="3620913" lat="39.9993578" lon="116.1921904"/>
 <node id="9713498611" visible="true" version="1" changeset="120534083" timestamp="2022-05-04T09:36:07Z" user="cqrCpf7Ce_A7" uid="3620913" lat="39.9992340" lon="116.1922488"/>
 <node id="9713498612" visible="true" version="1" changeset="120534083" timestamp="2022-05-04T09:36:07Z" user="cqrCpf7Ce_A7" uid="3620913" lat="39.9991790" lon="116.1922981"/>
 <node id="9713498613" visible="true" version="1" changeset="120534083" timestamp="2022-05-04T09:36:07Z" user="cqrCpf7Ce_A7" uid="3620913" lat="39.9990552" lon="116.1921770"/>
 <node id="9713498614" visible="true" version="1" changeset="120534083" timestamp="2022-05-04T09:36:07Z" user="cqrCpf7Ce_A7" uid="3620913" lat="39.9989487" lon="116.1922308"/>
 <node id="9713498615" visible="true" version="1" changeset="120534083" timestamp="2022-05-04T09:36:07Z" user="cqrCpf7Ce_A7" uid="3620913" lat="39.9988249" lon="116.1922084"/>
 <node id="9713498616" visible="true" version="1" changeset="120534083" timestamp="2022-05-04T09:36:07Z" user="cqrCpf7Ce_A7" uid="3620913" lat="39.9987561" lon="116.1921680"/>
 <node id="9713498617" visible="true" version="1" changeset="120534083" timestamp="2022-05-04T09:36:07Z" user="cqrCpf7Ce_A7" uid="3620913" lat="39.9986083" lon="116.1920647"/>
 <node id="9713498618" visible="true" version="1" changeset="120534083" timestamp="2022-05-04T09:36:07Z" user="cqrCpf7Ce_A7" uid="3620913" lat="39.9984398" lon="116.1920288"/>
 <node id="9713498619" visible="true" version="1" changeset="120534083" timestamp="2022-05-04T09:36:07Z" user="cqrCpf7Ce_A7" uid="3620913" lat="39.9988042" lon="116.1923071"/>
 <node id="9713498620" visible="true" version="1" changeset="120534083" timestamp="2022-05-04T09:36:07Z" user="cqrCpf7Ce_A7" uid="3620913" lat="39.9989383" lon="116.1925450"/>
 <node id="9713498621" visible="true" version="1" changeset="120534083" timestamp="2022-05-04T09:36:07Z" user="cqrCpf7Ce_A7" uid="3620913" lat="39.9989865" lon="116.1926751"/>
 <node id="9713498622" visible="true" version="1" changeset="120534083" timestamp="2022-05-04T09:36:07Z" user="cqrCpf7Ce_A7" uid="3620913" lat="39.9989796" lon="116.1928188"/>
 <node id="9713498623" visible="true" version="1" changeset="120534083" timestamp="2022-05-04T09:36:07Z" user="cqrCpf7Ce_A7" uid="3620913" lat="39.9989280" lon="116.1929848"/>
 <node id="9713498624" visible="true" version="1" changeset="120534083" timestamp="2022-05-04T09:36:07Z" user="cqrCpf7Ce_A7" uid="3620913" lat="39.9995778" lon="116.1918583"/>
 <node id="9713498625" visible="true" version="1" changeset="120534083" timestamp="2022-05-04T09:36:07Z" user="cqrCpf7Ce_A7" uid="3620913" lat="39.9995606" lon="116.1916653"/>
 <node id="9713498626" visible="true" version="1" changeset="120534083" timestamp="2022-05-04T09:36:07Z" user="cqrCpf7Ce_A7" uid="3620913" lat="39.9995091" lon="116.1915711"/>
 <node id="9713498627" visible="true" version="1" changeset="120534083" timestamp="2022-05-04T09:36:07Z" user="cqrCpf7Ce_A7" uid="3620913" lat="39.9994300" lon="116.1914544"/>
 <node id="9713498628" visible="true" version="1" changeset="120534083" timestamp="2022-05-04T09:36:07Z" user="cqrCpf7Ce_A7" uid="3620913" lat="39.9993681" lon="116.1913825"/>
 <node id="9713498629" visible="true" version="1" changeset="120534083" timestamp="2022-05-04T09:36:07Z" user="cqrCpf7Ce_A7" uid="3620913" lat="39.9993097" lon="116.1913601"/>
 <node id="9713498630" visible="true" version="1" changeset="120534083" timestamp="2022-05-04T09:36:07Z" user="cqrCpf7Ce_A7" uid="3620913" lat="39.9992581" lon="116.1912524"/>
 <node id="9713498631" visible="true" version="1" changeset="120534083" timestamp="2022-05-04T09:36:07Z" user="cqrCpf7Ce_A7" uid="3620913" lat="39.9992271" lon="116.1910684"/>
 <node id="9713498632" visible="true" version="1" changeset="120534083" timestamp="2022-05-04T09:36:07Z" user="cqrCpf7Ce_A7" uid="3620913" lat="39.9992856" lon="116.1909786"/>
 <node id="9713498633" visible="true" version="1" changeset="120534083" timestamp="2022-05-04T09:36:07Z" user="cqrCpf7Ce_A7" uid="3620913" lat="39.9993062" lon="116.1908844"/>
 <node id="9713498634" visible="true" version="1" changeset="120534083" timestamp="2022-05-04T09:36:07Z" user="cqrCpf7Ce_A7" uid="3620913" lat="39.9992856" lon="116.1907766"/>
 <node id="9713498635" visible="true" version="1" changeset="120534083" timestamp="2022-05-04T09:36:07Z" user="cqrCpf7Ce_A7" uid="3620913" lat="39.9993784" lon="116.1906016"/>
 <node id="9713498636" visible="true" version="1" changeset="120534083" timestamp="2022-05-04T09:36:07Z" user="cqrCpf7Ce_A7" uid="3620913" lat="39.9995159" lon="116.1904176"/>
 <node id="9713498637" visible="true" version="1" changeset="120534083" timestamp="2022-05-04T09:36:07Z" user="cqrCpf7Ce_A7" uid="3620913" lat="39.9996500" lon="116.1901483"/>
 <node id="9713498638" visible="true" version="1" changeset="120534083" timestamp="2022-05-04T09:36:07Z" user="cqrCpf7Ce_A7" uid="3620913" lat="39.9998185" lon="116.1900585"/>
 <node id="9713498639" visible="true" version="1" changeset="120534083" timestamp="2022-05-04T09:36:07Z" user="cqrCpf7Ce_A7" uid="3620913" lat="40.0000541" lon="116.1899608"/>
 <node id="9713498640" visible="true" version="1" changeset="120534083" timestamp="2022-05-04T09:36:07Z" user="cqrCpf7Ce_A7" uid="3620913" lat="40.0048242" lon="116.1907632"/>
 <node id="9713498641" visible="true" version="1" changeset="120534083" timestamp="2022-05-04T09:36:07Z" user="cqrCpf7Ce_A7" uid="3620913" lat="40.0049343" lon="116.1907991"/>
 <node id="9713498642" visible="true" version="1" changeset="120534083" timestamp="2022-05-04T09:36:07Z" user="cqrCpf7Ce_A7" uid="3620913" lat="40.0049377" lon="116.1910325"/>
 <node id="9713498643" visible="true" version="1" changeset="120534083" timestamp="2022-05-04T09:36:07Z" user="cqrCpf7Ce_A7" uid="3620913" lat="40.0050787" lon="116.1911940"/>
 <node id="9713498644" visible="true" version="1" changeset="120534083" timestamp="2022-05-04T09:36:07Z" user="cqrCpf7Ce_A7" uid="3620913" lat="40.0051715" lon="116.1912344"/>
 <node id="9713498645" visible="true" version="1" changeset="120534083" timestamp="2022-05-04T09:36:07Z" user="cqrCpf7Ce_A7" uid="3620913" lat="40.0051062" lon="116.1913960"/>
 <node id="9713498646" visible="true" version="1" changeset="120534083" timestamp="2022-05-04T09:36:07Z" user="cqrCpf7Ce_A7" uid="3620913" lat="40.0050773" lon="116.1915193"/>
 <node id="9713498647" visible="true" version="1" changeset="120534083" timestamp="2022-05-04T09:36:07Z" user="cqrCpf7Ce_A7" uid="3620913" lat="40.0051938" lon="116.1913018"/>
 <node id="9713498648" visible="true" version="1" changeset="120534083" timestamp="2022-05-04T09:36:07Z" user="cqrCpf7Ce_A7" uid="3620913" lat="40.0062991" lon="116.1923475"/>
 <node id="9713498649" visible="true" version="1" changeset="120534083" timestamp="2022-05-04T09:36:07Z" user="cqrCpf7Ce_A7" uid="3620913" lat="40.0062750" lon="116.1922218"/>
 <node id="9713498650" visible="true" version="1" changeset="120534083" timestamp="2022-05-04T09:36:07Z" user="cqrCpf7Ce_A7" uid="3620913" lat="40.0063094" lon="116.1920468"/>
 <node id="9713498651" visible="true" version="1" changeset="120534083" timestamp="2022-05-04T09:36:07Z" user="cqrCpf7Ce_A7" uid="3620913" lat="40.0064779" lon="116.1918807"/>
 <node id="9713498652" visible="true" version="1" changeset="120534083" timestamp="2022-05-04T09:36:07Z" user="cqrCpf7Ce_A7" uid="3620913" lat="40.0065019" lon="116.1917416"/>
 <node id="9713498653" visible="true" version="1" changeset="120534083" timestamp="2022-05-04T09:36:07Z" user="cqrCpf7Ce_A7" uid="3620913" lat="40.0064057" lon="116.1915890"/>
 <node id="9713498654" visible="true" version="1" changeset="120534083" timestamp="2022-05-04T09:36:07Z" user="cqrCpf7Ce_A7" uid="3620913" lat="40.0062819" lon="116.1915800"/>
 <node id="9713498655" visible="true" version="1" changeset="120534083" timestamp="2022-05-04T09:36:07Z" user="cqrCpf7Ce_A7" uid="3620913" lat="40.0061960" lon="116.1913960"/>
 <node id="9713498656" visible="true" version="1" changeset="120534083" timestamp="2022-05-04T09:36:07Z" user="cqrCpf7Ce_A7" uid="3620913" lat="40.0061513" lon="116.1912165"/>
 <node id="9713498657" visible="true" version="1" changeset="120534083" timestamp="2022-05-04T09:36:07Z" user="cqrCpf7Ce_A7" uid="3620913" lat="40.0061719" lon="116.1910459"/>
 <node id="9713498658" visible="true" version="1" changeset="120534083" timestamp="2022-05-04T09:36:07Z" user="cqrCpf7Ce_A7" uid="3620913" lat="40.0123631" lon="116.1900585"/>
 <node id="9713498659" visible="true" version="1" changeset="120534083" timestamp="2022-05-04T09:36:07Z" user="cqrCpf7Ce_A7" uid="3620913" lat="40.0122978" lon="116.1902426"/>
 <node id="9713498660" visible="true" version="1" changeset="120534083" timestamp="2022-05-04T09:36:07Z" user="cqrCpf7Ce_A7" uid="3620913" lat="40.0121397" lon="116.1903996"/>
 <node id="9713498661" visible="true" version="1" changeset="120534083" timestamp="2022-05-04T09:36:07Z" user="cqrCpf7Ce_A7" uid="3620913" lat="40.0120194" lon="116.1905029"/>
 <node id="9713498662" visible="true" version="1" changeset="120534083" timestamp="2022-05-04T09:36:07Z" user="cqrCpf7Ce_A7" uid="3620913" lat="40.0118578" lon="116.1905567"/>
 <node id="9713498663" visible="true" version="1" changeset="120534083" timestamp="2022-05-04T09:36:07Z" user="cqrCpf7Ce_A7" uid="3620913" lat="40.0116928" lon="116.1906151"/>
 <node id="9717972810" visible="true" version="1" changeset="120586786" timestamp="2022-05-05T12:21:05Z" user="cqrCpf7Ce_A7" uid="3620913" lat="39.9934133" lon="116.1970695"/>
 <node id="9717972815" visible="true" version="1" changeset="120586786" timestamp="2022-05-05T12:21:05Z" user="cqrCpf7Ce_A7" uid="3620913" lat="39.9935017" lon="116.1966707"/>
 <node id="9717988417" visible="true" version="1" changeset="120586786" timestamp="2022-05-05T12:21:05Z" user="cqrCpf7Ce_A7" uid="3620913" lat="39.9935859" lon="116.1965777"/>
 <node id="9717988472" visible="true" version="1" changeset="120586786" timestamp="2022-05-05T12:21:05Z" user="cqrCpf7Ce_A7" uid="3620913" lat="39.9955983" lon="116.1953280"/>
 <node id="9717988473" visible="true" version="1" changeset="120586786" timestamp="2022-05-05T12:21:05Z" user="cqrCpf7Ce_A7" uid="3620913" lat="39.9956190" lon="116.1956388"/>
 <node id="9717988585" visible="true" version="1" changeset="120586786" timestamp="2022-05-05T12:21:05Z" user="cqrCpf7Ce_A7" uid="3620913" lat="39.9941160" lon="116.1959777"/>
 <node id="9717988586" visible="true" version="1" changeset="120586786" timestamp="2022-05-05T12:21:05Z" user="cqrCpf7Ce_A7" uid="3620913" lat="39.9939672" lon="116.1960139"/>
 <node id="9717988587" visible="true" version="1" changeset="120586786" timestamp="2022-05-05T12:21:05Z" user="cqrCpf7Ce_A7" uid="3620913" lat="39.9939825" lon="116.1961208"/>
 <node id="9717988588" visible="true" version="1" changeset="120586786" timestamp="2022-05-05T12:21:05Z" user="cqrCpf7Ce_A7" uid="3620913" lat="39.9941312" lon="116.1960845"/>
 <node id="9717988589" visible="true" version="1" changeset="120586786" timestamp="2022-05-05T12:21:05Z" user="cqrCpf7Ce_A7" uid="3620913" lat="39.9941706" lon="116.1956615"/>
 <node id="9717988590" visible="true" version="1" changeset="120586786" timestamp="2022-05-05T12:21:05Z" user="cqrCpf7Ce_A7" uid="3620913" lat="39.9941569" lon="116.1958386"/>
 <node id="9717988591" visible="true" version="1" changeset="120586786" timestamp="2022-05-05T12:21:05Z" user="cqrCpf7Ce_A7" uid="3620913" lat="39.9940983" lon="116.1958309"/>
 <node id="9717988592" visible="true" version="1" changeset="120586786" timestamp="2022-05-05T12:21:05Z" user="cqrCpf7Ce_A7" uid="3620913" lat="39.9941119" lon="116.1956538"/>
 <node id="9717988593" visible="true" version="1" changeset="120586786" timestamp="2022-05-05T12:21:05Z" user="cqrCpf7Ce_A7" uid="3620913" lat="39.9941556" lon="116.1960714"/>
 <node id="9717988594" visible="true" version="1" changeset="120586786" timestamp="2022-05-05T12:21:05Z" user="cqrCpf7Ce_A7" uid="3620913" lat="39.9942543" lon="116.1960678"/>
 <node id="9717988595" visible="true" version="1" changeset="120586786" timestamp="2022-05-05T12:21:05Z" user="cqrCpf7Ce_A7" uid="3620913" lat="39.9942532" lon="116.1960170"/>
 <node id="9717988596" visible="true" version="1" changeset="120586786" timestamp="2022-05-05T12:21:05Z" user="cqrCpf7Ce_A7" uid="3620913" lat="39.9941983" lon="116.1960190"/>
 <node id="9717988597" visible="true" version="1" changeset="120586786" timestamp="2022-05-05T12:21:05Z" user="cqrCpf7Ce_A7" uid="3620913" lat="39.9941968" lon="116.1959476"/>
 <node id="9717988598" visible="true" version="1" changeset="120586786" timestamp="2022-05-05T12:21:05Z" user="cqrCpf7Ce_A7" uid="3620913" lat="39.9941530" lon="116.1959491"/>
 <node id="9717988599" visible="true" version="1" changeset="120586786" timestamp="2022-05-05T12:21:05Z" user="cqrCpf7Ce_A7" uid="3620913" lat="39.9942253" lon="116.1958314"/>
 <node id="9717988600" visible="true" version="1" changeset="120586786" timestamp="2022-05-05T12:21:05Z" user="cqrCpf7Ce_A7" uid="3620913" lat="39.9941869" lon="116.1958453"/>
 <node id="9717988601" visible="true" version="1" changeset="120586786" timestamp="2022-05-05T12:21:05Z" user="cqrCpf7Ce_A7" uid="3620913" lat="39.9942161" lon="116.1959832"/>
 <node id="9717988602" visible="true" version="1" changeset="120586786" timestamp="2022-05-05T12:21:05Z" user="cqrCpf7Ce_A7" uid="3620913" lat="39.9942545" lon="116.1959694"/>
 <node id="9717988603" visible="true" version="1" changeset="120586786" timestamp="2022-05-05T12:21:05Z" user="cqrCpf7Ce_A7" uid="3620913" lat="39.9943882" lon="116.1958335"/>
 <node id="9717988604" visible="true" version="1" changeset="120586786" timestamp="2022-05-05T12:21:05Z" user="cqrCpf7Ce_A7" uid="3620913" lat="39.9942467" lon="116.1958688"/>
 <node id="9717988605" visible="true" version="1" changeset="120586786" timestamp="2022-05-05T12:21:05Z" user="cqrCpf7Ce_A7" uid="3620913" lat="39.9942540" lon="116.1959181"/>
 <node id="9717988606" visible="true" version="1" changeset="120586786" timestamp="2022-05-05T12:21:05Z" user="cqrCpf7Ce_A7" uid="3620913" lat="39.9942909" lon="116.1959089"/>
 <node id="9717988607" visible="true" version="1" changeset="120586786" timestamp="2022-05-05T12:21:05Z" user="cqrCpf7Ce_A7" uid="3620913" lat="39.9943094" lon="116.1960349"/>
 <node id="9717988608" visible="true" version="1" changeset="120586786" timestamp="2022-05-05T12:21:05Z" user="cqrCpf7Ce_A7" uid="3620913" lat="39.9944139" lon="116.1960088"/>
 <node id="9717988609" visible="true" version="1" changeset="120586786" timestamp="2022-05-05T12:21:05Z" user="cqrCpf7Ce_A7" uid="3620913" lat="39.9943834" lon="116.1958193"/>
 <node id="9717988610" visible="true" version="1" changeset="120586786" timestamp="2022-05-05T12:21:05Z" user="cqrCpf7Ce_A7" uid="3620913" lat="39.9942374" lon="116.1958640"/>
 <node id="9717988611" visible="true" version="1" changeset="120586786" timestamp="2022-05-05T12:21:05Z" user="cqrCpf7Ce_A7" uid="3620913" lat="39.9942058" lon="116.1956877"/>
 <node id="9717988612" visible="true" version="1" changeset="120586786" timestamp="2022-05-05T12:21:05Z" user="cqrCpf7Ce_A7" uid="3620913" lat="39.9943517" lon="116.1956431"/>
 <node id="9717988613" visible="true" version="1" changeset="120586786" timestamp="2022-05-05T12:21:05Z" user="cqrCpf7Ce_A7" uid="3620913" lat="39.9944087" lon="116.1954703"/>
 <node id="9717988614" visible="true" version="1" changeset="120586786" timestamp="2022-05-05T12:21:05Z" user="cqrCpf7Ce_A7" uid="3620913" lat="39.9943360" lon="116.1954912"/>
 <node id="9717988615" visible="true" version="1" changeset="120586786" timestamp="2022-05-05T12:21:05Z" user="cqrCpf7Ce_A7" uid="3620913" lat="39.9944196" lon="116.1959852"/>
 <node id="9717988616" visible="true" version="1" changeset="120586786" timestamp="2022-05-05T12:21:05Z" user="cqrCpf7Ce_A7" uid="3620913" lat="39.9945702" lon="116.1959418"/>
 <node id="9717988617" visible="true" version="1" changeset="120586786" timestamp="2022-05-05T12:21:05Z" user="cqrCpf7Ce_A7" uid="3620913" lat="39.9945510" lon="116.1958279"/>
 <node id="9717988618" visible="true" version="1" changeset="120586786" timestamp="2022-05-05T12:21:05Z" user="cqrCpf7Ce_A7" uid="3620913" lat="39.9944388" lon="116.1958602"/>
 <node id="9717988619" visible="true" version="1" changeset="120586786" timestamp="2022-05-05T12:21:05Z" user="cqrCpf7Ce_A7" uid="3620913" lat="39.9944204" lon="116.1957511"/>
 <node id="9717988620" visible="true" version="1" changeset="120586786" timestamp="2022-05-05T12:21:05Z" user="cqrCpf7Ce_A7" uid="3620913" lat="39.9944635" lon="116.1957387"/>
 <node id="9717988621" visible="true" version="1" changeset="120586786" timestamp="2022-05-05T12:21:05Z" user="cqrCpf7Ce_A7" uid="3620913" lat="39.9944505" lon="116.1956621"/>
 <node id="9717988622" visible="true" version="1" changeset="120586786" timestamp="2022-05-05T12:21:05Z" user="cqrCpf7Ce_A7" uid="3620913" lat="39.9943981" lon="116.1956772"/>
 <node id="9717988623" visible="true" version="1" changeset="120586786" timestamp="2022-05-05T12:21:05Z" user="cqrCpf7Ce_A7" uid="3620913" lat="39.9943750" lon="116.1955405"/>
 <node id="9717988624" visible="true" version="1" changeset="120586786" timestamp="2022-05-05T12:21:05Z" user="cqrCpf7Ce_A7" uid="3620913" lat="39.9944185" lon="116.1955280"/>
 <node id="9717988625" visible="true" version="1" changeset="120586786" timestamp="2022-05-05T12:21:05Z" user="cqrCpf7Ce_A7" uid="3620913" lat="39.9944675" lon="116.1957274"/>
 <node id="9717988626" visible="true" version="1" changeset="120586786" timestamp="2022-05-05T12:21:05Z" user="cqrCpf7Ce_A7" uid="3620913" lat="39.9944858" lon="116.1958272"/>
 <node id="9717988627" visible="true" version="1" changeset="120586786" timestamp="2022-05-05T12:21:05Z" user="cqrCpf7Ce_A7" uid="3620913" lat="39.9945524" lon="116.1958064"/>
 <node id="9717988628" visible="true" version="1" changeset="120586786" timestamp="2022-05-05T12:21:05Z" user="cqrCpf7Ce_A7" uid="3620913" lat="39.9944873" lon="116.1954512"/>
 <node id="9717988629" visible="true" version="1" changeset="120586786" timestamp="2022-05-05T12:21:05Z" user="cqrCpf7Ce_A7" uid="3620913" lat="39.9944423" lon="116.1954653"/>
 <node id="9717988630" visible="true" version="1" changeset="120586786" timestamp="2022-05-05T12:21:05Z" user="cqrCpf7Ce_A7" uid="3620913" lat="39.9944892" lon="116.1957206"/>
 <node id="9797817682" visible="true" version="1" changeset="122005427" timestamp="2022-06-06T06:06:19Z" user="Nikolai E" uid="11658376" lat="39.9970018" lon="116.1944720"/>
 <node id="9797817683" visible="true" version="1" changeset="122005427" timestamp="2022-06-06T06:06:19Z" user="Nikolai E" uid="11658376" lat="39.9976176" lon="116.1942959"/>
 <node id="9797817684" visible="true" version="1" changeset="122005427" timestamp="2022-06-06T06:06:19Z" user="Nikolai E" uid="11658376" lat="39.9974182" lon="116.1929333"/>
 <node id="9797817685" visible="true" version="1" changeset="122005427" timestamp="2022-06-06T06:06:19Z" user="Nikolai E" uid="11658376" lat="39.9968767" lon="116.1930813"/>
 <node id="9797817686" visible="true" version="1" changeset="122005427" timestamp="2022-06-06T06:06:19Z" user="Nikolai E" uid="11658376" lat="39.9968220" lon="116.1934896"/>
 <node id="9797817687" visible="true" version="1" changeset="122005427" timestamp="2022-06-06T06:06:19Z" user="Nikolai E" uid="11658376" lat="39.9910970" lon="116.1904671"/>
 <node id="9797817688" visible="true" version="1" changeset="122005427" timestamp="2022-06-06T06:06:19Z" user="Nikolai E" uid="11658376" lat="39.9913859" lon="116.1903335"/>
 <node id="9797817689" visible="true" version="1" changeset="122005427" timestamp="2022-06-06T06:06:19Z" user="Nikolai E" uid="11658376" lat="39.9914302" lon="116.1906457"/>
 <node id="9797817690" visible="true" version="1" changeset="122005427" timestamp="2022-06-06T06:06:19Z" user="Nikolai E" uid="11658376" lat="39.9915283" lon="116.1906204"/>
 <node id="9797817691" visible="true" version="1" changeset="122005427" timestamp="2022-06-06T06:06:19Z" user="Nikolai E" uid="11658376" lat="39.9915864" lon="116.1910806"/>
 <node id="9797817692" visible="true" version="1" changeset="122005427" timestamp="2022-06-06T06:06:19Z" user="Nikolai E" uid="11658376" lat="39.9912118" lon="116.1911112"/>
 <node id="9966134395" visible="true" version="1" changeset="125150949" timestamp="2022-08-20T14:48:20Z" user="cqrCpf7Ce_A7" uid="3620913" lat="40.0026256" lon="116.1849922"/>
 <node id="9966134397" visible="true" version="1" changeset="125150949" timestamp="2022-08-20T14:48:20Z" user="cqrCpf7Ce_A7" uid="3620913" lat="40.0037062" lon="116.1866240"/>
 <node id="9966190040" visible="true" version="1" changeset="125150949" timestamp="2022-08-20T14:48:20Z" user="cqrCpf7Ce_A7" uid="3620913" lat="40.0043812" lon="116.1848833"/>
 <node id="10171383801" visible="true" version="1" changeset="128685806" timestamp="2022-11-09T12:37:06Z" user="shanhulittle" uid="11213533" lat="40.0010702" lon="116.1876985"/>
 <node id="10171383802" visible="true" version="1" changeset="128685806" timestamp="2022-11-09T12:37:06Z" user="shanhulittle" uid="11213533" lat="40.0010597" lon="116.1878780"/>
 <node id="10171383803" visible="true" version="1" changeset="128685806" timestamp="2022-11-09T12:37:06Z" user="shanhulittle" uid="11213533" lat="40.0008346" lon="116.1881170"/>
 <node id="10171383804" visible="true" version="1" changeset="128685806" timestamp="2022-11-09T12:37:06Z" user="shanhulittle" uid="11213533" lat="40.0004191" lon="116.1879268"/>
 <node id="10171383805" visible="true" version="1" changeset="128685806" timestamp="2022-11-09T12:37:06Z" user="shanhulittle" uid="11213533" lat="40.0002406" lon="116.1878967"/>
 <node id="10171383806" visible="true" version="1" changeset="128685806" timestamp="2022-11-09T12:37:06Z" user="shanhulittle" uid="11213533" lat="39.9995719" lon="116.1882385"/>
 <node id="10171383807" visible="true" version="1" changeset="128685806" timestamp="2022-11-09T12:37:06Z" user="shanhulittle" uid="11213533" lat="39.9995014" lon="116.1881755"/>
 <node id="10171383808" visible="true" version="1" changeset="128685806" timestamp="2022-11-09T12:37:06Z" user="shanhulittle" uid="11213533" lat="39.9991536" lon="116.1885233"/>
 <node id="10171383809" visible="true" version="1" changeset="128685806" timestamp="2022-11-09T12:37:06Z" user="shanhulittle" uid="11213533" lat="39.9991592" lon="116.1885865"/>
 <node id="10171383810" visible="true" version="1" changeset="128685806" timestamp="2022-11-09T12:37:06Z" user="shanhulittle" uid="11213533" lat="39.9974402" lon="116.1860829"/>
 <node id="10171383811" visible="true" version="1" changeset="128685806" timestamp="2022-11-09T12:37:06Z" user="shanhulittle" uid="11213533" lat="39.9974940" lon="116.1860888"/>
 <node id="10171383812" visible="true" version="1" changeset="128685806" timestamp="2022-11-09T12:37:06Z" user="shanhulittle" uid="11213533" lat="39.9975765" lon="116.1860879"/>
 <node id="10171383813" visible="true" version="1" changeset="128685806" timestamp="2022-11-09T12:37:06Z" user="shanhulittle" uid="11213533" lat="39.9981973" lon="116.1858703"/>
 <node id="10171383814" visible="true" version="1" changeset="128685806" timestamp="2022-11-09T12:37:06Z" user="shanhulittle" uid="11213533" lat="39.9982443" lon="116.1858744"/>
 <node id="10171383815" visible="true" version="1" changeset="128685806" timestamp="2022-11-09T12:37:06Z" user="shanhulittle" uid="11213533" lat="39.9982981" lon="116.1859097"/>
 <node id="10171383816" visible="true" version="1" changeset="128685806" timestamp="2022-11-09T12:37:06Z" user="shanhulittle" uid="11213533" lat="39.9987823" lon="116.1862518"/>
 <node id="10171383817" visible="true" version="1" changeset="128685806" timestamp="2022-11-09T12:37:06Z" user="shanhulittle" uid="11213533" lat="39.9992995" lon="116.1864346"/>
 <node id="10171383818" visible="true" version="1" changeset="128685806" timestamp="2022-11-09T12:37:06Z" user="shanhulittle" uid="11213533" lat="39.9968882" lon="116.1903957"/>
 <node id="10171383819" visible="true" version="1" changeset="128685806" timestamp="2022-11-09T12:37:06Z" user="shanhulittle" uid="11213533" lat="39.9968209" lon="116.1903265"/>
 <node id="10171383820" visible="true" version="1" changeset="128685806" timestamp="2022-11-09T12:37:06Z" user="shanhulittle" uid="11213533" lat="39.9965905" lon="116.1903413"/>
 <node id="10171383821" visible="true" version="1" changeset="128685806" timestamp="2022-11-09T12:37:06Z" user="shanhulittle" uid="11213533" lat="39.9917540" lon="116.1918925"/>
 <node id="10171383822" visible="true" version="1" changeset="128685806" timestamp="2022-11-09T12:37:06Z" user="shanhulittle" uid="11213533" lat="39.9924766" lon="116.1920105"/>
 <node id="10171383823" visible="true" version="1" changeset="128685806" timestamp="2022-11-09T12:37:06Z" user="shanhulittle" uid="11213533" lat="39.9919302" lon="116.1918441"/>
 <node id="10171383824" visible="true" version="1" changeset="128685806" timestamp="2022-11-09T12:37:06Z" user="shanhulittle" uid="11213533" lat="39.9917912" lon="116.1909955"/>
 <node id="10171383825" visible="true" version="1" changeset="128685806" timestamp="2022-11-09T12:37:06Z" user="shanhulittle" uid="11213533" lat="39.9918212" lon="116.1907364"/>
 <node id="10171383826" visible="true" version="1" changeset="128685806" timestamp="2022-11-09T12:37:06Z" user="shanhulittle" uid="11213533" lat="39.9918389" lon="116.1905862"/>
 <node id="10171383827" visible="true" version="1" changeset="128685806" timestamp="2022-11-09T12:37:06Z" user="shanhulittle" uid="11213533" lat="39.9932831" lon="116.1948040"/>
 <node id="10171383831" visible="true" version="1" changeset="128685806" timestamp="2022-11-09T12:37:06Z" user="shanhulittle" uid="11213533" lat="39.9938693" lon="116.1959042"/>
 <node id="10171383832" visible="true" version="1" changeset="128685806" timestamp="2022-11-09T12:37:06Z" user="shanhulittle" uid="11213533" lat="39.9938582" lon="116.1961711"/>
 <node id="10962565383" visible="true" version="1" changeset="137075793" timestamp="2023-06-08T01:08:57Z" user="Gongdao" uid="7120476" lat="39.9991423" lon="116.1935981"/>
 <node id="10962565384" visible="true" version="1" changeset="137075793" timestamp="2023-06-08T01:08:57Z" user="Gongdao" uid="7120476" lat="39.9993114" lon="116.1935569"/>
 <node id="10962565385" visible="true" version="1" changeset="137075793" timestamp="2023-06-08T01:08:57Z" user="Gongdao" uid="7120476" lat="39.9993860" lon="116.1934615"/>
 <node id="10962565386" visible="true" version="1" changeset="137075793" timestamp="2023-06-08T01:08:57Z" user="Gongdao" uid="7120476" lat="39.9996520" lon="116.1933477"/>
 <node id="10962565387" visible="true" version="1" changeset="137075793" timestamp="2023-06-08T01:08:57Z" user="Gongdao" uid="7120476" lat="39.9992445" lon="116.1932467"/>
 <node id="10962565388" visible="true" version="1" changeset="137075793" timestamp="2023-06-08T01:08:57Z" user="Gongdao" uid="7120476" lat="39.9983754" lon="116.1932748"/>
 <node id="10962565389" visible="true" version="1" changeset="137075793" timestamp="2023-06-08T01:08:57Z" user="Gongdao" uid="7120476" lat="39.9985251" lon="116.1938638"/>
 <node id="10962565390" visible="true" version="1" changeset="137075793" timestamp="2023-06-08T01:08:57Z" user="Gongdao" uid="7120476" lat="39.9981620" lon="116.1940683"/>
 <node id="10962565391" visible="true" version="1" changeset="137075793" timestamp="2023-06-08T01:08:57Z" user="Gongdao" uid="7120476" lat="39.9980397" lon="116.1945410"/>
 <node id="10962565392" visible="true" version="1" changeset="137075793" timestamp="2023-06-08T01:08:57Z" user="Gongdao" uid="7120476" lat="39.9983059" lon="116.1948016"/>
 <node id="10962565393" visible="true" version="1" changeset="137075793" timestamp="2023-06-08T01:08:57Z" user="Gongdao" uid="7120476" lat="39.9988609" lon="116.1947033"/>
 <node id="10962565394" visible="true" version="1" changeset="137075793" timestamp="2023-06-08T01:08:57Z" user="Gongdao" uid="7120476" lat="39.9990615" lon="116.1941309"/>
 <node id="10962565395" visible="true" version="1" changeset="137075793" timestamp="2023-06-08T01:08:57Z" user="Gongdao" uid="7120476" lat="39.9994129" lon="116.1940913"/>
 <node id="10962565396" visible="true" version="1" changeset="137075793" timestamp="2023-06-08T01:08:57Z" user="Gongdao" uid="7120476" lat="39.9994677" lon="116.1940159"/>
 <node id="10962565397" visible="true" version="1" changeset="137075793" timestamp="2023-06-08T01:08:57Z" user="Gongdao" uid="7120476" lat="39.9994276" lon="116.1935125"/>
 <node id="10971784208" visible="true" version="1" changeset="137255958" timestamp="2023-06-12T18:37:59Z" user="快乐的老鼠宝宝" uid="9403945" lat="39.9959859" lon="116.1951316"/>
 <node id="10971784209" visible="true" version="1" changeset="137255958" timestamp="2023-06-12T18:37:59Z" user="快乐的老鼠宝宝" uid="9403945" lat="39.9958056" lon="116.1951356"/>
 <node id="10971784210" visible="true" version="1" changeset="137255958" timestamp="2023-06-12T18:37:59Z" user="快乐的老鼠宝宝" uid="9403945" lat="39.9955987" lon="116.1956212"/>
 <node id="10971784211" visible="true" version="1" changeset="137255958" timestamp="2023-06-12T18:37:59Z" user="快乐的老鼠宝宝" uid="9403945" lat="39.9954910" lon="116.1957579"/>
 <node id="10971784212" visible="true" version="1" changeset="137255958" timestamp="2023-06-12T18:37:59Z" user="快乐的老鼠宝宝" uid="9403945" lat="39.9954983" lon="116.1961290"/>
 <node id="10971784213" visible="true" version="1" changeset="137255958" timestamp="2023-06-12T18:37:59Z" user="快乐的老鼠宝宝" uid="9403945" lat="39.9959272" lon="116.1961330"/>
 <node id="10971808192" visible="true" version="1" changeset="137256306" timestamp="2023-06-12T18:48:41Z" user="快乐的老鼠宝宝" uid="9403945" lat="39.9931826" lon="116.1946273"/>
 <node id="10971808193" visible="true" version="1" changeset="137256306" timestamp="2023-06-12T18:48:41Z" user="快乐的老鼠宝宝" uid="9403945" lat="39.9932343" lon="116.1948661"/>
 <node id="10971808194" visible="true" version="1" changeset="137256306" timestamp="2023-06-12T18:48:41Z" user="快乐的老鼠宝宝" uid="9403945" lat="39.9932240" lon="116.1955463"/>
 <node id="10971808195" visible="true" version="1" changeset="137256306" timestamp="2023-06-12T18:48:41Z" user="快乐的老鼠宝宝" uid="9403945" lat="39.9925441" lon="116.1966860"/>
 <node id="10971808196" visible="true" version="1" changeset="137256306" timestamp="2023-06-12T18:48:41Z" user="快乐的老鼠宝宝" uid="9403945" lat="39.9925476" lon="116.1970779"/>
 <node id="10971808197" visible="true" version="1" changeset="137256306" timestamp="2023-06-12T18:48:41Z" user="快乐的老鼠宝宝" uid="9403945" lat="39.9913466" lon="116.1970283"/>
 <node id="10971808198" visible="true" version="1" changeset="137256306" timestamp="2023-06-12T18:48:41Z" user="快乐的老鼠宝宝" uid="9403945" lat="39.9913155" lon="116.1951499"/>
 <node id="10971808199" visible="true" version="1" changeset="137256306" timestamp="2023-06-12T18:48:41Z" user="快乐的老鼠宝宝" uid="9403945" lat="39.9912327" lon="116.1943931"/>
 <node id="10971808200" visible="true" version="1" changeset="137256306" timestamp="2023-06-12T18:48:41Z" user="快乐的老鼠宝宝" uid="9403945" lat="39.9915364" lon="116.1943751"/>
 <node id="10971808201" visible="true" version="1" changeset="137256306" timestamp="2023-06-12T18:48:41Z" user="快乐的老鼠宝宝" uid="9403945" lat="39.9919781" lon="116.1946859"/>
 <node id="10971808202" visible="true" version="1" changeset="137256306" timestamp="2023-06-12T18:48:41Z" user="快乐的老鼠宝宝" uid="9403945" lat="39.9923067" lon="116.1929220"/>
 <node id="10971808203" visible="true" version="1" changeset="137256306" timestamp="2023-06-12T18:48:41Z" user="快乐的老鼠宝宝" uid="9403945" lat="39.9923255" lon="116.1929947"/>
 <node id="11691296855" visible="true" version="1" changeset="148214811" timestamp="2024-03-04T16:23:22Z" user="hikerake" uid="16028222" lat="39.9995027" lon="116.1926630"/>
 <node id="11691296856" visible="true" version="1" changeset="148214811" timestamp="2024-03-04T16:23:22Z" user="hikerake" uid="16028222" lat="39.9995398" lon="116.1925851"/>
 <node id="11691296857" visible="true" version="1" changeset="148214811" timestamp="2024-03-04T16:23:22Z" user="hikerake" uid="16028222" lat="39.9996169" lon="116.1924379"/>
 <node id="11691296858" visible="true" version="1" changeset="148214811" timestamp="2024-03-04T16:23:22Z" user="hikerake" uid="16028222" lat="39.9996489" lon="116.1923466"/>
 <node id="11691296859" visible="true" version="1" changeset="148214811" timestamp="2024-03-04T16:23:22Z" user="hikerake" uid="16028222" lat="39.9996430" lon="116.1922242"/>
 <node id="11691296860" visible="true" version="1" changeset="148214811" timestamp="2024-03-04T16:23:22Z" user="hikerake" uid="16028222" lat="39.9996288" lon="116.1921250"/>
 <node id="11691296861" visible="true" version="1" changeset="148214811" timestamp="2024-03-04T16:23:22Z" user="hikerake" uid="16028222" lat="39.9996098" lon="116.1920724"/>
 <node id="11691296862" visible="true" version="1" changeset="148214811" timestamp="2024-03-04T16:23:22Z" user="hikerake" uid="16028222" lat="39.9997439" lon="116.1929695"/>
 <node id="11691296863" visible="true" version="1" changeset="148214811" timestamp="2024-03-04T16:23:22Z" user="hikerake" uid="16028222" lat="39.9997969" lon="116.1930566"/>
 <node id="11691296871" visible="true" version="1" changeset="148214811" timestamp="2024-03-04T16:23:22Z" user="hikerake" uid="16028222" lat="39.9993295" lon="116.1948514">
  <tag k="natural" v="cave_entrance"/>
 </node>
 <node id="11691296872" visible="true" version="1" changeset="148214811" timestamp="2024-03-04T16:23:22Z" user="hikerake" uid="16028222" lat="40.0001580" lon="116.1921760">
  <tag k="name" v="万花西洞"/>
  <tag k="natural" v="cave_entrance"/>
 </node>
 <node id="11691296873" visible="true" version="1" changeset="148214811" timestamp="2024-03-04T16:23:22Z" user="hikerake" uid="16028222" lat="40.0003584" lon="116.1931146">
  <tag k="name" v="万花东洞"/>
  <tag k="natural" v="cave_entrance"/>
 </node>
 <node id="11691296906" visible="true" version="1" changeset="148214811" timestamp="2024-03-04T16:23:22Z" user="hikerake" uid="16028222" lat="40.0046307" lon="116.1857485"/>
 <node id="11691297126" visible="true" version="1" changeset="148214811" timestamp="2024-03-04T16:23:22Z" user="hikerake" uid="16028222" lat="40.0026165" lon="116.1851282"/>
 <node id="11691297223" visible="true" version="1" changeset="148214811" timestamp="2024-03-04T16:23:22Z" user="hikerake" uid="16028222" lat="40.0043285" lon="116.1872967"/>
 <node id="12691133683" visible="true" version="1" changeset="163953434" timestamp="2025-03-22T15:50:08Z" user="吕明臻" uid="21273429" lat="40.0109215" lon="116.1933561">
  <tag k="name" v="保卫华北石刻"/>
  <tag k="tourism" v="attraction"/>
 </node>
 <node id="12691133684" visible="true" version="1" changeset="163953434" timestamp="2025-03-22T15:50:08Z" user="吕明臻" uid="21273429" lat="40.0110628" lon="116.1929957">
  <tag k="name" v="石上松"/>
  <tag k="tourism" v="attraction"/>
 </node>
 <node id="13375771967" visible="true" version="1" changeset="175917377" timestamp="2025-12-14T12:40:38Z" user="福珠隆阿" uid="3744043" lat="40.0088257" lon="116.1961850"/>
 <node id="13375771968" visible="true" version="1" changeset="175917377" timestamp="2025-12-14T12:40:38Z" user="福珠隆阿" uid="3744043" lat="40.0090201" lon="116.1960122"/>
 <node id="13375771969" visible="true" version="1" changeset="175917377" timestamp="2025-12-14T12:40:38Z" user="福珠隆阿" uid="3744043" lat="40.0093146" lon="116.1958254"/>
 <node id="13375771970" visible="true" version="1" changeset="175917377" timestamp="2025-12-14T12:40:38Z" user="福珠隆阿" uid="3744043" lat="40.0095531" lon="116.1957959"/>
 <node id="13375771971" visible="true" version="1" changeset="175917377" timestamp="2025-12-14T12:40:38Z" user="福珠隆阿" uid="3744043" lat="40.0097355" lon="116.1958177"/>
 <node id="13375771972" visible="true" version="1" changeset="175917377" timestamp="2025-12-14T12:40:38Z" user="福珠隆阿" uid="3744043" lat="40.0098297" lon="116.1957943"/>
 <node id="13375771973" visible="true" version="1" changeset="175917377" timestamp="2025-12-14T12:40:38Z" user="福珠隆阿" uid="3744043" lat="40.0100419" lon="116.1955608"/>
 <node id="13375771974" visible="true" version="1" changeset="175917377" timestamp="2025-12-14T12:40:38Z" user="福珠隆阿" uid="3744043" lat="40.0102613" lon="116.1952666"/>
 <node id="13375771975" visible="true" version="1" changeset="175917377" timestamp="2025-12-14T12:40:38Z" user="福珠隆阿" uid="3744043" lat="40.0104544" lon="116.1950954"/>
 <node id="13375771976" visible="true" version="1" changeset="175917377" timestamp="2025-12-14T12:40:38Z" user="福珠隆阿" uid="3744043" lat="40.0106202" lon="116.1948012"/>
 <node id="13375771977" visible="true" version="1" changeset="175917377" timestamp="2025-12-14T12:40:38Z" user="福珠隆阿" uid="3744043" lat="40.0106977" lon="116.1944929"/>
 <node id="13375771978" visible="true" version="1" changeset="175917377" timestamp="2025-12-14T12:40:38Z" user="福珠隆阿" uid="3744043" lat="40.0106762" lon="116.1940929"/>
 <node id="13375771979" visible="true" version="1" changeset="175917377" timestamp="2025-12-14T12:40:38Z" user="福珠隆阿" uid="3744043" lat="40.0107883" lon="116.1937426"/>
 <node id="13375771980" visible="true" version="1" changeset="175917377" timestamp="2025-12-14T12:40:38Z" user="福珠隆阿" uid="3744043" lat="40.0110232" lon="116.1934079"/>
 <node id="13375771981" visible="true" version="1" changeset="175917377" timestamp="2025-12-14T12:40:38Z" user="福珠隆阿" uid="3744043" lat="40.0106373" lon="116.1946055"/>
 <node id="13375771982" visible="true" version="1" changeset="175917377" timestamp="2025-12-14T12:40:38Z" user="福珠隆阿" uid="3744043" lat="40.0111997" lon="116.1930734"/>
 <node id="13375771983" visible="true" version="1" changeset="175917377" timestamp="2025-12-14T12:40:38Z" user="福珠隆阿" uid="3744043" lat="40.0112541" lon="116.1931627"/>
 <node id="13375771984" visible="true" version="1" changeset="175917377" timestamp="2025-12-14T12:40:38Z" user="福珠隆阿" uid="3744043" lat="40.0111369" lon="116.1930230"/>
 <node id="13375771990" visible="true" version="1" changeset="175917377" timestamp="2025-12-14T12:40:38Z" user="福珠隆阿" uid="3744043" lat="39.9959966" lon="116.2028354"/>
 <node id="13586985435" visible="true" version="1" changeset="178857517" timestamp="2026-02-21T12:50:32Z" user="福珠隆阿" uid="3744043" lat="40.0110649" lon="116.1939033">
  <tag k="historic" v="memorial"/>
  <tag k="name" v="一二·九运动纪念亭"/>
 </node>
 <node id="13864276251" visible="true" version="1" changeset="183047737" timestamp="2026-05-23T02:40:01Z" user="nicerain" uid="23488627" lat="39.9942493" lon="116.1959375">
  <tag k="name" v="北辛村"/>
  <tag k="name:zh-Hant" v="北辛村"/>
  <tag k="place" v="neighbourhood"/>
 </node>
 <node id="13864291579" visible="true" version="1" changeset="183047737" timestamp="2026-05-23T02:40:06Z" user="nicerain" uid="23488627" lat="39.9918049" lon="116.1917353">
  <tag k="historic" v="yes"/>
  <tag k="name" v="北上坡"/>
  <tag k="name:zh-Hant" v="北上坡"/>
  <tag k="place" v="neighbourhood"/>
 </node>
 <way id="25004614" visible="true" version="8" changeset="115388257" timestamp="2021-12-26T14:22:42Z" user="cqrCpf7Ce_A7" uid="3620913">
  <nd ref="271822990"/>
  <nd ref="9367116479"/>
  <nd ref="271822992"/>
  <nd ref="271822993"/>
  <nd ref="271822994"/>
  <nd ref="9009116826"/>
  <nd ref="271822995"/>
  <nd ref="271822997"/>
  <nd ref="271822998"/>
  <nd ref="271822999"/>
  <nd ref="271823004"/>
  <nd ref="271823012"/>
  <nd ref="9367116477"/>
  <nd ref="271823013"/>
  <nd ref="9008140582"/>
  <nd ref="271823014"/>
  <nd ref="9009553759"/>
  <nd ref="271823015"/>
  <nd ref="9009116825"/>
  <nd ref="271823016"/>
  <nd ref="271823017"/>
  <nd ref="9050736793"/>
  <nd ref="271823019"/>
  <nd ref="9050736794"/>
  <nd ref="9008140640"/>
  <nd ref="9050736806"/>
  <nd ref="9009116827"/>
  <nd ref="9050736808"/>
  <tag k="highway" v="footway"/>
  <tag k="surface" v="unpaved"/>
  <tag k="tracktype" v="grade5"/>
 </way>
 <way id="25775108" visible="true" version="9" changeset="94429597" timestamp="2020-11-19T10:37:35Z" user="shanhulittle" uid="11213533">
  <nd ref="320894100"/>
  <nd ref="320896294"/>
  <nd ref="5172603782"/>
  <nd ref="320894119"/>
  <nd ref="6052232336"/>
  <nd ref="8141939847"/>
  <nd ref="624184802"/>
  <nd ref="5172603783"/>
  <nd ref="5172603784"/>
  <nd ref="624184803"/>
  <nd ref="624184804"/>
  <nd ref="624184805"/>
  <nd ref="2345157853"/>
  <nd ref="281141300"/>
  <nd ref="281141200"/>
  <nd ref="5172603785"/>
  <nd ref="281141770"/>
  <nd ref="5172603786"/>
  <nd ref="281141893"/>
  <tag k="highway" v="residential"/>
  <tag k="name" v="碧云寺路"/>
  <tag k="name:en" v="Bi Yun Si Road"/>
  <tag k="oneway" v="yes"/>
 </way>
 <way id="25775110" visible="true" version="9" changeset="128685806" timestamp="2022-11-09T12:37:06Z" user="shanhulittle" uid="11213533">
  <nd ref="1960527813"/>
  <nd ref="1960539117"/>
  <nd ref="10171383818"/>
  <nd ref="10171383819"/>
  <nd ref="1960539111"/>
  <nd ref="10171383820"/>
  <nd ref="1960539098"/>
  <nd ref="1960539124"/>
  <nd ref="1960539122"/>
  <nd ref="281141771"/>
  <nd ref="281141873"/>
  <nd ref="281141300"/>
  <tag k="highway" v="residential"/>
  <tag k="name" v="公主坟路"/>
 </way>
 <way id="25775111" visible="true" version="6" changeset="128685806" timestamp="2022-11-09T12:37:06Z" user="shanhulittle" uid="11213533">
  <nd ref="281141264"/>
  <nd ref="281141950"/>
  <nd ref="10171383810"/>
  <nd ref="10171383811"/>
  <nd ref="10171383812"/>
  <nd ref="281141896"/>
  <nd ref="281141892"/>
  <nd ref="281141904"/>
  <nd ref="10171383813"/>
  <nd ref="10171383814"/>
  <nd ref="10171383815"/>
  <nd ref="281141862"/>
  <nd ref="281141895"/>
  <nd ref="281141882"/>
  <nd ref="10171383816"/>
  <nd ref="281141867"/>
  <nd ref="281141897"/>
  <nd ref="10171383817"/>
  <nd ref="624184743"/>
  <nd ref="624184745"/>
  <nd ref="624184746"/>
  <nd ref="9017628998"/>
  <nd ref="9017628999"/>
  <nd ref="9017629000"/>
  <nd ref="9017629001"/>
  <nd ref="10171383801"/>
  <nd ref="9017629002"/>
  <nd ref="10171383802"/>
  <nd ref="9017629003"/>
  <nd ref="10171383803"/>
  <nd ref="9017629004"/>
  <nd ref="10171383804"/>
  <nd ref="9017629005"/>
  <nd ref="10171383805"/>
  <nd ref="9017629006"/>
  <nd ref="9017629007"/>
  <nd ref="10171383806"/>
  <nd ref="10171383807"/>
  <nd ref="9017629008"/>
  <nd ref="9017629032"/>
  <nd ref="9017629009"/>
  <nd ref="10171383808"/>
  <nd ref="10171383809"/>
  <nd ref="9239469743"/>
  <nd ref="9017629010"/>
  <nd ref="9239469742"/>
  <nd ref="9239469740"/>
  <nd ref="9239469741"/>
  <nd ref="9017629011"/>
  <nd ref="9239469735"/>
  <nd ref="9017629012"/>
  <nd ref="9239469736"/>
  <nd ref="9239469737"/>
  <nd ref="9239469738"/>
  <nd ref="9017629013"/>
  <nd ref="9239469739"/>
  <nd ref="9017629014"/>
  <nd ref="9017629015"/>
  <nd ref="9017629016"/>
  <nd ref="9017629017"/>
  <nd ref="9017629018"/>
  <nd ref="9239469734"/>
  <nd ref="9239469733"/>
  <nd ref="9239469732"/>
  <nd ref="9017629019"/>
  <nd ref="9239469731"/>
  <nd ref="9017629020"/>
  <nd ref="9239469730"/>
  <nd ref="9017629021"/>
  <nd ref="9239469729"/>
  <nd ref="9239469728"/>
  <nd ref="9017629022"/>
  <nd ref="9239469725"/>
  <nd ref="9239469727"/>
  <nd ref="9017629023"/>
  <nd ref="9239469726"/>
  <nd ref="9017629024"/>
  <nd ref="9239469724"/>
  <nd ref="9017629025"/>
  <nd ref="9239469723"/>
  <nd ref="9017629026"/>
  <nd ref="9017629027"/>
  <nd ref="9017629028"/>
  <nd ref="9017629029"/>
  <nd ref="9017629030"/>
  <nd ref="9017629031"/>
  <nd ref="1960527813"/>
  <tag k="highway" v="residential"/>
 </way>
 <way id="26139126" visible="true" version="5" changeset="163469416" timestamp="2025-03-11T05:33:06Z" user="吕明臻" uid="21273429">
  <nd ref="4723494050"/>
  <nd ref="286250809"/>
  <nd ref="286250733"/>
  <nd ref="286250924"/>
  <nd ref="402450587"/>
  <nd ref="402450593"/>
  <nd ref="402450596"/>
  <nd ref="402450598"/>
  <nd ref="402450601"/>
  <nd ref="402450605"/>
  <nd ref="9008140557"/>
  <nd ref="402450611"/>
  <nd ref="402450618"/>
  <nd ref="9008140666"/>
  <tag k="highway" v="path"/>
  <tag k="name" v="望雨路"/>
  <tag k="sac_scale" v="hiking"/>
 </way>
 <way id="26139127" visible="true" version="4" changeset="115388257" timestamp="2021-12-26T14:22:42Z" user="cqrCpf7Ce_A7" uid="3620913">
  <nd ref="9008140569"/>
  <nd ref="9008140598"/>
  <nd ref="9008140597"/>
  <nd ref="9008140596"/>
  <nd ref="9008140595"/>
  <nd ref="9008140594"/>
  <nd ref="9008140593"/>
  <nd ref="9008140592"/>
  <nd ref="9008140591"/>
  <nd ref="9008140590"/>
  <nd ref="9008140589"/>
  <nd ref="9008140588"/>
  <nd ref="286251017"/>
  <nd ref="286251090"/>
  <tag k="highway" v="footway"/>
 </way>
 <way id="26954160" visible="true" version="18" changeset="140130936" timestamp="2023-08-20T12:39:57Z" user="abclop99" uid="20092735">
  <nd ref="295350709"/>
  <nd ref="8714920266"/>
  <nd ref="295350772"/>
  <nd ref="8714920265"/>
  <nd ref="295350783"/>
  <nd ref="905109417"/>
  <nd ref="898625353"/>
  <nd ref="5769728503"/>
  <nd ref="898625354"/>
  <nd ref="8100506952"/>
  <nd ref="898625355"/>
  <nd ref="5655210861"/>
  <nd ref="905106595"/>
  <tag k="highway" v="living_street"/>
  <tag k="name" v="买卖街"/>
  <tag k="name:en" v="Maimai Street"/>
  <tag k="surface" v="asphalt"/>
 </way>
 <way id="26954175" visible="true" version="10" changeset="120816612" timestamp="2022-05-11T02:55:20Z" user="cqrCpf7Ce_A7" uid="3620913">
  <nd ref="295379214"/>
  <nd ref="5774389430"/>
  <nd ref="2123313490"/>
  <nd ref="271824590"/>
  <nd ref="5774389440"/>
  <nd ref="2345157854"/>
  <nd ref="5774389434"/>
  <nd ref="271824592"/>
  <nd ref="2123313309"/>
  <nd ref="271824593"/>
  <nd ref="5647636727"/>
  <nd ref="295350987"/>
  <tag k="highway" v="living_street"/>
  <tag k="name" v="煤厂街"/>
  <tag k="name:en" v="Mei Chang Street"/>
  <tag k="oneway" v="yes"/>
  <tag k="source" v="landsat"/>
 </way>
 <way id="29178832" visible="true" version="6" changeset="120586786" timestamp="2022-05-05T12:21:05Z" user="cqrCpf7Ce_A7" uid="3620913">
  <nd ref="320896294"/>
  <nd ref="320894124"/>
  <nd ref="9717988472"/>
  <nd ref="320894131"/>
  <tag k="highway" v="service"/>
 </way>
 <way id="29178838" visible="true" version="1" changeset="555083" timestamp="2008-12-22T13:54:35Z" user="Lackness Franc" uid="53125">
  <nd ref="320896296"/>
  <nd ref="320894331"/>
  <nd ref="320894335"/>
  <nd ref="320894357"/>
  <nd ref="320894358"/>
  <tag k="highway" v="footway"/>
 </way>
 <way id="29178840" visible="true" version="9" changeset="182544919" timestamp="2026-05-12T09:19:44Z" user="绿野寒山" uid="24119889">
  <nd ref="320894441"/>
  <nd ref="9689204709"/>
  <nd ref="9689204710"/>
  <nd ref="9689204711"/>
  <nd ref="320894470"/>
  <nd ref="320894481"/>
  <nd ref="320894486"/>
  <nd ref="320894490"/>
  <nd ref="9593926031"/>
  <nd ref="320894502"/>
  <nd ref="320894516"/>
  <nd ref="320894530"/>
  <nd ref="320894540"/>
  <nd ref="320894552"/>
  <nd ref="9593926032"/>
  <nd ref="320894566"/>
  <nd ref="9008140427"/>
  <nd ref="320894567"/>
  <nd ref="320894568"/>
  <nd ref="320894573"/>
  <nd ref="320894574"/>
  <nd ref="320894578"/>
  <nd ref="320894579"/>
  <nd ref="320894580"/>
  <nd ref="320894581"/>
  <nd ref="320894593"/>
  <nd ref="320894610"/>
  <nd ref="320894611"/>
  <nd ref="320894612"/>
  <nd ref="320894613"/>
  <nd ref="320894614"/>
  <nd ref="9008101486"/>
  <nd ref="320894615"/>
  <nd ref="9008032284"/>
  <nd ref="320894616"/>
  <nd ref="320894632"/>
  <nd ref="320894644"/>
  <nd ref="320894652"/>
  <nd ref="320894653"/>
  <nd ref="9008032280"/>
  <nd ref="320894654"/>
  <nd ref="320894655"/>
  <tag k="highway" v="path"/>
  <tag k="name" v="星途小道（上段）"/>
 </way>
 <way id="29178844" visible="true" version="25" changeset="148214811" timestamp="2024-03-04T16:23:22Z" user="hikerake" uid="16028222">
  <nd ref="8962674721"/>
  <nd ref="8962674719"/>
  <nd ref="320894754"/>
  <nd ref="320894751"/>
  <nd ref="320894750"/>
  <nd ref="320894749"/>
  <nd ref="320894746"/>
  <nd ref="9592287926"/>
  <nd ref="320894745"/>
  <nd ref="320894741"/>
  <nd ref="320894733"/>
  <nd ref="320894730"/>
  <nd ref="320894729"/>
  <nd ref="320894728"/>
  <nd ref="9008101349"/>
  <nd ref="320894727"/>
  <nd ref="9966190040"/>
  <nd ref="320894719"/>
  <nd ref="320894712"/>
  <nd ref="11691296906"/>
  <nd ref="320894707"/>
  <nd ref="320894705"/>
  <nd ref="320894704"/>
  <nd ref="9050736785"/>
  <nd ref="320894699"/>
  <nd ref="320894698"/>
  <nd ref="320894695"/>
  <nd ref="320894675"/>
  <nd ref="320894672"/>
  <nd ref="320894671"/>
  <nd ref="320894670"/>
  <nd ref="320894669"/>
  <nd ref="320894668"/>
  <nd ref="9179612352"/>
  <nd ref="320894667"/>
  <nd ref="320894660"/>
  <nd ref="320894656"/>
  <nd ref="624184750"/>
  <nd ref="8973230608"/>
  <nd ref="320894655"/>
  <nd ref="624184752"/>
  <nd ref="624184753"/>
  <nd ref="624184756"/>
  <nd ref="624184757"/>
  <nd ref="624184758"/>
  <nd ref="624184759"/>
  <nd ref="624184760"/>
  <nd ref="624184779"/>
  <nd ref="624184780"/>
  <nd ref="624184781"/>
  <nd ref="4771411340"/>
  <nd ref="624184782"/>
  <nd ref="624184783"/>
  <nd ref="624184785"/>
  <nd ref="624184786"/>
  <nd ref="624184787"/>
  <nd ref="624184788"/>
  <nd ref="898559022"/>
  <nd ref="898559025"/>
  <nd ref="898559026"/>
  <nd ref="898559029"/>
  <nd ref="898559030"/>
  <nd ref="898559031"/>
  <nd ref="898559032"/>
  <nd ref="898559033"/>
  <nd ref="898559034"/>
  <nd ref="898559035"/>
  <nd ref="9122511115"/>
  <nd ref="898559037"/>
  <nd ref="898559038"/>
  <nd ref="898559040"/>
  <nd ref="898559042"/>
  <nd ref="898559043"/>
  <nd ref="898559044"/>
  <nd ref="898559045"/>
  <nd ref="898559046"/>
  <nd ref="898559047"/>
  <nd ref="898559049"/>
  <nd ref="4771411360"/>
  <nd ref="9009116840"/>
  <nd ref="898559053"/>
  <nd ref="898559056"/>
  <nd ref="898559057"/>
  <nd ref="898559059"/>
  <nd ref="9008101360"/>
  <nd ref="898559061"/>
  <nd ref="898559063"/>
  <nd ref="9008101364"/>
  <nd ref="898559065"/>
  <nd ref="9009116846"/>
  <nd ref="9008101365"/>
  <nd ref="898559067"/>
  <nd ref="898559068"/>
  <nd ref="2123313460"/>
  <nd ref="898559072"/>
  <nd ref="898559073"/>
  <nd ref="2123313481"/>
  <nd ref="2123313484"/>
  <nd ref="2123313488"/>
  <nd ref="898559077"/>
  <nd ref="898559079"/>
  <nd ref="9009116849"/>
  <nd ref="898559081"/>
  <nd ref="898559085"/>
  <nd ref="898559086"/>
  <nd ref="898559088"/>
  <nd ref="9689278233"/>
  <nd ref="898559089"/>
  <nd ref="9689278232"/>
  <nd ref="898559091"/>
  <nd ref="9689278230"/>
  <nd ref="898559092"/>
  <nd ref="9689278231"/>
  <nd ref="9008101361"/>
  <nd ref="898559094"/>
  <nd ref="898559106"/>
  <nd ref="898559107"/>
  <nd ref="898559111"/>
  <nd ref="9708823057"/>
  <nd ref="898559113"/>
  <nd ref="4771411363"/>
  <nd ref="898559117"/>
  <nd ref="9008101367"/>
  <nd ref="898559119"/>
  <nd ref="9708823056"/>
  <nd ref="898559122"/>
  <nd ref="898559125"/>
  <nd ref="9008101362"/>
  <nd ref="898559127"/>
  <nd ref="898559130"/>
  <nd ref="9008101363"/>
  <nd ref="898559132"/>
  <nd ref="898559135"/>
  <nd ref="9008101357"/>
  <nd ref="898559138"/>
  <nd ref="9122540614"/>
  <nd ref="9004401143"/>
  <nd ref="898559139"/>
  <nd ref="9122540629"/>
  <nd ref="898559141"/>
  <nd ref="898559142"/>
  <nd ref="898559143"/>
  <nd ref="898559145"/>
  <nd ref="9707269782"/>
  <nd ref="898559148"/>
  <nd ref="898559151"/>
  <nd ref="898559152"/>
  <nd ref="9708823094"/>
  <nd ref="898559156"/>
  <nd ref="9593926038"/>
  <nd ref="898559166"/>
  <nd ref="9122540641"/>
  <nd ref="898559169"/>
  <nd ref="898559171"/>
  <nd ref="898559174"/>
  <nd ref="898559176"/>
  <nd ref="898559179"/>
  <nd ref="898559182"/>
  <nd ref="9708814015"/>
  <nd ref="898559186"/>
  <nd ref="898559187"/>
  <nd ref="898559190"/>
  <nd ref="898559191"/>
  <nd ref="898559193"/>
  <nd ref="898559194"/>
  <nd ref="898559198"/>
  <nd ref="898559200"/>
  <nd ref="898559203"/>
  <nd ref="898559205"/>
  <nd ref="898559208"/>
  <nd ref="898559210"/>
  <nd ref="898559213"/>
  <tag k="highway" v="service"/>
  <tag k="name" v="香山第一防火道"/>
  <tag k="name:en" v="Xiangshan First Fire Lane"/>
 </way>
 <way id="58093674" visible="true" version="8" changeset="175917377" timestamp="2025-12-14T12:40:38Z" user="福珠隆阿" uid="3744043">
  <nd ref="402451101"/>
  <nd ref="2123313307"/>
  <nd ref="2123313312"/>
  <nd ref="9008101487"/>
  <nd ref="2123313313"/>
  <nd ref="2123313355"/>
  <nd ref="720911583"/>
  <nd ref="720911450"/>
  <nd ref="2123313314"/>
  <nd ref="2123313316"/>
  <nd ref="2123313354"/>
  <nd ref="720911388"/>
  <nd ref="720911201"/>
  <nd ref="2123313317"/>
  <nd ref="720911430"/>
  <nd ref="9122540562"/>
  <nd ref="2123313352"/>
  <nd ref="720911289"/>
  <nd ref="9008101491"/>
  <nd ref="720911475"/>
  <nd ref="9008101497"/>
  <nd ref="720911149"/>
  <nd ref="9122540555"/>
  <nd ref="720911852"/>
  <nd ref="720911471"/>
  <nd ref="9008101492"/>
  <nd ref="9008101493"/>
  <nd ref="9008101494"/>
  <nd ref="9008101495"/>
  <nd ref="2123313263"/>
  <nd ref="2123313264"/>
  <nd ref="2123313267"/>
  <nd ref="2123313398"/>
  <nd ref="2123313357"/>
  <nd ref="2123313353"/>
  <nd ref="2123313365"/>
  <nd ref="2123313260"/>
  <nd ref="2123313277"/>
  <nd ref="2123313370"/>
  <nd ref="2123313361"/>
  <nd ref="2123313268"/>
  <nd ref="2123313270"/>
  <nd ref="2123313303"/>
  <nd ref="2123313255"/>
  <nd ref="2123313258"/>
  <nd ref="9008101498"/>
  <nd ref="2123313340"/>
  <nd ref="2123313540"/>
  <nd ref="2123313547"/>
  <nd ref="271822945"/>
  <nd ref="271822944"/>
  <nd ref="271822943"/>
  <nd ref="271822942"/>
  <nd ref="271822941"/>
  <nd ref="271822940"/>
  <nd ref="2123313458"/>
  <nd ref="2123313359"/>
  <nd ref="271822939"/>
  <nd ref="271822938"/>
  <nd ref="271822937"/>
  <nd ref="9014230927"/>
  <nd ref="271822936"/>
  <nd ref="271822935"/>
  <nd ref="271822934"/>
  <nd ref="271822933"/>
  <nd ref="271822932"/>
  <nd ref="271822931"/>
  <nd ref="271822930"/>
  <nd ref="271822929"/>
  <nd ref="271822928"/>
  <nd ref="5677236704"/>
  <nd ref="271822927"/>
  <nd ref="271822926"/>
  <nd ref="271822925"/>
  <nd ref="271822924"/>
  <nd ref="271822923"/>
  <nd ref="271822922"/>
  <nd ref="271822921"/>
  <nd ref="271822920"/>
  <nd ref="271822919"/>
  <nd ref="271822918"/>
  <nd ref="271822917"/>
  <nd ref="271822916"/>
  <nd ref="271822915"/>
  <nd ref="271822911"/>
  <tag k="bicycle" v="no"/>
  <tag k="highway" v="path"/>
  <tag k="name" v="曹雪芹山前小道"/>
  <tag k="sac_scale" v="hiking"/>
  <tag k="surface" v="unpaved"/>
  <tag k="tracktype" v="grade5"/>
  <tag k="trail_visibility" v="excellent"/>
 </way>
 <way id="58093688" visible="true" version="10" changeset="118421379" timestamp="2022-03-13T08:44:49Z" user="cqrCpf7Ce_A7" uid="3620913">
  <nd ref="2123313556"/>
  <nd ref="2123313558"/>
  <nd ref="4771411375"/>
  <nd ref="2123313560"/>
  <nd ref="2123313569"/>
  <nd ref="2123313567"/>
  <nd ref="2123313564"/>
  <nd ref="9122540596"/>
  <nd ref="2123313562"/>
  <nd ref="9009116863"/>
  <nd ref="2123313394"/>
  <nd ref="9574652202"/>
  <nd ref="9122540572"/>
  <nd ref="2123313399"/>
  <nd ref="9122540601"/>
  <tag k="bridge" v="boardwalk"/>
  <tag k="highway" v="path"/>
  <tag k="surface" v="wood"/>
 </way>
 <way id="185448932" visible="true" version="8" changeset="120114291" timestamp="2022-04-24T08:08:09Z" user="cqrCpf7Ce_A7" uid="3620913">
  <nd ref="320894134"/>
  <nd ref="1960518294"/>
  <nd ref="9689283182"/>
  <nd ref="5698244327"/>
  <nd ref="1960518285"/>
  <nd ref="5172610157"/>
  <nd ref="5172610160"/>
  <tag k="highway" v="unclassified"/>
 </way>
 <way id="185449062" visible="true" version="4" changeset="75309668" timestamp="2019-10-05T06:35:12Z" user="ctboss" uid="7612177">
  <nd ref="5172603800"/>
  <nd ref="5172603799"/>
  <nd ref="5172603798"/>
  <nd ref="5172603795"/>
  <tag k="highway" v="service"/>
 </way>
 <way id="185449063" visible="true" version="8" changeset="117476964" timestamp="2022-02-16T13:27:33Z" user="Nikolai E" uid="11658376">
  <nd ref="8141939851"/>
  <nd ref="320894215"/>
  <nd ref="320894240"/>
  <nd ref="5917555884"/>
  <nd ref="320894359"/>
  <nd ref="9510570725"/>
  <nd ref="320894358"/>
  <tag k="highway" v="unclassified"/>
 </way>
 <way id="185449259" visible="true" version="7" changeset="117476964" timestamp="2022-02-16T13:27:33Z" user="Nikolai E" uid="11658376">
  <nd ref="1960527771"/>
  <nd ref="1960527822"/>
  <nd ref="1960527770"/>
  <nd ref="1960527860"/>
  <nd ref="1960527819"/>
  <nd ref="1960527824"/>
  <nd ref="1960527836"/>
  <nd ref="1960527803"/>
  <nd ref="1960527826"/>
  <nd ref="1960527815"/>
  <nd ref="1960527777"/>
  <nd ref="1960527843"/>
  <nd ref="1960527816"/>
  <nd ref="1960527833"/>
  <nd ref="1960527838"/>
  <nd ref="1960527813"/>
  <nd ref="1960527828"/>
  <nd ref="1960527768"/>
  <nd ref="1960527831"/>
  <nd ref="9239469720"/>
  <nd ref="1960527773"/>
  <nd ref="9239469721"/>
  <nd ref="1960527775"/>
  <nd ref="9510570722"/>
  <nd ref="1960525806"/>
  <nd ref="320894359"/>
  <tag k="highway" v="unclassified"/>
 </way>
 <way id="202361023" visible="true" version="7" changeset="120534083" timestamp="2022-05-04T09:36:07Z" user="cqrCpf7Ce_A7" uid="3620913">
  <nd ref="2123313467"/>
  <nd ref="2123313470"/>
  <nd ref="2123313473"/>
  <nd ref="2123313415"/>
  <nd ref="9352051894"/>
  <nd ref="2123313432"/>
  <nd ref="2123313408"/>
  <tag k="bridge" v="boardwalk"/>
  <tag k="highway" v="path"/>
  <tag k="surface" v="wood"/>
 </way>
 <way id="202361027" visible="true" version="5" changeset="115154318" timestamp="2021-12-20T08:41:41Z" user="cqrCpf7Ce_A7" uid="3620913">
  <nd ref="271823020"/>
  <nd ref="9050736805"/>
  <nd ref="9050736809"/>
  <nd ref="2123313538"/>
  <nd ref="2123313535"/>
  <nd ref="9352051895"/>
  <nd ref="2123313534"/>
  <nd ref="2123313531"/>
  <nd ref="2123313439"/>
  <nd ref="2123313532"/>
  <nd ref="2123313384"/>
  <nd ref="9352051902"/>
  <nd ref="9352051903"/>
  <nd ref="2123313383"/>
  <nd ref="2123313386"/>
  <nd ref="2123313381"/>
  <nd ref="2123313378"/>
  <nd ref="2123313380"/>
  <nd ref="2123313377"/>
  <nd ref="2123313379"/>
  <nd ref="2123313549"/>
  <nd ref="2123313385"/>
  <nd ref="2123313348"/>
  <nd ref="2123313342"/>
  <nd ref="2123313347"/>
  <nd ref="2123313344"/>
  <nd ref="2123313335"/>
  <nd ref="2123313338"/>
  <nd ref="2123313336"/>
  <nd ref="2123313503"/>
  <tag k="highway" v="service"/>
 </way>
 <way id="202361042" visible="true" version="3" changeset="63856385" timestamp="2018-10-25T06:46:08Z" user="ctboss" uid="7612177">
  <nd ref="1960527824"/>
  <nd ref="2123313280"/>
  <nd ref="2123313364"/>
  <nd ref="2123313276"/>
  <nd ref="2123313261"/>
  <nd ref="2123313367"/>
  <nd ref="2123313356"/>
  <nd ref="2123313358"/>
  <nd ref="2123313389"/>
  <nd ref="2123313273"/>
  <nd ref="2123313265"/>
  <nd ref="1960539111"/>
  <tag k="highway" v="living_street"/>
 </way>
 <way id="225648347" visible="true" version="3" changeset="136188507" timestamp="2023-05-16T23:06:50Z" user="scdhin" uid="12900351">
  <nd ref="2344078353"/>
  <nd ref="2344078354"/>
  <nd ref="2344078355"/>
  <nd ref="5769728504"/>
  <nd ref="2344078356"/>
  <nd ref="2344078357"/>
  <nd ref="2344078358"/>
  <nd ref="2344078359"/>
  <nd ref="2344078353"/>
  <tag k="amenity" v="parking"/>
  <tag k="name" v="#8 停车场"/>
  <tag k="ref" v="8"/>
 </way>
 <way id="225648353" visible="true" version="5" changeset="136188507" timestamp="2023-05-16T23:06:50Z" user="scdhin" uid="12900351">
  <nd ref="2344078371"/>
  <nd ref="5636263923"/>
  <nd ref="2344078372"/>
  <nd ref="2344078373"/>
  <nd ref="8141939824"/>
  <nd ref="8141939825"/>
  <nd ref="8141939827"/>
  <nd ref="8141939826"/>
  <nd ref="8141939829"/>
  <nd ref="2344078374"/>
  <nd ref="8141939828"/>
  <nd ref="2344078354"/>
  <nd ref="2344078353"/>
  <nd ref="5769512841"/>
  <nd ref="8141930708"/>
  <nd ref="8141930707"/>
  <nd ref="2344078371"/>
  <tag k="amenity" v="parking"/>
  <tag k="name" v="#9 停车场"/>
  <tag k="ref" v="9"/>
 </way>
 <way id="225761254" visible="true" version="3" changeset="120586786" timestamp="2022-05-05T12:21:05Z" user="cqrCpf7Ce_A7" uid="3620913">
  <nd ref="2345154743"/>
  <nd ref="2345154744"/>
  <nd ref="2345154745"/>
  <nd ref="2345154746"/>
  <nd ref="2345154743"/>
  <tag k="amenity" v="clinic"/>
  <tag k="building" v="yes"/>
  <tag k="healthcare" v="clinic"/>
  <tag k="name" v="香山社区卫生服务站"/>
  <tag k="name:en" v="Xiang Shan Community Health Service Center"/>
 </way>
 <way id="225761511" visible="true" version="2" changeset="60029544" timestamp="2018-06-21T04:53:07Z" user="ctboss" uid="7612177">
  <nd ref="2345157853"/>
  <nd ref="2345157854"/>
  <tag k="highway" v="footway"/>
 </way>
 <way id="326846416" visible="true" version="2" changeset="67827042" timestamp="2019-03-06T01:32:22Z" user="b-jazz-bot" uid="9451067">
  <nd ref="3335317303"/>
  <nd ref="3335317304"/>
  <nd ref="3335317305"/>
  <nd ref="3335317306"/>
  <nd ref="3335317303"/>
  <tag k="landuse" v="residential"/>
  <tag k="name" v="悠然・山角"/>
  <tag k="website" v="https://site.douban.com/118579/"/>
 </way>
 <way id="484390263" visible="true" version="5" changeset="120452070" timestamp="2022-05-02T09:27:11Z" user="cqrCpf7Ce_A7" uid="3620913">
  <nd ref="624184788"/>
  <nd ref="4771411341"/>
  <nd ref="4771411342"/>
  <nd ref="4771411343"/>
  <nd ref="4771411344"/>
  <nd ref="4771411345"/>
  <nd ref="4771411346"/>
  <nd ref="4771411347"/>
  <nd ref="4771411348"/>
  <nd ref="4771411349"/>
  <nd ref="4771411350"/>
  <nd ref="4771411351"/>
  <nd ref="4771411352"/>
  <nd ref="4771411353"/>
  <nd ref="4771411354"/>
  <nd ref="4771411355"/>
  <nd ref="4771411356"/>
  <nd ref="4771411357"/>
  <nd ref="4771411358"/>
  <nd ref="4771411359"/>
  <nd ref="4771411360"/>
  <nd ref="9009116841"/>
  <nd ref="9009116842"/>
  <nd ref="9009116843"/>
  <nd ref="9009116844"/>
  <nd ref="9009116845"/>
  <nd ref="9009116846"/>
  <nd ref="9009116847"/>
  <nd ref="9009116848"/>
  <nd ref="9009116849"/>
  <nd ref="9009116850"/>
  <nd ref="9009116851"/>
  <nd ref="9009116852"/>
  <nd ref="9009116853"/>
  <nd ref="9008140472"/>
  <nd ref="9009116854"/>
  <nd ref="9009116855"/>
  <nd ref="9009116856"/>
  <nd ref="9009116857"/>
  <nd ref="9708823100"/>
  <nd ref="9009116858"/>
  <nd ref="9009116859"/>
  <nd ref="9009116860"/>
  <nd ref="9009116861"/>
  <nd ref="9009116862"/>
  <nd ref="9122540573"/>
  <nd ref="9708823101"/>
  <nd ref="9122540594"/>
  <nd ref="2123313562"/>
  <tag k="highway" v="path"/>
 </way>
 <way id="484390264" visible="true" version="2" changeset="55050734" timestamp="2017-12-31T05:39:17Z" user="yizhiking" uid="3612116">
  <nd ref="4771411363"/>
  <nd ref="4771411364"/>
  <nd ref="4771411365"/>
  <nd ref="4771411366"/>
  <nd ref="4771411367"/>
  <nd ref="4771411368"/>
  <nd ref="4771411369"/>
  <nd ref="4771411370"/>
  <nd ref="4771411371"/>
  <nd ref="4771411372"/>
  <nd ref="4771411373"/>
  <nd ref="4771411374"/>
  <nd ref="4771411375"/>
  <tag k="highway" v="path"/>
 </way>
 <way id="533118621" visible="true" version="1" changeset="53004972" timestamp="2017-10-17T08:54:32Z" user="Popolon" uid="27454">
  <nd ref="5172612698"/>
  <nd ref="5172612699"/>
  <nd ref="5172612700"/>
  <nd ref="5172612701"/>
  <nd ref="5172612698"/>
  <tag k="building" v="yes"/>
 </way>
 <way id="591298924" visible="true" version="2" changeset="93855112" timestamp="2020-11-10T10:46:40Z" user="shanhulittle" uid="11213533">
  <nd ref="5645138342"/>
  <nd ref="5645138337"/>
  <nd ref="5645138333"/>
  <nd ref="5645138340"/>
  <nd ref="5645138338"/>
  <tag k="highway" v="service"/>
 </way>
 <way id="591298925" visible="true" version="2" changeset="93855112" timestamp="2020-11-10T10:46:40Z" user="shanhulittle" uid="11213533">
  <nd ref="5645138333"/>
  <nd ref="5645138339"/>
  <tag k="highway" v="service"/>
 </way>
 <way id="591585499" visible="true" version="4" changeset="128685806" timestamp="2022-11-09T12:37:06Z" user="shanhulittle" uid="11213533">
  <nd ref="5647636727"/>
  <nd ref="5647636730"/>
  <nd ref="5647636726"/>
  <nd ref="5647636733"/>
  <nd ref="5647636728"/>
  <nd ref="10171383827"/>
  <nd ref="5647636724"/>
  <nd ref="5647636731"/>
  <nd ref="5647636729"/>
  <nd ref="5647636732"/>
  <nd ref="5767305160"/>
  <nd ref="5769512838"/>
  <nd ref="5769512835"/>
  <nd ref="5647636725"/>
  <tag k="bicycle" v="designated"/>
  <tag k="foot" v="designated"/>
  <tag k="highway" v="path"/>
  <tag k="segregated" v="no"/>
 </way>
 <way id="592002090" visible="true" version="3" changeset="94429597" timestamp="2020-11-19T10:37:35Z" user="shanhulittle" uid="11213533">
  <nd ref="5647636729"/>
  <nd ref="5651112354"/>
  <nd ref="5928044330"/>
  <nd ref="5915226334"/>
  <nd ref="5651112355"/>
  <nd ref="898625353"/>
  <tag k="bicycle" v="designated"/>
  <tag k="foot" v="designated"/>
  <tag k="highway" v="path"/>
  <tag k="segregated" v="no"/>
 </way>
 <way id="592542962" visible="true" version="8" changeset="140130956" timestamp="2023-08-20T12:39:58Z" user="abclop99" uid="20092735">
  <nd ref="5655210861"/>
  <nd ref="5655230458"/>
  <nd ref="5645109036"/>
  <nd ref="2344078372"/>
  <nd ref="5636263923"/>
  <nd ref="2344078371"/>
  <nd ref="5655210868"/>
  <nd ref="10171383821"/>
  <nd ref="5668096031"/>
  <nd ref="5647636725"/>
  <nd ref="10171383822"/>
  <nd ref="5655210869"/>
  <nd ref="5655210860"/>
  <nd ref="5659854466"/>
  <nd ref="271824592"/>
  <tag k="highway" v="residential"/>
  <tag k="name" v="北上坡路"/>
  <tag k="smoothness" v="excellent"/>
  <tag k="surface" v="asphalt"/>
 </way>
 <way id="592542964" visible="true" version="2" changeset="93855112" timestamp="2020-11-10T10:46:40Z" user="shanhulittle" uid="11213533">
  <nd ref="5655210860"/>
  <nd ref="5655210865"/>
  <nd ref="5645138339"/>
  <nd ref="5645138342"/>
  <nd ref="5655210866"/>
  <tag k="highway" v="service"/>
 </way>
 <way id="592912026" visible="true" version="2" changeset="64393174" timestamp="2018-11-12T05:42:47Z" user="ctboss" uid="7612177">
  <nd ref="5636247220"/>
  <nd ref="5657718438"/>
  <nd ref="5657718445"/>
  <nd ref="5657718446"/>
  <nd ref="5657718439"/>
  <nd ref="5636263923"/>
  <tag k="highway" v="footway"/>
 </way>
 <way id="593220209" visible="true" version="3" changeset="128685806" timestamp="2022-11-09T12:37:06Z" user="shanhulittle" uid="11213533">
  <nd ref="5659854466"/>
  <nd ref="8141939836"/>
  <nd ref="8141939835"/>
  <nd ref="5659854470"/>
  <nd ref="5659854467"/>
  <nd ref="5659854472"/>
  <nd ref="5659854469"/>
  <nd ref="5659854465"/>
  <nd ref="5659854467"/>
  <tag k="highway" v="service"/>
 </way>
 <way id="594375471" visible="true" version="2" changeset="128685806" timestamp="2022-11-09T12:37:06Z" user="shanhulittle" uid="11213533">
  <nd ref="5668096031"/>
  <nd ref="10171383823"/>
  <nd ref="5668096029"/>
  <nd ref="5668096033"/>
  <nd ref="5668096030"/>
  <nd ref="10171383824"/>
  <nd ref="10171383825"/>
  <nd ref="10171383826"/>
  <tag k="bicycle" v="designated"/>
  <tag k="foot" v="designated"/>
  <tag k="highway" v="path"/>
  <tag k="segregated" v="no"/>
 </way>
 <way id="600038830" visible="true" version="8" changeset="175917377" timestamp="2025-12-14T12:40:38Z" user="福珠隆阿" uid="3744043">
  <nd ref="5707164727"/>
  <nd ref="6001968464"/>
  <nd ref="5707164734"/>
  <nd ref="5707164738"/>
  <nd ref="5707164735"/>
  <nd ref="5707164729"/>
  <nd ref="5941216792"/>
  <nd ref="5707164731"/>
  <nd ref="5706898030"/>
  <nd ref="5706898038"/>
  <nd ref="13375771990"/>
  <tag k="waterway" v="canal"/>
 </way>
 <way id="608818360" visible="true" version="6" changeset="137256306" timestamp="2023-06-12T18:48:41Z" user="快乐的老鼠宝宝" uid="9403945">
  <nd ref="5767305156"/>
  <nd ref="5767305154"/>
  <nd ref="5767305158"/>
  <nd ref="5767305155"/>
  <nd ref="10971808202"/>
  <nd ref="10971808203"/>
  <nd ref="5767305157"/>
  <nd ref="5767305153"/>
  <nd ref="8141939819"/>
  <nd ref="8141939820"/>
  <nd ref="8141939821"/>
  <nd ref="8141939822"/>
  <nd ref="5767305159"/>
  <nd ref="5767305156"/>
  <tag k="garden:type" v="community"/>
  <tag k="leisure" v="garden"/>
  <tag k="name" v="香山街道社区绿地"/>
  <tag k="name:en" v="small local park"/>
 </way>
 <way id="609095019" visible="true" version="5" changeset="95229525" timestamp="2020-12-03T13:29:32Z" user="shanhulittle" uid="11213533">
  <nd ref="5769512838"/>
  <nd ref="8141939823"/>
  <nd ref="5769512834"/>
  <nd ref="2344078353"/>
  <nd ref="5769512841"/>
  <nd ref="5769512835"/>
  <nd ref="5769512838"/>
  <tag k="amenity" v="parking"/>
  <tag k="landuse" v="retail"/>
 </way>
 <way id="609095020" visible="true" version="8" changeset="137255348" timestamp="2023-06-12T18:17:40Z" user="快乐的老鼠宝宝" uid="9403945">
  <nd ref="5769512831"/>
  <nd ref="5769512839"/>
  <nd ref="5769512836"/>
  <nd ref="5769512840"/>
  <nd ref="5769512833"/>
  <nd ref="5769512832"/>
  <nd ref="5769512837"/>
  <nd ref="8190813771"/>
  <nd ref="8190813772"/>
  <nd ref="8190813773"/>
  <nd ref="5769512831"/>
  <tag k="addr:housenumber" v="27号院"/>
  <tag k="addr:street" v="煤厂街"/>
  <tag k="barrier" v="wall"/>
  <tag k="landuse" v="residential"/>
  <tag k="name" v="煤厂街27号院东院"/>
 </way>
 <way id="609129170" visible="true" version="3" changeset="140130956" timestamp="2023-08-20T12:39:59Z" user="abclop99" uid="20092735">
  <nd ref="5769728503"/>
  <nd ref="5769728504"/>
  <tag k="highway" v="service"/>
  <tag k="smoothness" v="excellent"/>
  <tag k="surface" v="asphalt"/>
 </way>
 <way id="609653939" visible="true" version="6" changeset="137255348" timestamp="2023-06-12T18:17:40Z" user="快乐的老鼠宝宝" uid="9403945">
  <nd ref="5774389436"/>
  <nd ref="5774389441"/>
  <nd ref="5774389439"/>
  <nd ref="5774389442"/>
  <nd ref="5774389432"/>
  <nd ref="5774389431"/>
  <nd ref="5774389437"/>
  <nd ref="5774389438"/>
  <nd ref="5774389433"/>
  <nd ref="5774389436"/>
  <tag k="addr:housenumber" v="27号院"/>
  <tag k="addr:street" v="煤厂街"/>
  <tag k="barrier" v="wall"/>
  <tag k="landuse" v="residential"/>
  <tag k="name" v="煤厂街27号院西院"/>
 </way>
 <way id="626823394" visible="true" version="6" changeset="120586786" timestamp="2022-05-05T12:21:05Z" user="cqrCpf7Ce_A7" uid="3620913">
  <nd ref="5917555865"/>
  <nd ref="5917555861"/>
  <nd ref="5917555862"/>
  <nd ref="5917556694"/>
  <nd ref="5917555857"/>
  <nd ref="5917556704"/>
  <nd ref="8551004461"/>
  <nd ref="8551004460"/>
  <nd ref="6011847671"/>
  <nd ref="5917556707"/>
  <tag k="highway" v="path"/>
 </way>
 <way id="626823399" visible="true" version="5" changeset="182544919" timestamp="2026-05-12T09:19:44Z" user="绿野寒山" uid="24119889">
  <nd ref="320894441"/>
  <nd ref="320894437"/>
  <nd ref="320894436"/>
  <nd ref="320894427"/>
  <nd ref="9122511068"/>
  <nd ref="320894425"/>
  <nd ref="320894424"/>
  <nd ref="320894421"/>
  <nd ref="320894414"/>
  <nd ref="320894411"/>
  <nd ref="320894410"/>
  <nd ref="9122511099"/>
  <nd ref="320894400"/>
  <nd ref="9122511097"/>
  <nd ref="9122511098"/>
  <nd ref="320894391"/>
  <nd ref="320894389"/>
  <nd ref="320894378"/>
  <nd ref="320894373"/>
  <nd ref="320894372"/>
  <nd ref="320894371"/>
  <nd ref="320894370"/>
  <nd ref="320894369"/>
  <nd ref="9122511035"/>
  <nd ref="5917556707"/>
  <nd ref="320894366"/>
  <nd ref="320894365"/>
  <nd ref="320894364"/>
  <nd ref="320894319"/>
  <nd ref="6680834250"/>
  <nd ref="5917555866"/>
  <tag k="highway" v="path"/>
  <tag k="name" v="星途小道（下段）"/>
 </way>
 <way id="626823401" visible="true" version="1" changeset="62750451" timestamp="2018-09-20T05:32:00Z" user="ctboss" uid="7612177">
  <nd ref="5917555866"/>
  <nd ref="5917555884"/>
  <tag k="highway" v="steps"/>
 </way>
 <way id="627940934" visible="true" version="2" changeset="137256306" timestamp="2023-06-12T18:48:41Z" user="快乐的老鼠宝宝" uid="9403945">
  <nd ref="5928044330"/>
  <nd ref="5928044332"/>
  <nd ref="5928044331"/>
  <nd ref="5928044329"/>
  <nd ref="5928044330"/>
  <tag k="man_made" v="pumping_station"/>
  <tag k="name" v="供暖"/>
 </way>
 <way id="629237981" visible="true" version="5" changeset="175917377" timestamp="2025-12-14T12:40:38Z" user="福珠隆阿" uid="3744043">
  <nd ref="5940799537"/>
  <nd ref="5940799538"/>
  <nd ref="5940799539"/>
  <nd ref="5940799540"/>
  <nd ref="5940799541"/>
  <nd ref="5940799542"/>
  <nd ref="5940799543"/>
  <nd ref="5940799544"/>
  <nd ref="5940799545"/>
  <nd ref="5940799546"/>
  <nd ref="5940799547"/>
  <nd ref="5940799548"/>
  <nd ref="5940799549"/>
  <nd ref="5940799550"/>
  <nd ref="5940799551"/>
  <nd ref="5940799552"/>
  <nd ref="5940799553"/>
  <nd ref="5940799554"/>
  <nd ref="5940799555"/>
  <nd ref="5940799556"/>
  <nd ref="5940799557"/>
  <nd ref="5940799558"/>
  <nd ref="5940799559"/>
  <nd ref="5940799560"/>
  <nd ref="5940799561"/>
  <nd ref="5940799562"/>
  <nd ref="5940799563"/>
  <nd ref="5940799564"/>
  <nd ref="5940799565"/>
  <nd ref="5940799566"/>
  <nd ref="5940799567"/>
  <nd ref="5940799568"/>
  <nd ref="5940799569"/>
  <nd ref="5940799570"/>
  <nd ref="5940799571"/>
  <nd ref="5940799572"/>
  <nd ref="5940799573"/>
  <nd ref="5940799574"/>
  <nd ref="5940799575"/>
  <nd ref="5940799576"/>
  <nd ref="13375771984"/>
  <nd ref="13375771982"/>
  <nd ref="13375771983"/>
  <nd ref="5940799577"/>
  <nd ref="5940799578"/>
  <nd ref="5940799579"/>
  <nd ref="5940799580"/>
  <nd ref="5940799581"/>
  <nd ref="5940799582"/>
  <nd ref="2123313438"/>
  <nd ref="5940799583"/>
  <nd ref="5940799584"/>
  <nd ref="5940800385"/>
  <nd ref="5940800386"/>
  <nd ref="5940800387"/>
  <nd ref="5940800388"/>
  <nd ref="5940800389"/>
  <nd ref="5940800390"/>
  <nd ref="5940800391"/>
  <nd ref="5940800392"/>
  <nd ref="5940800393"/>
  <nd ref="5940800394"/>
  <nd ref="5940800395"/>
  <nd ref="2345030062"/>
  <nd ref="2345030068"/>
  <nd ref="9017628876"/>
  <nd ref="9519271924"/>
  <nd ref="9017628877"/>
  <nd ref="5940800396"/>
  <nd ref="5940800397"/>
  <nd ref="9017628919"/>
  <nd ref="5940800398"/>
  <nd ref="5940800399"/>
  <nd ref="5940800400"/>
  <nd ref="5940800401"/>
  <nd ref="5940800402"/>
  <nd ref="5940800403"/>
  <nd ref="5940800404"/>
  <nd ref="5940800405"/>
  <nd ref="5940800406"/>
  <nd ref="5940800407"/>
  <nd ref="5940800408"/>
 </way>
 <way id="629246695" visible="true" version="8" changeset="117476964" timestamp="2022-02-16T13:27:33Z" user="Nikolai E" uid="11658376">
  <nd ref="5940935987"/>
  <nd ref="6162829298"/>
  <nd ref="5940858870"/>
  <nd ref="6162829299"/>
  <nd ref="5940858871"/>
  <nd ref="6008961014"/>
  <nd ref="5940858873"/>
  <nd ref="5940858874"/>
  <nd ref="5940858875"/>
  <nd ref="5940858876"/>
  <nd ref="5940858877"/>
  <nd ref="5940858878"/>
  <nd ref="9510570647"/>
  <nd ref="5940858879"/>
  <nd ref="5940858880"/>
  <nd ref="5940858881"/>
  <nd ref="5940858882"/>
  <nd ref="5940858883"/>
  <nd ref="5940858884"/>
  <nd ref="5940858885"/>
  <nd ref="5940858886"/>
  <nd ref="5940858887"/>
  <nd ref="5940858888"/>
  <nd ref="5940858889"/>
  <nd ref="5940858890"/>
  <nd ref="5940858891"/>
  <nd ref="5940858892"/>
  <nd ref="5940858893"/>
  <nd ref="5940858894"/>
  <nd ref="5940858895"/>
  <nd ref="5940858896"/>
  <nd ref="5940858897"/>
  <nd ref="5940858898"/>
  <nd ref="9510570652"/>
  <nd ref="5940858899"/>
  <nd ref="5940858900"/>
  <nd ref="5940858901"/>
  <nd ref="5940858902"/>
  <nd ref="5940858903"/>
  <nd ref="5940858904"/>
  <nd ref="5940858905"/>
  <nd ref="5940858906"/>
  <nd ref="5940858907"/>
  <nd ref="5940858908"/>
  <nd ref="5940858909"/>
  <nd ref="5940858910"/>
  <nd ref="5940858911"/>
  <nd ref="5940858912"/>
  <nd ref="5940858913"/>
  <nd ref="5940858914"/>
  <nd ref="5940858915"/>
  <nd ref="5940858916"/>
  <nd ref="5940858917"/>
  <nd ref="5940858918"/>
  <nd ref="8433928147"/>
  <nd ref="5940858919"/>
  <nd ref="5940858920"/>
  <nd ref="5940858921"/>
  <nd ref="5940858922"/>
  <nd ref="5940858923"/>
  <nd ref="5940858924"/>
  <nd ref="5940858925"/>
  <nd ref="5940858926"/>
  <nd ref="5940858927"/>
  <nd ref="5940858928"/>
  <nd ref="5940858929"/>
  <nd ref="5940858930"/>
  <nd ref="5940858931"/>
  <nd ref="5940858932"/>
  <nd ref="5940858933"/>
  <nd ref="5940858934"/>
  <nd ref="5940858935"/>
  <nd ref="5940858936"/>
  <nd ref="5940858937"/>
  <nd ref="5940858938"/>
  <nd ref="5940858939"/>
  <nd ref="8141939861"/>
  <nd ref="5940858940"/>
  <nd ref="8141939860"/>
  <nd ref="8141939859"/>
  <nd ref="8141939858"/>
  <nd ref="8141939857"/>
  <nd ref="5940858941"/>
  <nd ref="5940858942"/>
  <nd ref="8141939856"/>
  <nd ref="8141939855"/>
  <nd ref="5940858943"/>
  <nd ref="5940858944"/>
  <nd ref="5940858945"/>
  <nd ref="5940858946"/>
  <nd ref="8141939854"/>
  <nd ref="8141939853"/>
  <nd ref="5940799493"/>
  <nd ref="5940799494"/>
  <nd ref="5940799495"/>
  <nd ref="5940799496"/>
  <nd ref="5940799497"/>
  <nd ref="5940799498"/>
  <nd ref="5940799499"/>
  <nd ref="5940799500"/>
  <nd ref="5940799501"/>
  <nd ref="5940799502"/>
  <nd ref="5940799503"/>
  <nd ref="5940799504"/>
  <nd ref="5940799505"/>
  <nd ref="5940799506"/>
  <nd ref="5940799507"/>
  <nd ref="5940799508"/>
  <nd ref="5940799509"/>
  <nd ref="5940799510"/>
  <nd ref="5940799511"/>
  <nd ref="5940799512"/>
  <nd ref="5940799513"/>
  <nd ref="5940799514"/>
  <nd ref="5940799515"/>
  <nd ref="6011847676"/>
  <nd ref="5940799516"/>
  <nd ref="5940799517"/>
  <nd ref="5940799518"/>
  <nd ref="5940799519"/>
  <nd ref="5940799520"/>
  <nd ref="5940799521"/>
  <nd ref="5940799522"/>
  <nd ref="5940799523"/>
  <nd ref="5940799524"/>
  <nd ref="5940799525"/>
  <nd ref="5940799526"/>
  <nd ref="9510570757"/>
  <nd ref="5940799527"/>
  <nd ref="5940799528"/>
  <nd ref="5940799530"/>
  <nd ref="5940799531"/>
  <nd ref="5940799532"/>
  <nd ref="5940799533"/>
  <nd ref="5940799534"/>
  <nd ref="5940799535"/>
  <nd ref="5940799536"/>
  <nd ref="5940799537"/>
 </way>
 <way id="636481043" visible="true" version="3" changeset="112019518" timestamp="2021-10-03T03:21:01Z" user="user_10360149" uid="10360149">
  <nd ref="6001968460"/>
  <nd ref="5707164739"/>
  <nd ref="6001968461"/>
  <nd ref="6001968465"/>
  <nd ref="6001968463"/>
  <nd ref="6001968466"/>
  <nd ref="6001968467"/>
  <nd ref="6001968468"/>
  <nd ref="6001968460"/>
  <tag k="amenity" v="social_facility"/>
  <tag k="barrier" v="fence"/>
  <tag k="name" v="香山老年公寓"/>
  <tag k="name:en" v="Xiangshan Senior's Residence"/>
  <tag k="name:zh" v="香山老年公寓"/>
  <tag k="social_facility" v="group_home"/>
  <tag k="social_facility:for" v="senior"/>
 </way>
 <way id="636481044" visible="true" version="2" changeset="94429597" timestamp="2020-11-19T10:37:35Z" user="shanhulittle" uid="11213533">
  <nd ref="1960524799"/>
  <nd ref="8141939850"/>
  <tag k="bridge" v="yes"/>
  <tag k="highway" v="service"/>
  <tag k="layer" v="1"/>
 </way>
 <way id="637728560" visible="true" version="1" changeset="63855872" timestamp="2018-10-25T06:22:22Z" user="ctboss" uid="7612177">
  <nd ref="320894293"/>
  <nd ref="6011847679"/>
  <nd ref="320896315"/>
  <nd ref="5917555866"/>
  <tag k="highway" v="steps"/>
 </way>
 <way id="638668171" visible="true" version="3" changeset="75309668" timestamp="2019-10-05T06:35:12Z" user="ctboss" uid="7612177">
  <nd ref="6018887609"/>
  <nd ref="6018887604"/>
  <nd ref="6021286200"/>
  <nd ref="6018887606"/>
  <nd ref="6018887607"/>
  <nd ref="6018887609"/>
  <tag k="addr:city" v="北京"/>
  <tag k="addr:district" v="海淀区"/>
  <tag k="addr:housenumber" v="15"/>
  <tag k="addr:subdistrict" v="香山"/>
  <tag k="barrier" v="wall"/>
 </way>
 <way id="638668172" visible="true" version="2" changeset="94429597" timestamp="2020-11-19T10:37:35Z" user="shanhulittle" uid="11213533">
  <nd ref="6018887605"/>
  <nd ref="6018887608"/>
  <nd ref="6001968462"/>
  <nd ref="6018887611"/>
  <nd ref="6018887610"/>
  <nd ref="6018887605"/>
  <tag k="barrier" v="wall"/>
  <tag k="landuse" v="commercial"/>
  <tag k="name" v="香山人工影响天气实验所"/>
 </way>
 <way id="638680993" visible="true" version="1" changeset="63944413" timestamp="2018-10-28T08:56:14Z" user="ctboss" uid="7612177">
  <nd ref="6018983142"/>
  <nd ref="6018983144"/>
  <nd ref="6018983141"/>
  <nd ref="6018983138"/>
  <nd ref="6018983143"/>
  <nd ref="6018983142"/>
  <tag k="amenity" v="grave_yard"/>
  <tag k="barrier" v="wall"/>
 </way>
 <way id="638945586" visible="true" version="1" changeset="63966633" timestamp="2018-10-29T05:52:11Z" user="ctboss" uid="7612177">
  <nd ref="5172603793"/>
  <nd ref="6021286200"/>
  <tag k="highway" v="service"/>
 </way>
 <way id="638946750" visible="true" version="3" changeset="112019518" timestamp="2021-10-03T03:21:01Z" user="user_10360149" uid="10360149">
  <nd ref="6021296389"/>
  <nd ref="8141939840"/>
  <nd ref="8141939841"/>
  <nd ref="8141939842"/>
  <nd ref="8141939843"/>
  <nd ref="8141939844"/>
  <nd ref="8141939845"/>
  <nd ref="8141939846"/>
  <nd ref="6021296388"/>
  <nd ref="8141939837"/>
  <nd ref="8141939838"/>
  <nd ref="8141939839"/>
  <nd ref="6021296387"/>
  <nd ref="6021296386"/>
  <nd ref="8141939849"/>
  <nd ref="8141939848"/>
  <nd ref="6021296389"/>
  <tag k="landuse" v="commercial"/>
  <tag k="name" v="北京首农香山会议中心"/>
  <tag k="name:zh" v="北京首农香山会议中心"/>
 </way>
 <way id="643031681" visible="true" version="2" changeset="120586786" timestamp="2022-05-05T12:21:05Z" user="cqrCpf7Ce_A7" uid="3620913">
  <nd ref="6052228774"/>
  <nd ref="6052228766"/>
  <nd ref="6052228741"/>
  <nd ref="6052228773"/>
  <nd ref="6052228770"/>
  <nd ref="6052228745"/>
  <nd ref="6052228747"/>
  <nd ref="6052228749"/>
  <nd ref="6052228771"/>
  <nd ref="6052228742"/>
  <nd ref="6052228767"/>
  <nd ref="6052228769"/>
  <nd ref="6052228774"/>
  <tag k="barrier" v="wall"/>
 </way>
 <way id="643031682" visible="true" version="1" changeset="64367358" timestamp="2018-11-11T06:12:03Z" user="ctboss" uid="7612177">
  <nd ref="320894134"/>
  <nd ref="6052228766"/>
  <nd ref="6052228744"/>
  <nd ref="6052228753"/>
  <tag k="highway" v="service"/>
 </way>
 <way id="643031683" visible="true" version="2" changeset="120586786" timestamp="2022-05-05T12:21:05Z" user="cqrCpf7Ce_A7" uid="3620913">
  <nd ref="6052228750"/>
  <nd ref="6052228752"/>
  <nd ref="6052228745"/>
  <nd ref="320894124"/>
  <tag k="highway" v="steps"/>
 </way>
 <way id="643031684" visible="true" version="2" changeset="120586786" timestamp="2022-05-05T12:21:05Z" user="cqrCpf7Ce_A7" uid="3620913">
  <nd ref="6052228756"/>
  <nd ref="9717988473"/>
  <nd ref="6052228750"/>
  <tag k="bicycle" v="designated"/>
  <tag k="foot" v="designated"/>
  <tag k="highway" v="path"/>
  <tag k="segregated" v="no"/>
 </way>
 <way id="643031685" visible="true" version="1" changeset="64367358" timestamp="2018-11-11T06:12:03Z" user="ctboss" uid="7612177">
  <nd ref="6052228768"/>
  <nd ref="6052228753"/>
  <nd ref="6052228754"/>
  <nd ref="6052228748"/>
  <nd ref="6052228755"/>
  <nd ref="6052228772"/>
  <nd ref="6052228757"/>
  <nd ref="6052228751"/>
  <nd ref="6052228762"/>
  <nd ref="6052228761"/>
  <nd ref="6052228768"/>
  <tag k="building" v="yes"/>
  <tag k="building:colour" v="red"/>
  <tag k="building:use" v="retail"/>
 </way>
 <way id="643031688" visible="true" version="1" changeset="64367358" timestamp="2018-11-11T06:12:03Z" user="ctboss" uid="7612177">
  <nd ref="6052228765"/>
  <nd ref="6052228759"/>
  <nd ref="6052228750"/>
  <tag k="bicycle" v="designated"/>
  <tag k="foot" v="designated"/>
  <tag k="highway" v="path"/>
  <tag k="segregated" v="no"/>
 </way>
 <way id="643031689" visible="true" version="1" changeset="64367358" timestamp="2018-11-11T06:12:03Z" user="ctboss" uid="7612177">
  <nd ref="6052228744"/>
  <nd ref="6052228760"/>
  <nd ref="6052228765"/>
  <tag k="bicycle" v="designated"/>
  <tag k="foot" v="designated"/>
  <tag k="highway" v="path"/>
  <tag k="segregated" v="no"/>
 </way>
 <way id="643031690" visible="true" version="1" changeset="64367358" timestamp="2018-11-11T06:12:03Z" user="ctboss" uid="7612177">
  <nd ref="6052228744"/>
  <nd ref="6052228758"/>
  <nd ref="6052228743"/>
  <nd ref="6052228756"/>
  <tag k="bicycle" v="designated"/>
  <tag k="foot" v="designated"/>
  <tag k="highway" v="path"/>
  <tag k="segregated" v="no"/>
 </way>
 <way id="731822770" visible="true" version="1" changeset="75309668" timestamp="2019-10-05T06:35:12Z" user="ctboss" uid="7612177">
  <nd ref="320894134"/>
  <nd ref="1960524799"/>
  <nd ref="320894131"/>
  <nd ref="5172603793"/>
  <nd ref="6001968460"/>
  <nd ref="5172603795"/>
  <tag k="highway" v="service"/>
 </way>
 <way id="874627990" visible="true" version="1" changeset="94429597" timestamp="2020-11-19T10:37:35Z" user="shanhulittle" uid="11213533">
  <nd ref="5928044331"/>
  <nd ref="8141939823"/>
  <nd ref="5769512834"/>
  <nd ref="5928044332"/>
  <nd ref="5928044331"/>
  <tag k="amenity" v="parking"/>
 </way>
 <way id="874627991" visible="true" version="2" changeset="120586786" timestamp="2022-05-05T12:21:05Z" user="cqrCpf7Ce_A7" uid="3620913">
  <nd ref="295350987"/>
  <nd ref="295350970"/>
  <nd ref="5172603781"/>
  <nd ref="320894100"/>
  <tag k="highway" v="residential"/>
  <tag k="name" v="碧云寺路"/>
  <tag k="name:en" v="Biyun Temple Road"/>
  <tag k="oneway" v="yes"/>
  <tag k="source" v="landsat"/>
 </way>
 <way id="874627992" visible="true" version="1" changeset="94429597" timestamp="2020-11-19T10:37:35Z" user="shanhulittle" uid="11213533">
  <nd ref="8141939850"/>
  <nd ref="6001968462"/>
  <tag k="highway" v="service"/>
 </way>
 <way id="874627993" visible="true" version="1" changeset="94429597" timestamp="2020-11-19T10:37:35Z" user="shanhulittle" uid="11213533">
  <nd ref="8141939852"/>
  <nd ref="8141939851"/>
  <tag k="bridge" v="yes"/>
  <tag k="highway" v="unclassified"/>
  <tag k="layer" v="1"/>
 </way>
 <way id="874627994" visible="true" version="1" changeset="94429597" timestamp="2020-11-19T10:37:35Z" user="shanhulittle" uid="11213533">
  <nd ref="320894134"/>
  <nd ref="8141939852"/>
  <tag k="highway" v="unclassified"/>
 </way>
 <way id="972862414" visible="true" version="4" changeset="152710605" timestamp="2024-06-15T08:23:43Z" user="gscholz" uid="109705">
  <nd ref="320894613"/>
  <nd ref="9004401101"/>
  <nd ref="9004401102"/>
  <nd ref="9004401103"/>
  <nd ref="9004401104"/>
  <nd ref="9004401105"/>
  <nd ref="9004401106"/>
  <nd ref="9004401107"/>
  <nd ref="9004401108"/>
  <nd ref="9122511114"/>
  <nd ref="9004401109"/>
  <nd ref="9004401110"/>
  <nd ref="9004401111"/>
  <nd ref="9004401112"/>
  <nd ref="9004401113"/>
  <nd ref="9713498606"/>
  <nd ref="9004401114"/>
  <nd ref="9004401115"/>
  <nd ref="9004401116"/>
  <nd ref="9004401117"/>
  <nd ref="9004401118"/>
  <nd ref="9004401119"/>
  <nd ref="9004401120"/>
  <nd ref="9004401121"/>
  <nd ref="9004401122"/>
  <nd ref="9004401123"/>
  <nd ref="9004401124"/>
  <nd ref="9004401125"/>
  <nd ref="9122511067"/>
  <nd ref="9122511068"/>
  <tag k="highway" v="path"/>
 </way>
 <way id="972862415" visible="true" version="3" changeset="120534083" timestamp="2022-05-04T09:36:07Z" user="cqrCpf7Ce_A7" uid="3620913">
  <nd ref="320894613"/>
  <nd ref="9004401126"/>
  <nd ref="9004401127"/>
  <nd ref="9004401128"/>
  <nd ref="9004401129"/>
  <nd ref="9713498646"/>
  <nd ref="9004401130"/>
  <nd ref="9008140444"/>
  <nd ref="9004401131"/>
  <nd ref="9004401132"/>
  <nd ref="9004401133"/>
  <nd ref="9004401134"/>
  <nd ref="9004401135"/>
  <nd ref="9004401136"/>
  <nd ref="9004401137"/>
  <nd ref="9004401138"/>
  <nd ref="9004401139"/>
  <nd ref="9004401140"/>
  <nd ref="9004401141"/>
  <nd ref="9004401142"/>
  <nd ref="9004401143"/>
  <tag k="highway" v="path"/>
 </way>
 <way id="973268886" visible="true" version="4" changeset="148214811" timestamp="2024-03-04T16:23:22Z" user="hikerake" uid="16028222">
  <nd ref="9008032284"/>
  <nd ref="9008032285"/>
  <nd ref="9008032286"/>
  <nd ref="9008032287"/>
  <nd ref="9008032288"/>
  <nd ref="9008032289"/>
  <nd ref="9008032290"/>
  <nd ref="9008032291"/>
  <nd ref="9008032292"/>
  <nd ref="9179612344"/>
  <nd ref="9008032293"/>
  <nd ref="9008032294"/>
  <nd ref="9008032295"/>
  <nd ref="9008032296"/>
  <nd ref="9008032297"/>
  <nd ref="9008032298"/>
  <nd ref="9008032299"/>
  <nd ref="9008032300"/>
  <nd ref="9008032301"/>
  <nd ref="9008032302"/>
  <nd ref="9008032303"/>
  <nd ref="9008032304"/>
  <nd ref="9008032305"/>
  <nd ref="11691297223"/>
  <nd ref="9008032306"/>
  <nd ref="9008032307"/>
  <nd ref="9008101485"/>
  <nd ref="9008032308"/>
  <nd ref="9008032309"/>
  <nd ref="9966134397"/>
  <nd ref="9008032310"/>
  <nd ref="9008101499"/>
  <nd ref="9008101500"/>
  <nd ref="9008101501"/>
  <nd ref="9008032311"/>
  <nd ref="9008032312"/>
  <nd ref="9008032313"/>
  <nd ref="9008032314"/>
  <nd ref="9008032315"/>
  <nd ref="9008032316"/>
  <nd ref="9008101317"/>
  <nd ref="11691297126"/>
  <nd ref="9966134395"/>
  <nd ref="281141915"/>
  <tag k="highway" v="path"/>
 </way>
 <way id="973268890" visible="true" version="2" changeset="120452070" timestamp="2022-05-02T09:27:11Z" user="cqrCpf7Ce_A7" uid="3620913">
  <nd ref="2123313558"/>
  <nd ref="9708823043"/>
  <nd ref="9708823042"/>
  <nd ref="9008101350"/>
  <nd ref="9008101351"/>
  <nd ref="9008101352"/>
  <nd ref="9708823044"/>
  <nd ref="9008101353"/>
  <nd ref="9008101354"/>
  <nd ref="9008101355"/>
  <nd ref="9008101356"/>
  <nd ref="9008101357"/>
  <tag k="highway" v="path"/>
 </way>
 <way id="973268891" visible="true" version="4" changeset="120123973" timestamp="2022-04-24T13:16:51Z" user="cqrCpf7Ce_A7" uid="3620913">
  <nd ref="898559092"/>
  <nd ref="9689278229"/>
  <nd ref="9008101358"/>
  <nd ref="9689685494"/>
  <nd ref="9008140466"/>
  <nd ref="9008101359"/>
  <nd ref="9689278228"/>
  <nd ref="9008101360"/>
  <tag k="highway" v="path"/>
 </way>
 <way id="973268892" visible="true" version="1" changeset="109703646" timestamp="2021-08-15T14:46:54Z" user="cqrCpf7Ce_A7" uid="3620913">
  <nd ref="898559094"/>
  <nd ref="9008101366"/>
  <nd ref="9008101367"/>
  <tag k="highway" v="path"/>
 </way>
 <way id="973268893" visible="true" version="2" changeset="120114177" timestamp="2022-04-24T08:04:55Z" user="cqrCpf7Ce_A7" uid="3620913">
  <nd ref="898559057"/>
  <nd ref="9689278227"/>
  <nd ref="9008101368"/>
  <nd ref="9008101369"/>
  <nd ref="9008101370"/>
  <nd ref="9008101371"/>
  <nd ref="9008101372"/>
  <nd ref="9008101373"/>
  <nd ref="4771411356"/>
  <tag k="highway" v="path"/>
 </way>
 <way id="973268901" visible="true" version="2" changeset="152710648" timestamp="2024-06-15T08:25:06Z" user="gscholz" uid="109705">
  <nd ref="9008101487"/>
  <nd ref="9008101488"/>
  <nd ref="9008101489"/>
  <tag k="highway" v="path"/>
 </way>
 <way id="973274282" visible="true" version="2" changeset="120114177" timestamp="2022-04-24T08:04:55Z" user="cqrCpf7Ce_A7" uid="3620913">
  <nd ref="320894441"/>
  <nd ref="320894449"/>
  <nd ref="9008139289"/>
  <nd ref="9689204712"/>
  <nd ref="9689204713"/>
  <nd ref="9689204714"/>
  <nd ref="9689204715"/>
  <nd ref="9008139291"/>
  <nd ref="9008139292"/>
  <nd ref="9008139293"/>
  <nd ref="9008139294"/>
  <nd ref="9008139295"/>
  <nd ref="9008139296"/>
  <nd ref="9008139297"/>
  <nd ref="9008139298"/>
  <nd ref="9008139299"/>
  <nd ref="9008139300"/>
  <nd ref="9008139301"/>
  <nd ref="9008139302"/>
  <nd ref="9008140421"/>
  <nd ref="9008139303"/>
  <nd ref="9008139304"/>
  <nd ref="9008139305"/>
  <nd ref="9008139306"/>
  <nd ref="9008139307"/>
  <nd ref="9008139308"/>
  <nd ref="9008139309"/>
  <nd ref="9008139310"/>
  <nd ref="9008139311"/>
  <nd ref="9008139312"/>
  <nd ref="9008139313"/>
  <nd ref="9008139314"/>
  <nd ref="9008139315"/>
  <nd ref="9008139316"/>
  <nd ref="9008140417"/>
  <nd ref="9008140418"/>
  <nd ref="9008140419"/>
  <nd ref="9008140420"/>
  <nd ref="898559169"/>
  <tag k="highway" v="path"/>
 </way>
 <way id="973274283" visible="true" version="2" changeset="120114451" timestamp="2022-04-24T08:13:21Z" user="cqrCpf7Ce_A7" uid="3620913">
  <nd ref="9008140421"/>
  <nd ref="9008140428"/>
  <nd ref="9008140422"/>
  <nd ref="9008140423"/>
  <nd ref="9008140424"/>
  <nd ref="9008140425"/>
  <nd ref="9008140426"/>
  <nd ref="9008140427"/>
  <tag k="highway" v="path"/>
 </way>
 <way id="973274284" visible="true" version="1" changeset="109704820" timestamp="2021-08-15T15:17:22Z" user="cqrCpf7Ce_A7" uid="3620913">
  <nd ref="9008140428"/>
  <nd ref="9008140429"/>
  <nd ref="9008140430"/>
  <nd ref="9008140431"/>
  <nd ref="9008140432"/>
  <nd ref="9008140433"/>
  <nd ref="9008140434"/>
  <nd ref="9008140435"/>
  <nd ref="9008140436"/>
  <nd ref="9008140437"/>
  <nd ref="9008140438"/>
  <nd ref="9008140439"/>
  <nd ref="9008140440"/>
  <nd ref="9008140441"/>
  <nd ref="9008140442"/>
  <nd ref="9008140443"/>
  <nd ref="9008140444"/>
  <tag k="highway" v="path"/>
 </way>
 <way id="973274285" visible="true" version="2" changeset="120114177" timestamp="2022-04-24T08:04:55Z" user="cqrCpf7Ce_A7" uid="3620913">
  <nd ref="9004401132"/>
  <nd ref="9008140445"/>
  <nd ref="9008140446"/>
  <nd ref="9008140447"/>
  <nd ref="9008140448"/>
  <nd ref="9008140449"/>
  <nd ref="9008140450"/>
  <nd ref="9008140451"/>
  <nd ref="9008140452"/>
  <nd ref="9008140453"/>
  <nd ref="9008140454"/>
  <nd ref="9689204716"/>
  <nd ref="9008140455"/>
  <nd ref="9008140456"/>
  <nd ref="9008140457"/>
  <nd ref="9008140458"/>
  <nd ref="9008140459"/>
  <nd ref="9008140460"/>
  <nd ref="9008140461"/>
  <nd ref="9008140462"/>
  <nd ref="9008140463"/>
  <nd ref="9008140464"/>
  <nd ref="9008140465"/>
  <nd ref="9689278225"/>
  <nd ref="898559059"/>
  <tag k="highway" v="path"/>
 </way>
 <way id="973274286" visible="true" version="3" changeset="120114177" timestamp="2022-04-24T08:04:55Z" user="cqrCpf7Ce_A7" uid="3620913">
  <nd ref="9689278231"/>
  <nd ref="9689278234"/>
  <nd ref="9008140467"/>
  <nd ref="9008140468"/>
  <nd ref="9008140469"/>
  <nd ref="9008140470"/>
  <nd ref="9008140471"/>
  <nd ref="9008140472"/>
  <nd ref="9008140473"/>
  <nd ref="9008140474"/>
  <nd ref="9008140475"/>
  <nd ref="9008140476"/>
  <nd ref="9008140477"/>
  <nd ref="9008140478"/>
  <nd ref="9008140479"/>
  <nd ref="9008140480"/>
  <nd ref="9008140481"/>
  <nd ref="9008140482"/>
  <nd ref="9008140483"/>
  <nd ref="9008140484"/>
  <nd ref="9008140485"/>
  <nd ref="9008140486"/>
  <nd ref="9008140487"/>
  <nd ref="9122540526"/>
  <nd ref="9008140488"/>
  <nd ref="9008140489"/>
  <nd ref="9008140490"/>
  <nd ref="9008140491"/>
  <nd ref="9008140492"/>
  <nd ref="9008140493"/>
  <nd ref="9008140494"/>
  <nd ref="9008140495"/>
  <nd ref="9008140496"/>
  <nd ref="9008140497"/>
  <nd ref="9008140498"/>
  <nd ref="9008140499"/>
  <nd ref="9008140500"/>
  <nd ref="720911169"/>
  <tag k="highway" v="path"/>
 </way>
 <way id="973274288" visible="true" version="7" changeset="165943760" timestamp="2025-05-07T15:10:52Z" user="吕明臻" uid="21273429">
  <nd ref="271822958"/>
  <nd ref="9008140519"/>
  <nd ref="9008140518"/>
  <nd ref="9008140517"/>
  <nd ref="9008140508"/>
  <nd ref="9008140509"/>
  <nd ref="9008140510"/>
  <nd ref="9008140511"/>
  <nd ref="9008140512"/>
  <nd ref="9008140513"/>
  <nd ref="9008140514"/>
  <nd ref="9008140515"/>
  <nd ref="9008140521"/>
  <nd ref="9008140522"/>
  <nd ref="9008140523"/>
  <nd ref="9008140524"/>
  <nd ref="9008140525"/>
  <nd ref="9713498658"/>
  <nd ref="9713498659"/>
  <nd ref="9713498660"/>
  <nd ref="9713498661"/>
  <nd ref="9713498662"/>
  <nd ref="9713498663"/>
  <nd ref="2123313352"/>
  <tag k="highway" v="path"/>
  <tag k="name" v="碎心谷"/>
 </way>
 <way id="973274289" visible="true" version="4" changeset="163779712" timestamp="2025-03-18T15:14:15Z" user="吕明臻" uid="21273429">
  <nd ref="9008140525"/>
  <nd ref="9008140533"/>
  <nd ref="9008140534"/>
  <nd ref="9008140535"/>
  <nd ref="9008140536"/>
  <nd ref="9008140537"/>
  <nd ref="9008140538"/>
  <nd ref="9008140539"/>
  <nd ref="9008140540"/>
  <nd ref="9008140541"/>
  <nd ref="9008140542"/>
  <nd ref="9008140543"/>
  <nd ref="9008140544"/>
  <nd ref="9008140545"/>
  <nd ref="9008140546"/>
  <nd ref="9008140547"/>
  <nd ref="9008140548"/>
  <nd ref="9008140549"/>
  <nd ref="9008140550"/>
  <nd ref="9008140551"/>
  <nd ref="9008140552"/>
  <nd ref="9008140553"/>
  <nd ref="9008140554"/>
  <nd ref="9008140555"/>
  <nd ref="9008140556"/>
  <nd ref="9008140557"/>
  <nd ref="9008140558"/>
  <nd ref="9008140559"/>
  <nd ref="9008140560"/>
  <nd ref="9008140561"/>
  <nd ref="9008140562"/>
  <nd ref="9008140563"/>
  <nd ref="9008140564"/>
  <nd ref="9713465810"/>
  <nd ref="9008140565"/>
  <nd ref="9008140566"/>
  <nd ref="9008140567"/>
  <nd ref="9008140568"/>
  <nd ref="9008140569"/>
  <tag k="highway" v="path"/>
  <tag k="name" v="广泉路"/>
 </way>
 <way id="973274294" visible="true" version="3" changeset="120534083" timestamp="2022-05-04T09:36:07Z" user="cqrCpf7Ce_A7" uid="3620913">
  <nd ref="271823014"/>
  <nd ref="9008140659"/>
  <nd ref="9008140660"/>
  <nd ref="9008140661"/>
  <nd ref="9008140662"/>
  <nd ref="9713465813"/>
  <nd ref="9713465812"/>
  <nd ref="9008140663"/>
  <nd ref="9008140664"/>
  <nd ref="9122540568"/>
  <nd ref="9122540567"/>
  <tag k="highway" v="path"/>
 </way>
 <way id="974389681" visible="true" version="1" changeset="109884216" timestamp="2021-08-18T15:58:18Z" user="cqrCpf7Ce_A7" uid="3620913">
  <nd ref="320894613"/>
  <nd ref="9017628756"/>
  <nd ref="9017628757"/>
  <nd ref="9017628758"/>
  <nd ref="9017628759"/>
  <nd ref="9017628760"/>
  <nd ref="9017628761"/>
  <nd ref="9017628762"/>
  <nd ref="9017628763"/>
  <nd ref="9017628764"/>
  <nd ref="9017628765"/>
  <nd ref="9017628766"/>
  <nd ref="624184788"/>
  <tag k="highway" v="path"/>
 </way>
 <way id="974389698" visible="true" version="1" changeset="109884216" timestamp="2021-08-18T15:58:18Z" user="cqrCpf7Ce_A7" uid="3620913">
  <nd ref="9017629032"/>
  <nd ref="9017629033"/>
  <nd ref="9017629034"/>
  <nd ref="9017629084"/>
  <nd ref="9017629035"/>
  <nd ref="9017629036"/>
  <nd ref="9017629037"/>
  <nd ref="9017629038"/>
  <nd ref="9017629039"/>
  <nd ref="9017629040"/>
  <nd ref="9017629041"/>
  <nd ref="9017629042"/>
  <nd ref="9017629043"/>
  <nd ref="9017629044"/>
  <nd ref="9017629045"/>
  <nd ref="9017629046"/>
  <nd ref="9017629047"/>
  <nd ref="9017629048"/>
  <nd ref="9017629049"/>
  <nd ref="9017629050"/>
  <nd ref="9017629051"/>
  <nd ref="9017629052"/>
  <nd ref="9017629053"/>
  <nd ref="9017629054"/>
  <nd ref="9017629055"/>
  <nd ref="9017629056"/>
  <nd ref="320894613"/>
  <tag k="highway" v="path"/>
 </way>
 <way id="978125230" visible="true" version="1" changeset="110510229" timestamp="2021-08-31T11:45:34Z" user="Zhaohan Dong" uid="12225675">
  <nd ref="9050736795"/>
  <nd ref="9050736796"/>
  <nd ref="9050736797"/>
  <nd ref="9050736798"/>
  <nd ref="9050736799"/>
  <nd ref="9050736800"/>
  <nd ref="9050736801"/>
  <nd ref="9050736802"/>
  <nd ref="9050736807"/>
  <nd ref="9050788725"/>
  <nd ref="9050736803"/>
  <nd ref="9050736804"/>
  <tag k="barrier" v="wall"/>
  <tag k="wall" v="stone"/>
 </way>
 <way id="978125233" visible="true" version="2" changeset="115154318" timestamp="2021-12-20T08:41:41Z" user="cqrCpf7Ce_A7" uid="3620913">
  <nd ref="9050736809"/>
  <nd ref="9050736810"/>
  <nd ref="9050736811"/>
  <nd ref="9050736812"/>
  <nd ref="9050736813"/>
  <nd ref="9050736814"/>
  <nd ref="9050736815"/>
  <nd ref="9050736816"/>
  <nd ref="9050788717"/>
  <nd ref="9050788718"/>
  <nd ref="9050788719"/>
  <nd ref="9050788720"/>
  <nd ref="9050788721"/>
  <nd ref="9050788722"/>
  <nd ref="2123313438"/>
  <tag k="highway" v="path"/>
 </way>
 <way id="978125234" visible="true" version="1" changeset="110510229" timestamp="2021-08-31T11:45:34Z" user="Zhaohan Dong" uid="12225675">
  <nd ref="9050736803"/>
  <nd ref="9050788723"/>
  <nd ref="9050788724"/>
  <nd ref="9050788725"/>
  <nd ref="9050736803"/>
  <tag k="amenity" v="parking"/>
 </way>
 <way id="986940415" visible="true" version="1" changeset="111691776" timestamp="2021-09-25T15:10:42Z" user="cqrCpf7Ce_A7" uid="3620913">
  <nd ref="9122511021"/>
  <nd ref="9122511022"/>
  <nd ref="9122511023"/>
  <nd ref="9122511024"/>
  <nd ref="9122511025"/>
  <nd ref="9122511026"/>
  <nd ref="9122511027"/>
  <nd ref="9122511033"/>
  <nd ref="9122511028"/>
  <nd ref="9122511029"/>
  <nd ref="9122511030"/>
  <nd ref="5917556707"/>
  <tag k="highway" v="path"/>
 </way>
 <way id="986940416" visible="true" version="2" changeset="120534083" timestamp="2022-05-04T09:36:07Z" user="cqrCpf7Ce_A7" uid="3620913">
  <nd ref="320894365"/>
  <nd ref="9122511032"/>
  <nd ref="9122511033"/>
  <nd ref="9122511034"/>
  <nd ref="6011847678"/>
  <tag k="highway" v="path"/>
 </way>
 <way id="986940417" visible="true" version="1" changeset="111691776" timestamp="2021-09-25T15:10:42Z" user="cqrCpf7Ce_A7" uid="3620913">
  <nd ref="9122511035"/>
  <nd ref="9122511036"/>
  <nd ref="9122511037"/>
  <nd ref="9122511038"/>
  <nd ref="9122511039"/>
  <nd ref="9122511040"/>
  <nd ref="9122511041"/>
  <nd ref="9122511042"/>
  <nd ref="9122511043"/>
  <nd ref="9122511044"/>
  <nd ref="9122511045"/>
  <nd ref="9122511046"/>
  <nd ref="9122511106"/>
  <nd ref="9122511047"/>
  <nd ref="9122511048"/>
  <nd ref="9122511049"/>
  <nd ref="9122511050"/>
  <nd ref="9122511051"/>
  <nd ref="9122511052"/>
  <nd ref="9122511053"/>
  <nd ref="9122511054"/>
  <nd ref="9122511055"/>
  <nd ref="9122511056"/>
  <nd ref="9122511057"/>
  <nd ref="9122511058"/>
  <nd ref="9122511059"/>
  <nd ref="9122511060"/>
  <nd ref="9122511061"/>
  <nd ref="9122511062"/>
  <nd ref="9122511063"/>
  <nd ref="9122511064"/>
  <nd ref="9122511065"/>
  <nd ref="9122511066"/>
  <tag k="highway" v="path"/>
 </way>
 <way id="986940418" visible="true" version="3" changeset="120123973" timestamp="2022-04-24T13:16:51Z" user="cqrCpf7Ce_A7" uid="3620913">
  <nd ref="320894427"/>
  <nd ref="9122511069"/>
  <nd ref="9122511070"/>
  <nd ref="9689685490"/>
  <nd ref="9122511071"/>
  <nd ref="9122511072"/>
  <nd ref="9122511073"/>
  <nd ref="9122511074"/>
  <nd ref="9122511108"/>
  <nd ref="9122511075"/>
  <nd ref="9122511076"/>
  <nd ref="9122511077"/>
  <nd ref="9122511078"/>
  <nd ref="9122511079"/>
  <nd ref="9122511080"/>
  <nd ref="9122511081"/>
  <nd ref="9122511082"/>
  <nd ref="9122511083"/>
  <nd ref="9122511084"/>
  <nd ref="9122511085"/>
  <nd ref="9122511086"/>
  <nd ref="9122511087"/>
  <nd ref="9122511088"/>
  <nd ref="9122511089"/>
  <nd ref="9671925197"/>
  <nd ref="9122511090"/>
  <nd ref="898559200"/>
  <tag k="highway" v="path"/>
 </way>
 <way id="986940419" visible="true" version="1" changeset="111691776" timestamp="2021-09-25T15:10:42Z" user="cqrCpf7Ce_A7" uid="3620913">
  <nd ref="9122511078"/>
  <nd ref="9122511091"/>
  <nd ref="9122511092"/>
  <nd ref="9122511093"/>
  <nd ref="9122511094"/>
  <nd ref="9122511095"/>
  <nd ref="9122511096"/>
  <nd ref="9122511097"/>
  <tag k="highway" v="path"/>
 </way>
 <way id="986940420" visible="true" version="3" changeset="120452070" timestamp="2022-05-02T09:27:11Z" user="cqrCpf7Ce_A7" uid="3620913">
  <nd ref="9122511094"/>
  <nd ref="9689204704"/>
  <nd ref="9122511100"/>
  <nd ref="9122511101"/>
  <nd ref="9122511102"/>
  <nd ref="9122511103"/>
  <nd ref="9122511104"/>
  <nd ref="9122511105"/>
  <nd ref="9122511106"/>
  <nd ref="6018884697"/>
  <tag k="highway" v="path"/>
 </way>
 <way id="986940421" visible="true" version="1" changeset="111691776" timestamp="2021-09-25T15:10:42Z" user="cqrCpf7Ce_A7" uid="3620913">
  <nd ref="320894414"/>
  <nd ref="9122511107"/>
  <nd ref="9122511108"/>
  <tag k="highway" v="path"/>
 </way>
 <way id="986940422" visible="true" version="1" changeset="111691776" timestamp="2021-09-25T15:10:42Z" user="cqrCpf7Ce_A7" uid="3620913">
  <nd ref="320894567"/>
  <nd ref="9122511109"/>
  <nd ref="9122511110"/>
  <nd ref="9122511111"/>
  <nd ref="9122511112"/>
  <nd ref="9122511113"/>
  <nd ref="9122511114"/>
  <tag k="highway" v="path"/>
 </way>
 <way id="986940423" visible="true" version="2" changeset="115388257" timestamp="2021-12-26T14:22:42Z" user="cqrCpf7Ce_A7" uid="3620913">
  <nd ref="9122511115"/>
  <nd ref="9122511116"/>
  <nd ref="9122540517"/>
  <nd ref="9122540518"/>
  <nd ref="9122540519"/>
  <nd ref="9122540520"/>
  <nd ref="9122540521"/>
  <nd ref="9122540522"/>
  <nd ref="9122540523"/>
  <nd ref="9122540524"/>
  <nd ref="9122540525"/>
  <nd ref="9122540526"/>
  <nd ref="9122540527"/>
  <nd ref="9122540528"/>
  <nd ref="9122540529"/>
  <nd ref="9122540530"/>
  <nd ref="9122540531"/>
  <nd ref="9008101489"/>
  <nd ref="9008101490"/>
  <nd ref="402451101"/>
  <tag k="highway" v="path"/>
 </way>
 <way id="986940429" visible="true" version="1" changeset="111691776" timestamp="2021-09-25T15:10:42Z" user="cqrCpf7Ce_A7" uid="3620913">
  <nd ref="9122540555"/>
  <nd ref="9122540556"/>
  <nd ref="9122540557"/>
  <nd ref="9122540558"/>
  <nd ref="9122540559"/>
  <nd ref="9122540560"/>
  <nd ref="9122540561"/>
  <nd ref="9122540562"/>
  <tag k="highway" v="path"/>
 </way>
 <way id="986940430" visible="true" version="2" changeset="115388257" timestamp="2021-12-26T14:22:42Z" user="cqrCpf7Ce_A7" uid="3620913">
  <nd ref="9122540536"/>
  <nd ref="9122540563"/>
  <nd ref="9122540564"/>
  <nd ref="9122540565"/>
  <nd ref="9122540566"/>
  <nd ref="9008140665"/>
  <nd ref="9122540567"/>
  <tag k="highway" v="footway"/>
 </way>
 <way id="986940431" visible="true" version="3" changeset="120534083" timestamp="2022-05-04T09:36:07Z" user="cqrCpf7Ce_A7" uid="3620913">
  <nd ref="9713465814"/>
  <nd ref="9008140607"/>
  <nd ref="9122540567"/>
  <tag k="highway" v="footway"/>
 </way>
 <way id="986940432" visible="true" version="1" changeset="111691776" timestamp="2021-09-25T15:10:42Z" user="cqrCpf7Ce_A7" uid="3620913">
  <nd ref="2123313396"/>
  <nd ref="2123313507"/>
  <nd ref="2123313494"/>
  <nd ref="2123313509"/>
  <nd ref="2123313287"/>
  <nd ref="2123313291"/>
  <nd ref="402451101"/>
  <tag k="highway" v="footway"/>
 </way>
 <way id="986940437" visible="true" version="2" changeset="120452070" timestamp="2022-05-02T09:27:11Z" user="cqrCpf7Ce_A7" uid="3620913">
  <nd ref="9009116862"/>
  <nd ref="9122540597"/>
  <nd ref="9122540598"/>
  <nd ref="9122540599"/>
  <nd ref="9122540600"/>
  <nd ref="9708823058"/>
  <nd ref="9708823059"/>
  <nd ref="2123313399"/>
  <tag k="highway" v="path"/>
 </way>
 <way id="986940438" visible="true" version="1" changeset="111691776" timestamp="2021-09-25T15:10:42Z" user="cqrCpf7Ce_A7" uid="3620913">
  <nd ref="9008140476"/>
  <nd ref="9122540602"/>
  <nd ref="9122540603"/>
  <nd ref="9122540604"/>
  <nd ref="9122540605"/>
  <nd ref="9122540606"/>
  <nd ref="9122540607"/>
  <nd ref="9122540608"/>
  <nd ref="9122540609"/>
  <nd ref="9122540610"/>
  <nd ref="9122540611"/>
  <nd ref="9122540612"/>
  <nd ref="9122540613"/>
  <nd ref="2123313494"/>
  <tag k="highway" v="path"/>
 </way>
 <way id="986940439" visible="true" version="1" changeset="111691776" timestamp="2021-09-25T15:10:42Z" user="cqrCpf7Ce_A7" uid="3620913">
  <nd ref="9122540614"/>
  <nd ref="9122540615"/>
  <nd ref="9122540616"/>
  <nd ref="9122540617"/>
  <nd ref="9122540618"/>
  <nd ref="9122540619"/>
  <tag k="highway" v="path"/>
 </way>
 <way id="986940440" visible="true" version="1" changeset="111691776" timestamp="2021-09-25T15:10:42Z" user="cqrCpf7Ce_A7" uid="3620913">
  <nd ref="9122540620"/>
  <nd ref="9122540621"/>
  <nd ref="9122540622"/>
  <nd ref="9122540623"/>
  <nd ref="9122540624"/>
  <nd ref="9122540625"/>
  <nd ref="9122540626"/>
  <nd ref="9122540627"/>
  <nd ref="9122540628"/>
  <nd ref="9122540629"/>
  <tag k="highway" v="path"/>
 </way>
 <way id="997948735" visible="true" version="1" changeset="113196260" timestamp="2021-10-31T14:46:28Z" user="cqrCpf7Ce_A7" uid="3620913">
  <nd ref="9050736805"/>
  <nd ref="9214404691"/>
  <nd ref="9214404692"/>
  <nd ref="9214404693"/>
  <nd ref="9214404694"/>
  <nd ref="9214404695"/>
  <nd ref="9214404696"/>
  <nd ref="9214404697"/>
  <nd ref="9214404698"/>
  <nd ref="9214404699"/>
  <nd ref="9122540567"/>
  <tag k="highway" v="path"/>
 </way>
 <way id="1013668410" visible="true" version="1" changeset="115154318" timestamp="2021-12-20T08:41:41Z" user="cqrCpf7Ce_A7" uid="3620913">
  <nd ref="9050736812"/>
  <nd ref="9352051892"/>
  <nd ref="9352051893"/>
  <nd ref="9352051894"/>
  <tag k="highway" v="path"/>
 </way>
 <way id="1013668411" visible="true" version="1" changeset="115154318" timestamp="2021-12-20T08:41:41Z" user="cqrCpf7Ce_A7" uid="3620913">
  <nd ref="9352051895"/>
  <nd ref="9352051896"/>
  <nd ref="9352051897"/>
  <nd ref="9352051898"/>
  <nd ref="9352051899"/>
  <nd ref="9352051906"/>
  <nd ref="9352051900"/>
  <nd ref="9352051901"/>
  <nd ref="9352051902"/>
  <tag k="highway" v="path"/>
 </way>
 <way id="1013668413" visible="true" version="3" changeset="120452070" timestamp="2022-05-02T09:27:11Z" user="cqrCpf7Ce_A7" uid="3620913">
  <nd ref="9122540601"/>
  <nd ref="9708823060"/>
  <nd ref="2123313397"/>
  <nd ref="9122540571"/>
  <nd ref="9122540570"/>
  <nd ref="2123313401"/>
  <nd ref="9122540569"/>
  <nd ref="2123313396"/>
  <tag k="highway" v="footway"/>
 </way>
 <way id="1015449193" visible="true" version="2" changeset="163469416" timestamp="2025-03-11T05:33:06Z" user="吕明臻" uid="21273429">
  <nd ref="9008140569"/>
  <nd ref="9008140570"/>
  <nd ref="9008140571"/>
  <nd ref="9008140572"/>
  <nd ref="9008140573"/>
  <nd ref="9008140574"/>
  <nd ref="9008140575"/>
  <nd ref="9008140576"/>
  <nd ref="9008140577"/>
  <nd ref="9008140578"/>
  <nd ref="9008140579"/>
  <nd ref="9008140580"/>
  <nd ref="9367116476"/>
  <nd ref="9367116477"/>
  <tag k="highway" v="footway"/>
  <tag k="name" v="广泉路"/>
 </way>
 <way id="1015449194" visible="true" version="1" changeset="115388257" timestamp="2021-12-26T14:22:42Z" user="cqrCpf7Ce_A7" uid="3620913">
  <nd ref="9008140665"/>
  <nd ref="9008140606"/>
  <nd ref="9008140605"/>
  <nd ref="9008140604"/>
  <nd ref="9008140603"/>
  <nd ref="9008140602"/>
  <nd ref="9008140601"/>
  <nd ref="9008140600"/>
  <nd ref="9008140599"/>
  <nd ref="9008140569"/>
  <tag k="highway" v="footway"/>
 </way>
 <way id="1015449195" visible="true" version="1" changeset="115388257" timestamp="2021-12-26T14:22:42Z" user="cqrCpf7Ce_A7" uid="3620913">
  <nd ref="9122540537"/>
  <nd ref="9008140666"/>
  <tag k="highway" v="path"/>
 </way>
 <way id="1015449196" visible="true" version="1" changeset="115388257" timestamp="2021-12-26T14:22:42Z" user="cqrCpf7Ce_A7" uid="3620913">
  <nd ref="402451101"/>
  <nd ref="9122540532"/>
  <nd ref="9122540533"/>
  <nd ref="9367116484"/>
  <nd ref="9122540534"/>
  <nd ref="9122540535"/>
  <nd ref="9122540536"/>
  <tag k="highway" v="footway"/>
 </way>
 <way id="1015449197" visible="true" version="1" changeset="115388257" timestamp="2021-12-26T14:22:42Z" user="cqrCpf7Ce_A7" uid="3620913">
  <nd ref="9008140580"/>
  <nd ref="9008140581"/>
  <nd ref="9008140582"/>
  <tag k="highway" v="path"/>
 </way>
 <way id="1015449199" visible="true" version="1" changeset="115388257" timestamp="2021-12-26T14:22:42Z" user="cqrCpf7Ce_A7" uid="3620913">
  <nd ref="9122540536"/>
  <nd ref="9122540537"/>
  <nd ref="9367116480"/>
  <nd ref="9367116481"/>
  <nd ref="9367116482"/>
  <nd ref="9367116483"/>
  <nd ref="9367116484"/>
  <tag k="highway" v="footway"/>
 </way>
 <way id="1030937345" visible="true" version="1" changeset="117357841" timestamp="2022-02-13T15:10:26Z" user="Nikolai E" uid="11658376">
  <nd ref="9502835164"/>
  <nd ref="9502835165"/>
  <nd ref="9502835166"/>
  <nd ref="9502835167"/>
  <nd ref="9502835168"/>
  <nd ref="9502835169"/>
  <nd ref="9502835170"/>
  <nd ref="9502835171"/>
  <nd ref="9502835164"/>
  <tag k="landuse" v="military"/>
 </way>
 <way id="1030937346" visible="true" version="1" changeset="117357841" timestamp="2022-02-13T15:10:26Z" user="Nikolai E" uid="11658376">
  <nd ref="9502835172"/>
  <nd ref="9502835173"/>
  <nd ref="9502835174"/>
  <nd ref="9502835175"/>
  <nd ref="9502835176"/>
  <nd ref="9502835177"/>
  <nd ref="9502835172"/>
  <tag k="landuse" v="military"/>
 </way>
 <way id="1030937347" visible="true" version="1" changeset="117357841" timestamp="2022-02-13T15:10:26Z" user="Nikolai E" uid="11658376">
  <nd ref="9502835178"/>
  <nd ref="9502835179"/>
  <nd ref="9502835180"/>
  <nd ref="9502835181"/>
  <nd ref="9502835182"/>
  <nd ref="9502835178"/>
  <tag k="landuse" v="military"/>
 </way>
 <way id="1030937348" visible="true" version="1" changeset="117357841" timestamp="2022-02-13T15:10:26Z" user="Nikolai E" uid="11658376">
  <nd ref="9502835183"/>
  <nd ref="9502835184"/>
  <nd ref="9502835185"/>
  <nd ref="9502835186"/>
  <nd ref="9502835187"/>
  <nd ref="9502835188"/>
  <nd ref="9502835189"/>
  <nd ref="9502835190"/>
  <nd ref="9502835191"/>
  <nd ref="9502835192"/>
  <nd ref="9502835193"/>
  <nd ref="9502835194"/>
  <nd ref="9502835195"/>
  <nd ref="9502835196"/>
  <nd ref="9502835197"/>
  <nd ref="9502835198"/>
  <nd ref="9502835199"/>
  <nd ref="9502835200"/>
  <nd ref="9502835201"/>
  <nd ref="9502835202"/>
  <nd ref="9502835183"/>
  <tag k="building" v="yes"/>
 </way>
 <way id="1032006582" visible="true" version="1" changeset="117476964" timestamp="2022-02-16T13:27:33Z" user="Nikolai E" uid="11658376">
  <nd ref="9510564769"/>
  <nd ref="9510564770"/>
  <nd ref="9510564771"/>
  <nd ref="9510564772"/>
  <nd ref="9510564773"/>
  <nd ref="9510564774"/>
  <nd ref="9510564775"/>
  <nd ref="9510564776"/>
  <nd ref="9510564777"/>
  <nd ref="9510564778"/>
  <nd ref="9510564779"/>
  <nd ref="9510564780"/>
  <nd ref="9510564781"/>
  <nd ref="9510564782"/>
  <nd ref="9510564783"/>
  <nd ref="9510564797"/>
  <nd ref="9510564784"/>
  <nd ref="9510564785"/>
  <nd ref="9510564786"/>
  <nd ref="9510564787"/>
  <nd ref="9510564788"/>
  <nd ref="9510564789"/>
  <nd ref="9510564790"/>
  <nd ref="9510564791"/>
  <nd ref="9510564792"/>
  <nd ref="9510564793"/>
  <nd ref="9510564794"/>
  <nd ref="9510564795"/>
  <nd ref="9510564796"/>
  <nd ref="9510564769"/>
  <tag k="landuse" v="residential"/>
 </way>
 <way id="1032006583" visible="true" version="1" changeset="117476964" timestamp="2022-02-16T13:27:33Z" user="Nikolai E" uid="11658376">
  <nd ref="9510564784"/>
  <nd ref="9510564797"/>
  <nd ref="9510564798"/>
  <nd ref="9510564799"/>
  <nd ref="9510564800"/>
  <nd ref="9510564801"/>
  <nd ref="9510564802"/>
  <nd ref="9510564803"/>
  <nd ref="9510564804"/>
  <nd ref="9510564805"/>
  <nd ref="9510564806"/>
  <nd ref="9510564807"/>
  <nd ref="9510564808"/>
  <nd ref="9510564784"/>
  <tag k="landuse" v="residential"/>
 </way>
 <way id="1032006597" visible="true" version="1" changeset="117476964" timestamp="2022-02-16T13:27:33Z" user="Nikolai E" uid="11658376">
  <nd ref="9510570714"/>
  <nd ref="9510570715"/>
  <nd ref="9510570716"/>
  <nd ref="9510570717"/>
  <nd ref="9510570714"/>
  <tag k="building" v="yes"/>
 </way>
 <way id="1032006598" visible="true" version="1" changeset="117476964" timestamp="2022-02-16T13:27:33Z" user="Nikolai E" uid="11658376">
  <nd ref="9510570718"/>
  <nd ref="9510570719"/>
  <nd ref="9510570720"/>
  <nd ref="9510570721"/>
  <nd ref="9510570718"/>
  <tag k="building" v="yes"/>
 </way>
 <way id="1032006599" visible="true" version="1" changeset="117476964" timestamp="2022-02-16T13:27:33Z" user="Nikolai E" uid="11658376">
  <nd ref="9510570722"/>
  <nd ref="9510570724"/>
  <nd ref="9510570723"/>
  <tag k="highway" v="residential"/>
 </way>
 <way id="1032006600" visible="true" version="1" changeset="117476964" timestamp="2022-02-16T13:27:33Z" user="Nikolai E" uid="11658376">
  <nd ref="9510570725"/>
  <nd ref="9510570726"/>
  <nd ref="9510570727"/>
  <nd ref="9510570728"/>
  <nd ref="9510570729"/>
  <nd ref="9510570735"/>
  <nd ref="9510570730"/>
  <nd ref="9510570731"/>
  <nd ref="9510570732"/>
  <nd ref="9510570733"/>
  <nd ref="9510570734"/>
  <tag k="highway" v="residential"/>
 </way>
 <way id="1032006601" visible="true" version="3" changeset="137075793" timestamp="2023-06-08T01:08:57Z" user="Gongdao" uid="7120476">
  <nd ref="9510570735"/>
  <nd ref="9510570736"/>
  <nd ref="9510570737"/>
  <nd ref="9510570738"/>
  <nd ref="9510570739"/>
  <nd ref="9510570740"/>
  <nd ref="9510570741"/>
  <tag k="highway" v="residential"/>
 </way>
 <way id="1032006602" visible="true" version="1" changeset="117476964" timestamp="2022-02-16T13:27:33Z" user="Nikolai E" uid="11658376">
  <nd ref="9510570741"/>
  <nd ref="9510570746"/>
  <nd ref="9510570747"/>
  <nd ref="9510570748"/>
  <nd ref="9510570749"/>
  <nd ref="9510570750"/>
  <nd ref="9510570751"/>
  <nd ref="9510570752"/>
  <nd ref="9510570753"/>
  <nd ref="9510570754"/>
  <nd ref="9239469726"/>
  <tag k="highway" v="residential"/>
 </way>
 <way id="1032006603" visible="true" version="1" changeset="117476964" timestamp="2022-02-16T13:27:33Z" user="Nikolai E" uid="11658376">
  <nd ref="9510570755"/>
  <nd ref="9510570756"/>
  <nd ref="5940799520"/>
  <nd ref="5940799521"/>
  <nd ref="5940799522"/>
  <nd ref="5940799523"/>
  <nd ref="5940799524"/>
  <nd ref="5940799525"/>
  <nd ref="5940799526"/>
  <nd ref="9510570757"/>
  <nd ref="9510570758"/>
  <nd ref="9510570759"/>
  <nd ref="9510570760"/>
  <nd ref="9510570761"/>
  <nd ref="9510570762"/>
  <nd ref="9510570763"/>
  <nd ref="9510570764"/>
  <nd ref="9510570765"/>
  <nd ref="9510570766"/>
  <nd ref="9510570767"/>
  <nd ref="9510570768"/>
  <nd ref="9510570769"/>
  <nd ref="9510570770"/>
  <nd ref="9510570771"/>
  <nd ref="9510570772"/>
  <nd ref="9510570773"/>
  <nd ref="9510570774"/>
  <nd ref="9510570755"/>
  <tag k="landuse" v="residential"/>
 </way>
 <way id="1032006604" visible="true" version="3" changeset="128685806" timestamp="2022-11-09T12:37:06Z" user="shanhulittle" uid="11213533">
  <nd ref="9510570775"/>
  <nd ref="5681563702"/>
  <nd ref="5681563703"/>
  <nd ref="5681563697"/>
  <nd ref="9510570776"/>
  <nd ref="9510570777"/>
  <nd ref="9510570778"/>
  <nd ref="9510570779"/>
  <nd ref="9510570780"/>
  <nd ref="9510570781"/>
  <nd ref="9510570782"/>
  <nd ref="9510570783"/>
  <nd ref="5940873905"/>
  <nd ref="9510570784"/>
  <nd ref="9510570785"/>
  <nd ref="9510570786"/>
  <nd ref="9510570787"/>
  <nd ref="9510570788"/>
  <nd ref="9510570789"/>
  <nd ref="9510570790"/>
  <nd ref="9510570791"/>
  <nd ref="9510570792"/>
  <nd ref="9510570793"/>
  <nd ref="9510570794"/>
  <nd ref="9510570795"/>
  <nd ref="9510570796"/>
  <nd ref="9510570797"/>
  <nd ref="9717972810"/>
  <nd ref="9510570798"/>
  <nd ref="9717972815"/>
  <nd ref="9510570799"/>
  <nd ref="9717988417"/>
  <nd ref="9510570800"/>
  <nd ref="9510570801"/>
  <nd ref="8141939839"/>
  <nd ref="6021296387"/>
  <nd ref="6021296386"/>
  <nd ref="9510570802"/>
  <nd ref="9510570803"/>
  <nd ref="9510570804"/>
  <nd ref="9510570805"/>
  <nd ref="9510570806"/>
  <nd ref="9510570807"/>
  <nd ref="9510570808"/>
  <nd ref="9510570809"/>
  <nd ref="9510570810"/>
  <nd ref="9510570811"/>
  <nd ref="9510570812"/>
  <nd ref="9510570775"/>
  <tag k="landuse" v="residential"/>
 </way>
 <way id="1039817826" visible="true" version="1" changeset="118421379" timestamp="2022-03-13T08:44:49Z" user="cqrCpf7Ce_A7" uid="3620913">
  <nd ref="9122540601"/>
  <nd ref="9574652201"/>
  <nd ref="2123313408"/>
  <tag k="bridge" v="yes"/>
  <tag k="highway" v="footway"/>
  <tag k="layer" v="1"/>
 </way>
 <way id="1039817827" visible="true" version="1" changeset="118421379" timestamp="2022-03-13T08:44:49Z" user="cqrCpf7Ce_A7" uid="3620913">
  <nd ref="2123313408"/>
  <nd ref="2123313438"/>
  <nd ref="2123313434"/>
  <nd ref="2123313439"/>
  <tag k="highway" v="footway"/>
 </way>
 <way id="1042181240" visible="true" version="1" changeset="118726125" timestamp="2022-03-21T09:16:48Z" user="cqrCpf7Ce_A7" uid="3620913">
  <nd ref="9008140421"/>
  <nd ref="9593926033"/>
  <nd ref="9593926034"/>
  <nd ref="9593926035"/>
  <nd ref="9593926036"/>
  <nd ref="9593926037"/>
  <tag k="highway" v="path"/>
 </way>
 <way id="1044430335" visible="true" version="1" changeset="118972191" timestamp="2022-03-27T08:25:41Z" user="cqrCpf7Ce_A7" uid="3620913">
  <nd ref="9004401124"/>
  <nd ref="9610431060"/>
  <nd ref="9610431061"/>
  <nd ref="9610431062"/>
  <nd ref="9610431063"/>
  <nd ref="9610431064"/>
  <nd ref="9610431065"/>
  <nd ref="9610431066"/>
  <nd ref="9004401121"/>
  <tag k="highway" v="path"/>
 </way>
 <way id="1044432100" visible="true" version="2" changeset="120534083" timestamp="2022-05-04T09:36:07Z" user="cqrCpf7Ce_A7" uid="3620913">
  <nd ref="320894365"/>
  <nd ref="9610434367"/>
  <nd ref="9713498525"/>
  <nd ref="9610434368"/>
  <nd ref="9610434369"/>
  <nd ref="9610434370"/>
  <nd ref="9610434371"/>
  <nd ref="9610434372"/>
  <nd ref="9610434373"/>
  <nd ref="9610434374"/>
  <nd ref="9610434375"/>
  <nd ref="9713465800"/>
  <nd ref="9610434376"/>
  <nd ref="9610434377"/>
  <nd ref="9610434378"/>
  <nd ref="9610434379"/>
  <nd ref="9610434380"/>
  <nd ref="9610431061"/>
  <tag k="highway" v="path"/>
 </way>
 <way id="1054342874" visible="true" version="1" changeset="120114177" timestamp="2022-04-24T08:04:55Z" user="cqrCpf7Ce_A7" uid="3620913">
  <nd ref="9122511095"/>
  <nd ref="9689204708"/>
  <tag k="highway" v="path"/>
 </way>
 <way id="1054342876" visible="true" version="2" changeset="120534083" timestamp="2022-05-04T09:36:07Z" user="cqrCpf7Ce_A7" uid="3620913">
  <nd ref="9689204716"/>
  <nd ref="9689278217"/>
  <nd ref="9689278218"/>
  <nd ref="9713498648"/>
  <nd ref="9713498649"/>
  <nd ref="9713498650"/>
  <nd ref="9713498651"/>
  <nd ref="9713498652"/>
  <nd ref="9713498653"/>
  <nd ref="9713498654"/>
  <nd ref="9713498655"/>
  <nd ref="9713498656"/>
  <nd ref="9713498657"/>
  <nd ref="9017628760"/>
  <tag k="highway" v="path"/>
 </way>
 <way id="1054342877" visible="true" version="1" changeset="120114177" timestamp="2022-04-24T08:04:55Z" user="cqrCpf7Ce_A7" uid="3620913">
  <nd ref="9689278217"/>
  <nd ref="9689278219"/>
  <tag k="highway" v="path"/>
 </way>
 <way id="1054342878" visible="true" version="1" changeset="120114177" timestamp="2022-04-24T08:04:55Z" user="cqrCpf7Ce_A7" uid="3620913">
  <nd ref="9008140462"/>
  <nd ref="9689278220"/>
  <nd ref="9689278221"/>
  <nd ref="9689278222"/>
  <nd ref="9689278223"/>
  <nd ref="9689278224"/>
  <tag k="highway" v="path"/>
 </way>
 <way id="1054342879" visible="true" version="1" changeset="120114177" timestamp="2022-04-24T08:04:55Z" user="cqrCpf7Ce_A7" uid="3620913">
  <nd ref="9689278225"/>
  <nd ref="9689278226"/>
  <nd ref="9689278227"/>
  <tag k="highway" v="path"/>
 </way>
 <way id="1054395787" visible="true" version="1" changeset="120123973" timestamp="2022-04-24T13:16:51Z" user="cqrCpf7Ce_A7" uid="3620913">
  <nd ref="9689685490"/>
  <nd ref="9689685491"/>
  <nd ref="9689685492"/>
  <tag k="highway" v="path"/>
 </way>
 <way id="1054395788" visible="true" version="1" changeset="120123973" timestamp="2022-04-24T13:16:51Z" user="cqrCpf7Ce_A7" uid="3620913">
  <nd ref="9122511069"/>
  <nd ref="9689685493"/>
  <tag k="highway" v="path"/>
 </way>
 <way id="1056440062" visible="true" version="1" changeset="120422741" timestamp="2022-05-01T14:25:07Z" user="Nikolai E" uid="11658376">
  <nd ref="9707269732"/>
  <nd ref="9707269733"/>
  <nd ref="9707269734"/>
  <nd ref="9707269735"/>
  <nd ref="9707269732"/>
  <tag k="building" v="warehouse"/>
 </way>
 <way id="1056440063" visible="true" version="1" changeset="120422741" timestamp="2022-05-01T14:25:07Z" user="Nikolai E" uid="11658376">
  <nd ref="9707269736"/>
  <nd ref="9707269737"/>
  <nd ref="9707269738"/>
  <nd ref="9707269739"/>
  <nd ref="9707269736"/>
  <tag k="building" v="yes"/>
 </way>
 <way id="1056440064" visible="true" version="1" changeset="120422741" timestamp="2022-05-01T14:25:07Z" user="Nikolai E" uid="11658376">
  <nd ref="9707269740"/>
  <nd ref="9707269741"/>
  <nd ref="9707269742"/>
  <nd ref="9707269743"/>
  <nd ref="9707269740"/>
  <tag k="building" v="yes"/>
 </way>
 <way id="1056440065" visible="true" version="1" changeset="120422741" timestamp="2022-05-01T14:25:07Z" user="Nikolai E" uid="11658376">
  <nd ref="9707269744"/>
  <nd ref="9707269745"/>
  <nd ref="9707269746"/>
  <nd ref="9707269747"/>
  <nd ref="9707269744"/>
  <tag k="building" v="yes"/>
 </way>
 <way id="1056440066" visible="true" version="1" changeset="120422741" timestamp="2022-05-01T14:25:07Z" user="Nikolai E" uid="11658376">
  <nd ref="9707269744"/>
  <nd ref="9707269743"/>
  <tag k="barrier" v="wall"/>
 </way>
 <way id="1056440067" visible="true" version="1" changeset="120422741" timestamp="2022-05-01T14:25:07Z" user="Nikolai E" uid="11658376">
  <nd ref="9707269748"/>
  <nd ref="9707269749"/>
  <nd ref="9707269750"/>
  <nd ref="9707269751"/>
  <nd ref="9707269752"/>
  <nd ref="9707269753"/>
  <nd ref="9707269754"/>
  <nd ref="9707269755"/>
  <nd ref="9707269756"/>
  <tag k="barrier" v="wall"/>
 </way>
 <way id="1056440070" visible="true" version="1" changeset="120422741" timestamp="2022-05-01T14:25:07Z" user="Nikolai E" uid="11658376">
  <nd ref="9707269765"/>
  <nd ref="9707269766"/>
  <nd ref="9707269767"/>
  <nd ref="9707269768"/>
  <nd ref="9707269765"/>
  <tag k="building" v="yes"/>
 </way>
 <way id="1056440071" visible="true" version="1" changeset="120422741" timestamp="2022-05-01T14:25:07Z" user="Nikolai E" uid="11658376">
  <nd ref="9707269769"/>
  <nd ref="9707269770"/>
  <nd ref="9707269771"/>
  <nd ref="9707269772"/>
  <nd ref="9707269769"/>
  <tag k="building" v="yes"/>
 </way>
 <way id="1056440072" visible="true" version="1" changeset="120422741" timestamp="2022-05-01T14:25:07Z" user="Nikolai E" uid="11658376">
  <nd ref="9707269773"/>
  <nd ref="9707269774"/>
  <nd ref="9707269775"/>
  <nd ref="9707269776"/>
  <nd ref="9707269777"/>
  <nd ref="9707269778"/>
  <nd ref="9707269779"/>
  <nd ref="9707269780"/>
  <nd ref="9707269783"/>
  <nd ref="9707269781"/>
  <nd ref="9707269782"/>
  <tag k="highway" v="residential"/>
 </way>
 <way id="1056440073" visible="true" version="1" changeset="120422741" timestamp="2022-05-01T14:25:07Z" user="Nikolai E" uid="11658376">
  <nd ref="9707269784"/>
  <nd ref="9707269785"/>
  <nd ref="9707269786"/>
  <nd ref="9707269787"/>
  <nd ref="9707269784"/>
  <tag k="building" v="bungalow"/>
 </way>
 <way id="1056440074" visible="true" version="1" changeset="120422741" timestamp="2022-05-01T14:25:07Z" user="Nikolai E" uid="11658376">
  <nd ref="9707269788"/>
  <nd ref="9707269789"/>
  <nd ref="9707269790"/>
  <nd ref="9707269791"/>
  <nd ref="9707269788"/>
  <tag k="building" v="bungalow"/>
 </way>
 <way id="1056440075" visible="true" version="1" changeset="120422741" timestamp="2022-05-01T14:25:07Z" user="Nikolai E" uid="11658376">
  <nd ref="9707269792"/>
  <nd ref="9707269793"/>
  <nd ref="9707269794"/>
  <nd ref="9707269795"/>
  <nd ref="9707269792"/>
  <tag k="building" v="bungalow"/>
 </way>
 <way id="1056588171" visible="true" version="1" changeset="120452070" timestamp="2022-05-02T09:27:11Z" user="cqrCpf7Ce_A7" uid="3620913">
  <nd ref="9708823044"/>
  <nd ref="9708823045"/>
  <nd ref="9708823046"/>
  <nd ref="9708823047"/>
  <nd ref="9708823048"/>
  <nd ref="9708823049"/>
  <nd ref="9708823050"/>
  <nd ref="9708823051"/>
  <nd ref="9708823052"/>
  <nd ref="9708823053"/>
  <nd ref="9708823054"/>
  <nd ref="9708823055"/>
  <nd ref="4771411369"/>
  <tag k="highway" v="path"/>
 </way>
 <way id="1056588175" visible="true" version="1" changeset="120452070" timestamp="2022-05-02T09:27:11Z" user="cqrCpf7Ce_A7" uid="3620913">
  <nd ref="9708823082"/>
  <nd ref="9708823083"/>
  <nd ref="9708823084"/>
  <nd ref="9708823085"/>
  <nd ref="9708823086"/>
  <nd ref="9708823087"/>
  <nd ref="9708823088"/>
  <nd ref="9708823089"/>
  <nd ref="9708823090"/>
  <nd ref="9708823091"/>
  <nd ref="9122540627"/>
  <tag k="highway" v="path"/>
 </way>
 <way id="1056588177" visible="true" version="1" changeset="120452070" timestamp="2022-05-02T09:27:11Z" user="cqrCpf7Ce_A7" uid="3620913">
  <nd ref="9008140467"/>
  <nd ref="9708823095"/>
  <nd ref="9708823096"/>
  <nd ref="9708823097"/>
  <nd ref="9708823098"/>
  <nd ref="9708823099"/>
  <nd ref="9708823100"/>
  <tag k="highway" v="path"/>
 </way>
 <way id="1057120342" visible="true" version="1" changeset="120534083" timestamp="2022-05-04T09:36:07Z" user="cqrCpf7Ce_A7" uid="3620913">
  <nd ref="9122540557"/>
  <nd ref="9713465801"/>
  <nd ref="9713465802"/>
  <nd ref="9713465803"/>
  <nd ref="9713465804"/>
  <nd ref="9713465805"/>
  <nd ref="9713465806"/>
  <nd ref="9713465807"/>
  <nd ref="9008140500"/>
  <tag k="highway" v="path"/>
 </way>
 <way id="1057120344" visible="true" version="1" changeset="120534083" timestamp="2022-05-04T09:36:07Z" user="cqrCpf7Ce_A7" uid="3620913">
  <nd ref="9713465810"/>
  <nd ref="9713465811"/>
  <tag k="highway" v="path"/>
 </way>
 <way id="1057120345" visible="true" version="2" changeset="175917377" timestamp="2025-12-14T12:40:38Z" user="福珠隆阿" uid="3744043">
  <nd ref="2123313465"/>
  <nd ref="2123313467"/>
  <tag k="highway" v="footway"/>
 </way>
 <way id="1057120346" visible="true" version="1" changeset="120534083" timestamp="2022-05-04T09:36:07Z" user="cqrCpf7Ce_A7" uid="3620913">
  <nd ref="2123313470"/>
  <nd ref="9713465814"/>
  <tag k="bridge" v="boardwalk"/>
  <tag k="highway" v="path"/>
  <tag k="surface" v="wood"/>
 </way>
 <way id="1057120348" visible="true" version="1" changeset="120534083" timestamp="2022-05-04T09:36:07Z" user="cqrCpf7Ce_A7" uid="3620913">
  <nd ref="9510570732"/>
  <nd ref="9713498530"/>
  <nd ref="9713498529"/>
  <nd ref="9713498528"/>
  <nd ref="9713498527"/>
  <nd ref="9713498526"/>
  <nd ref="9713498525"/>
  <nd ref="5917556707"/>
  <tag k="highway" v="path"/>
 </way>
 <way id="1057120349" visible="true" version="1" changeset="120534083" timestamp="2022-05-04T09:36:07Z" user="cqrCpf7Ce_A7" uid="3620913">
  <nd ref="9713498530"/>
  <nd ref="9713498531"/>
  <nd ref="9713498532"/>
  <nd ref="9713498533"/>
  <nd ref="9713498534"/>
  <nd ref="9610434372"/>
  <tag k="highway" v="path"/>
 </way>
 <way id="1057120350" visible="true" version="3" changeset="148214811" timestamp="2024-03-04T16:23:22Z" user="hikerake" uid="16028222">
  <nd ref="9610434373"/>
  <nd ref="9713498535"/>
  <nd ref="9713498536"/>
  <nd ref="9713498537"/>
  <nd ref="9713498538"/>
  <nd ref="9713498539"/>
  <nd ref="9713498540"/>
  <nd ref="9713498541"/>
  <nd ref="10962565386"/>
  <nd ref="9713498542"/>
  <nd ref="9713498543"/>
  <nd ref="11691296863"/>
  <nd ref="11691296862"/>
  <nd ref="9713498544"/>
  <nd ref="9713498545"/>
  <nd ref="11691296855"/>
  <nd ref="9713498546"/>
  <nd ref="9713498547"/>
  <nd ref="9713498548"/>
  <nd ref="9713498549"/>
  <nd ref="9713498550"/>
  <nd ref="9713498551"/>
  <nd ref="9713498552"/>
  <nd ref="9713498553"/>
  <nd ref="9713498554"/>
  <nd ref="9713498555"/>
  <nd ref="9713498556"/>
  <nd ref="9713498557"/>
  <nd ref="9713498559"/>
  <nd ref="9713498560"/>
  <nd ref="9713498561"/>
  <nd ref="9713498562"/>
  <nd ref="9713498563"/>
  <nd ref="9713498564"/>
  <tag k="highway" v="path"/>
 </way>
 <way id="1057120351" visible="true" version="1" changeset="120534083" timestamp="2022-05-04T09:36:07Z" user="cqrCpf7Ce_A7" uid="3620913">
  <nd ref="9610434377"/>
  <nd ref="9713498565"/>
  <nd ref="9713498566"/>
  <nd ref="9713498567"/>
  <nd ref="9713498568"/>
  <nd ref="9713498569"/>
  <nd ref="9713498570"/>
  <nd ref="9713498571"/>
  <nd ref="9713498572"/>
  <nd ref="9713498573"/>
  <nd ref="9713498574"/>
  <nd ref="9713498575"/>
  <nd ref="9713498576"/>
  <nd ref="9713498577"/>
  <nd ref="9713498578"/>
  <nd ref="9713498579"/>
  <nd ref="9713498580"/>
  <nd ref="9713498581"/>
  <nd ref="9713498582"/>
  <nd ref="9713498583"/>
  <nd ref="9713498584"/>
  <nd ref="9713498639"/>
  <nd ref="9713498585"/>
  <nd ref="9713498586"/>
  <nd ref="9713498587"/>
  <nd ref="9713498588"/>
  <nd ref="9713498589"/>
  <nd ref="9713498590"/>
  <nd ref="9713498591"/>
  <nd ref="9017629035"/>
  <tag k="highway" v="path"/>
 </way>
 <way id="1057120352" visible="true" version="1" changeset="120534083" timestamp="2022-05-04T09:36:07Z" user="cqrCpf7Ce_A7" uid="3620913">
  <nd ref="9713498578"/>
  <nd ref="9713498592"/>
  <nd ref="9713498593"/>
  <nd ref="9713498594"/>
  <nd ref="9713498595"/>
  <nd ref="9713498596"/>
  <nd ref="9713498597"/>
  <nd ref="9713498598"/>
  <nd ref="9713498599"/>
  <nd ref="9713498600"/>
  <nd ref="9713498601"/>
  <nd ref="9713498602"/>
  <nd ref="9713498603"/>
  <nd ref="9713498604"/>
  <nd ref="9713498605"/>
  <nd ref="9713498606"/>
  <tag k="highway" v="path"/>
 </way>
 <way id="1057120353" visible="true" version="1" changeset="120534083" timestamp="2022-05-04T09:36:07Z" user="cqrCpf7Ce_A7" uid="3620913">
  <nd ref="9713498578"/>
  <nd ref="9713498607"/>
  <nd ref="9713498608"/>
  <nd ref="9713498609"/>
  <nd ref="9713498610"/>
  <nd ref="9713498611"/>
  <nd ref="9713498612"/>
  <nd ref="9713498613"/>
  <nd ref="9713498614"/>
  <nd ref="9713498615"/>
  <nd ref="9713498616"/>
  <nd ref="9713498617"/>
  <nd ref="9713498618"/>
  <nd ref="9713498564"/>
  <tag k="highway" v="path"/>
 </way>
 <way id="1057120354" visible="true" version="1" changeset="120534083" timestamp="2022-05-04T09:36:07Z" user="cqrCpf7Ce_A7" uid="3620913">
  <nd ref="9713498616"/>
  <nd ref="9713498619"/>
  <nd ref="9713498620"/>
  <nd ref="9713498621"/>
  <nd ref="9713498622"/>
  <nd ref="9713498623"/>
  <nd ref="9713498549"/>
  <tag k="highway" v="path"/>
 </way>
 <way id="1057120355" visible="true" version="1" changeset="120534083" timestamp="2022-05-04T09:36:07Z" user="cqrCpf7Ce_A7" uid="3620913">
  <nd ref="9713498608"/>
  <nd ref="9713498624"/>
  <nd ref="9713498625"/>
  <nd ref="9713498626"/>
  <nd ref="9713498627"/>
  <nd ref="9713498628"/>
  <nd ref="9713498629"/>
  <nd ref="9713498630"/>
  <nd ref="9713498631"/>
  <nd ref="9713498632"/>
  <nd ref="9713498633"/>
  <nd ref="9713498634"/>
  <nd ref="9713498635"/>
  <nd ref="9713498636"/>
  <nd ref="9713498637"/>
  <nd ref="9713498638"/>
  <nd ref="9713498639"/>
  <tag k="highway" v="path"/>
 </way>
 <way id="1057120356" visible="true" version="1" changeset="120534083" timestamp="2022-05-04T09:36:07Z" user="cqrCpf7Ce_A7" uid="3620913">
  <nd ref="9017628756"/>
  <nd ref="9713498640"/>
  <nd ref="9713498641"/>
  <nd ref="9713498642"/>
  <nd ref="9713498643"/>
  <nd ref="9713498644"/>
  <nd ref="9713498647"/>
  <nd ref="9713498645"/>
  <nd ref="9713498646"/>
  <tag k="highway" v="path"/>
 </way>
 <way id="1057608498" visible="true" version="3" changeset="132471121" timestamp="2023-02-13T05:06:21Z" user="cnvery" uid="3627342">
  <nd ref="271824596"/>
  <nd ref="271824595"/>
  <nd ref="5681563700"/>
  <nd ref="2123313400"/>
  <nd ref="10171383832"/>
  <nd ref="5665129251"/>
  <nd ref="271824594"/>
  <nd ref="10171383831"/>
  <nd ref="295350987"/>
  <tag k="highway" v="living_street"/>
  <tag k="name" v="煤厂街"/>
  <tag k="name:en" v="Mei Chang Street"/>
  <tag k="name:zh" v="煤厂街"/>
  <tag k="name:zh-Hans" v="煤厂街"/>
  <tag k="name:zh-Hant" v="煤廠街"/>
  <tag k="oneway" v="no"/>
  <tag k="source" v="landsat"/>
 </way>
 <way id="1057608526" visible="true" version="1" changeset="120586786" timestamp="2022-05-05T12:21:05Z" user="cqrCpf7Ce_A7" uid="3620913">
  <nd ref="9717988585"/>
  <nd ref="9717988586"/>
  <nd ref="9717988587"/>
  <nd ref="9717988588"/>
  <nd ref="9717988585"/>
  <tag k="building" v="yes"/>
 </way>
 <way id="1057608527" visible="true" version="1" changeset="120586786" timestamp="2022-05-05T12:21:05Z" user="cqrCpf7Ce_A7" uid="3620913">
  <nd ref="9717988589"/>
  <nd ref="9717988590"/>
  <nd ref="9717988591"/>
  <nd ref="9717988592"/>
  <nd ref="9717988589"/>
  <tag k="building" v="yes"/>
 </way>
 <way id="1057608528" visible="true" version="1" changeset="120586786" timestamp="2022-05-05T12:21:05Z" user="cqrCpf7Ce_A7" uid="3620913">
  <nd ref="9717988593"/>
  <nd ref="9717988594"/>
  <nd ref="9717988595"/>
  <nd ref="9717988596"/>
  <nd ref="9717988597"/>
  <nd ref="9717988598"/>
  <nd ref="9717988593"/>
  <tag k="building" v="yes"/>
 </way>
 <way id="1057608529" visible="true" version="1" changeset="120586786" timestamp="2022-05-05T12:21:05Z" user="cqrCpf7Ce_A7" uid="3620913">
  <nd ref="9717988599"/>
  <nd ref="9717988600"/>
  <nd ref="9717988601"/>
  <nd ref="9717988602"/>
  <nd ref="9717988599"/>
  <tag k="building" v="yes"/>
 </way>
 <way id="1057608530" visible="true" version="1" changeset="120586786" timestamp="2022-05-05T12:21:05Z" user="cqrCpf7Ce_A7" uid="3620913">
  <nd ref="9717988603"/>
  <nd ref="9717988604"/>
  <nd ref="9717988605"/>
  <nd ref="9717988606"/>
  <nd ref="9717988607"/>
  <nd ref="9717988608"/>
  <nd ref="9717988603"/>
  <tag k="building" v="yes"/>
 </way>
 <way id="1057608531" visible="true" version="1" changeset="120586786" timestamp="2022-05-05T12:21:05Z" user="cqrCpf7Ce_A7" uid="3620913">
  <nd ref="9717988609"/>
  <nd ref="9717988610"/>
  <nd ref="9717988611"/>
  <nd ref="9717988612"/>
  <nd ref="9717988609"/>
  <tag k="building" v="yes"/>
 </way>
 <way id="1057608532" visible="true" version="1" changeset="120586786" timestamp="2022-05-05T12:21:05Z" user="cqrCpf7Ce_A7" uid="3620913">
  <nd ref="9717988613"/>
  <nd ref="9717988614"/>
  <nd ref="9717988615"/>
  <nd ref="9717988616"/>
  <nd ref="9717988617"/>
  <nd ref="9717988618"/>
  <nd ref="9717988619"/>
  <nd ref="9717988620"/>
  <nd ref="9717988621"/>
  <nd ref="9717988622"/>
  <nd ref="9717988623"/>
  <nd ref="9717988624"/>
  <nd ref="9717988613"/>
  <tag k="building" v="yes"/>
 </way>
 <way id="1057608533" visible="true" version="1" changeset="120586786" timestamp="2022-05-05T12:21:05Z" user="cqrCpf7Ce_A7" uid="3620913">
  <nd ref="9717988625"/>
  <nd ref="9717988626"/>
  <nd ref="9717988627"/>
  <nd ref="9717988628"/>
  <nd ref="9717988629"/>
  <nd ref="9717988630"/>
  <nd ref="9717988625"/>
  <tag k="building" v="yes"/>
 </way>
 <way id="1067064235" visible="true" version="1" changeset="122005427" timestamp="2022-06-06T06:06:19Z" user="Nikolai E" uid="11658376">
  <nd ref="9797817682"/>
  <nd ref="9797817683"/>
  <nd ref="9797817684"/>
  <nd ref="9797817685"/>
  <nd ref="9797817686"/>
  <nd ref="9797817682"/>
  <tag k="landuse" v="orchard"/>
 </way>
 <way id="1067064236" visible="true" version="1" changeset="122005427" timestamp="2022-06-06T06:06:19Z" user="Nikolai E" uid="11658376">
  <nd ref="9797817687"/>
  <nd ref="9797817688"/>
  <nd ref="9797817689"/>
  <nd ref="9797817690"/>
  <nd ref="9797817691"/>
  <nd ref="9797817692"/>
  <nd ref="9797817687"/>
  <tag k="amenity" v="parking"/>
 </way>
 <way id="1111773401" visible="true" version="1" changeset="128685806" timestamp="2022-11-09T12:37:06Z" user="shanhulittle" uid="11213533">
  <nd ref="5668096032"/>
  <nd ref="5668096028"/>
  <tag k="bicycle" v="designated"/>
  <tag k="foot" v="designated"/>
  <tag k="highway" v="path"/>
  <tag k="segregated" v="no"/>
 </way>
 <way id="1155350968" visible="true" version="1" changeset="133843914" timestamp="2023-03-19T02:56:04Z" user="vimacs_hacks" uid="13417651">
  <nd ref="5923357609"/>
  <nd ref="905109417"/>
  <tag k="highway" v="service"/>
 </way>
 <way id="1180350617" visible="true" version="1" changeset="137075793" timestamp="2023-06-08T01:08:57Z" user="Gongdao" uid="7120476">
  <nd ref="9510570741"/>
  <nd ref="9510570742"/>
  <nd ref="9713498558"/>
  <nd ref="9510570743"/>
  <nd ref="9510570744"/>
  <nd ref="9510570745"/>
  <tag k="highway" v="service"/>
 </way>
 <way id="1180350618" visible="true" version="1" changeset="137075793" timestamp="2023-06-08T01:08:57Z" user="Gongdao" uid="7120476">
  <nd ref="9510570745"/>
  <nd ref="10962565383"/>
  <nd ref="10962565384"/>
  <nd ref="10962565385"/>
  <nd ref="10962565386"/>
  <tag k="highway" v="path"/>
 </way>
 <way id="1180350619" visible="true" version="1" changeset="137075793" timestamp="2023-06-08T01:08:57Z" user="Gongdao" uid="7120476">
  <nd ref="10962565387"/>
  <nd ref="10962565388"/>
  <nd ref="10962565389"/>
  <nd ref="10962565390"/>
  <nd ref="10962565391"/>
  <nd ref="10962565392"/>
  <nd ref="10962565393"/>
  <nd ref="10962565394"/>
  <nd ref="10962565395"/>
  <nd ref="10962565396"/>
  <nd ref="10962565397"/>
  <nd ref="10962565387"/>
  <tag k="garden:type" v="public"/>
  <tag k="leisure" v="garden"/>
  <tag k="name" v="香山诗书园"/>
 </way>
 <way id="1181447909" visible="true" version="1" changeset="137255958" timestamp="2023-06-12T18:37:59Z" user="快乐的老鼠宝宝" uid="9403945">
  <nd ref="10971784208"/>
  <nd ref="10971784209"/>
  <nd ref="10971784210"/>
  <nd ref="10971784211"/>
  <nd ref="10971784212"/>
  <nd ref="10971784213"/>
  <nd ref="10971784208"/>
  <tag k="landuse" v="commercial"/>
 </way>
 <way id="1181450498" visible="true" version="1" changeset="137256306" timestamp="2023-06-12T18:48:41Z" user="快乐的老鼠宝宝" uid="9403945">
  <nd ref="10971808192"/>
  <nd ref="10971808193"/>
  <nd ref="10971808194"/>
  <nd ref="10971808195"/>
  <nd ref="10971808196"/>
  <nd ref="10971808197"/>
  <nd ref="10971808198"/>
  <nd ref="10971808199"/>
  <nd ref="10971808200"/>
  <nd ref="10971808201"/>
  <nd ref="10971808192"/>
  <tag k="name" v="北京万寿康医院"/>
  <tag k="note" v="https://www.openstreetmap.org/way/1058069745"/>
  <tag k="proposed:amenity" v="hospital"/>
  <tag k="proposed:healthcare" v="hospital"/>
  <tag k="reference" v="《北京万寿康医院公示迁址》https://zyk.bjhd.gov.cn/jbdt/auto4504/auto4504_53332/auto4504_53362/auto4504_53373/202112/t20211215_4502449.shtml?type=computer"/>
 </way>
 <way id="1257522031" visible="true" version="1" changeset="148214811" timestamp="2024-03-04T16:23:22Z" user="hikerake" uid="16028222">
  <nd ref="11691296855"/>
  <nd ref="11691296856"/>
  <nd ref="11691296857"/>
  <nd ref="11691296858"/>
  <nd ref="11691296859"/>
  <nd ref="11691296860"/>
  <nd ref="11691296861"/>
  <nd ref="9713498608"/>
  <tag k="highway" v="path"/>
 </way>
 <way id="1365651946" visible="true" version="2" changeset="163469416" timestamp="2025-03-11T05:33:06Z" user="吕明臻" uid="21273429">
  <nd ref="9008140525"/>
  <nd ref="9008140526"/>
  <nd ref="9008140527"/>
  <nd ref="9008140528"/>
  <nd ref="9008140529"/>
  <nd ref="9008140530"/>
  <nd ref="9713465808"/>
  <nd ref="9008140531"/>
  <nd ref="9008101495"/>
  <tag k="highway" v="path"/>
 </way>
 <way id="1458466639" visible="true" version="1" changeset="175917377" timestamp="2025-12-14T12:40:38Z" user="福珠隆阿" uid="3744043">
  <nd ref="402451101"/>
  <nd ref="13375771980"/>
  <nd ref="13375771979"/>
  <nd ref="13375771978"/>
  <nd ref="13375771977"/>
  <nd ref="13375771976"/>
  <nd ref="13375771975"/>
  <nd ref="13375771974"/>
  <nd ref="13375771973"/>
  <nd ref="13375771972"/>
  <nd ref="13375771971"/>
  <nd ref="13375771970"/>
  <nd ref="13375771969"/>
  <nd ref="13375771968"/>
  <nd ref="13375771967"/>
  <nd ref="2344089986"/>
  <tag k="waterway" v="stream"/>
 </way>
 <way id="1458466640" visible="true" version="1" changeset="175917377" timestamp="2025-12-14T12:40:38Z" user="福珠隆阿" uid="3744043">
  <nd ref="13375771981"/>
  <nd ref="2123313465"/>
  <tag k="bridge" v="yes"/>
  <tag k="highway" v="footway"/>
  <tag k="layer" v="1"/>
 </way>
 <way id="1458466641" visible="true" version="1" changeset="175917377" timestamp="2025-12-14T12:40:38Z" user="福珠隆阿" uid="3744043">
  <nd ref="2123313396"/>
  <nd ref="13375771981"/>
  <tag k="highway" v="footway"/>
 </way>
 <relation id="1282716" visible="true" version="93" changeset="184079585" timestamp="2026-06-14T04:59:48Z" user="Sen_3m23" uid="22346008">
  <member type="way" ref="1231253786" role=""/>
  <member type="way" ref="1231253785" role=""/>
  <member type="way" ref="686716013" role=""/>
  <member type="way" ref="686716014" role=""/>
  <member type="way" ref="243127223" role="main_stream"/>
  <member type="way" ref="55590497" role="main_stream"/>
  <member type="way" ref="55590539" role="main_stream"/>
  <member type="way" ref="55590439" role="main_stream"/>
  <member type="way" ref="55590437" role="main_stream"/>
  <member type="way" ref="226214865" role="main_stream"/>
  <member type="way" ref="226214867" role="main_stream"/>
  <member type="way" ref="1066635659" role="main_stream"/>
  <member type="way" ref="226219760" role="main_stream"/>
  <member type="way" ref="1066635657" role="main_stream"/>
  <member type="way" ref="653954175" role=""/>
  <member type="way" ref="654520834" role="main_stream"/>
  <member type="way" ref="226219759" role="main_stream"/>
  <member type="way" ref="1066503534" role="main_stream"/>
  <member type="way" ref="86139288" role="main_stream"/>
  <member type="way" ref="86139342" role=""/>
  <member type="way" ref="86139394" role="main_stream"/>
  <member type="way" ref="580879380" role=""/>
  <member type="way" ref="654520820" role=""/>
  <member type="way" ref="226219779" role=""/>
  <member type="way" ref="42967057" role=""/>
  <member type="way" ref="86215512" role=""/>
  <member type="way" ref="86214392" role=""/>
  <member type="way" ref="86213768" role=""/>
  <member type="way" ref="86210722" role=""/>
  <member type="way" ref="343054011" role=""/>
  <member type="way" ref="343054009" role=""/>
  <member type="way" ref="343054012" role=""/>
  <member type="way" ref="343054115" role=""/>
  <member type="way" ref="1077049331" role=""/>
  <member type="way" ref="105510003" role=""/>
  <member type="way" ref="331656840" role=""/>
  <member type="way" ref="1147973228" role=""/>
  <member type="way" ref="1147973227" role=""/>
  <member type="way" ref="979745443" role=""/>
  <member type="way" ref="1147973229" role=""/>
  <member type="way" ref="845918889" role=""/>
  <member type="way" ref="845921898" role=""/>
  <member type="way" ref="1529297693" role=""/>
  <member type="way" ref="845918937" role=""/>
  <member type="way" ref="845918936" role=""/>
  <member type="way" ref="845918934" role=""/>
  <member type="way" ref="55590529" role=""/>
  <member type="way" ref="1065810588" role=""/>
  <member type="way" ref="655296242" role=""/>
  <member type="way" ref="86201795" role=""/>
  <member type="way" ref="86201726" role=""/>
  <member type="way" ref="86201769" role=""/>
  <member type="way" ref="86201777" role=""/>
  <member type="way" ref="86201781" role=""/>
  <member type="way" ref="311131232" role=""/>
  <member type="way" ref="311131230" role=""/>
  <member type="way" ref="311131231" role=""/>
  <member type="way" ref="1152537619" role=""/>
  <member type="way" ref="1152537620" role=""/>
  <member type="way" ref="1152537621" role=""/>
  <member type="way" ref="1152537618" role=""/>
  <member type="way" ref="445435333" role=""/>
  <member type="way" ref="668807416" role=""/>
  <member type="way" ref="1414650753" role=""/>
  <member type="way" ref="1414650752" role=""/>
  <member type="way" ref="86209159" role=""/>
  <member type="way" ref="1200996943" role=""/>
  <member type="way" ref="1200996942" role=""/>
  <member type="way" ref="42971383" role=""/>
  <member type="way" ref="91406383" role=""/>
  <member type="way" ref="1412235931" role=""/>
  <member type="way" ref="1412235930" role=""/>
  <member type="way" ref="96152295" role=""/>
  <member type="way" ref="134783408" role=""/>
  <member type="way" ref="86201485" role=""/>
  <member type="way" ref="343054117" role=""/>
  <member type="way" ref="26560074" role=""/>
  <member type="way" ref="856670923" role=""/>
  <member type="way" ref="856670924" role=""/>
  <member type="way" ref="839857829" role=""/>
  <member type="way" ref="839857830" role=""/>
  <member type="way" ref="42946286" role=""/>
  <member type="way" ref="1328311145" role=""/>
  <member type="way" ref="1328311144" role=""/>
  <member type="way" ref="1247723564" role=""/>
  <member type="way" ref="1247723563" role=""/>
  <member type="way" ref="636720972" role=""/>
  <member type="way" ref="824154651" role=""/>
  <member type="way" ref="86208206" role=""/>
  <member type="way" ref="470946257" role=""/>
  <member type="way" ref="470946254" role=""/>
  <member type="way" ref="86200509" role=""/>
  <member type="way" ref="86200508" role=""/>
  <member type="way" ref="86200491" role=""/>
  <member type="way" ref="86200492" role=""/>
  <member type="way" ref="86200493" role=""/>
  <member type="way" ref="1065908673" role=""/>
  <member type="way" ref="1065908674" role=""/>
  <member type="way" ref="226219780" role=""/>
  <member type="way" ref="1065904142" role=""/>
  <member type="way" ref="1065904141" role=""/>
  <member type="way" ref="689884262" role=""/>
  <member type="way" ref="595596684" role=""/>
  <member type="way" ref="1120924906" role=""/>
  <member type="way" ref="1300150010" role=""/>
  <member type="way" ref="1300150009" role=""/>
  <member type="way" ref="1120924907" role=""/>
  <member type="way" ref="953984945" role=""/>
  <member type="way" ref="1240363237" role=""/>
  <member type="way" ref="1240363238" role=""/>
  <member type="way" ref="1240242521" role=""/>
  <member type="way" ref="185884000" role=""/>
  <member type="way" ref="1024264358" role=""/>
  <member type="way" ref="653512683" role=""/>
  <member type="way" ref="226214870" role=""/>
  <member type="way" ref="29141428" role=""/>
  <member type="way" ref="652409511" role=""/>
  <member type="way" ref="597880433" role=""/>
  <member type="way" ref="42502383" role=""/>
  <member type="way" ref="1162067764" role=""/>
  <member type="way" ref="55886288" role=""/>
  <member type="way" ref="597880426" role=""/>
  <member type="way" ref="26560375" role=""/>
  <member type="way" ref="26560294" role=""/>
  <member type="way" ref="979561223" role=""/>
  <member type="way" ref="979561225" role=""/>
  <member type="way" ref="463824040" role=""/>
  <member type="way" ref="29141407" role=""/>
  <member type="way" ref="979561249" role=""/>
  <member type="way" ref="979561224" role=""/>
  <member type="way" ref="26292513" role=""/>
  <member type="way" ref="226214872" role=""/>
  <member type="way" ref="135173973" role=""/>
  <member type="way" ref="265036105" role=""/>
  <member type="way" ref="158145743" role=""/>
  <member type="way" ref="158145748" role=""/>
  <member type="way" ref="71401270" role=""/>
  <member type="way" ref="71401272" role=""/>
  <member type="way" ref="122215464" role=""/>
  <member type="way" ref="856670922" role=""/>
  <member type="way" ref="856670921" role=""/>
  <member type="way" ref="122215463" role=""/>
  <member type="way" ref="47570833" role=""/>
  <member type="way" ref="988249684" role=""/>
  <member type="way" ref="988249683" role=""/>
  <member type="way" ref="47570832" role=""/>
  <member type="way" ref="994372083" role=""/>
  <member type="way" ref="994372084" role=""/>
  <member type="way" ref="994372085" role=""/>
  <member type="way" ref="994372086" role=""/>
  <member type="way" ref="994372087" role=""/>
  <member type="way" ref="994372088" role=""/>
  <member type="way" ref="994372089" role=""/>
  <member type="way" ref="994372090" role=""/>
  <member type="way" ref="1031059004" role=""/>
  <member type="way" ref="1031059003" role=""/>
  <member type="way" ref="24487649" role=""/>
  <member type="way" ref="26289201" role=""/>
  <member type="way" ref="55886855" role=""/>
  <member type="way" ref="132750937" role=""/>
  <member type="way" ref="29337350" role=""/>
  <member type="way" ref="109077903" role=""/>
  <member type="way" ref="109077914" role=""/>
  <member type="way" ref="109077927" role=""/>
  <member type="way" ref="109077920" role=""/>
  <member type="way" ref="652409512" role=""/>
  <member type="way" ref="1162000436" role=""/>
  <member type="way" ref="1162000434" role=""/>
  <member type="way" ref="597897099" role=""/>
  <member type="way" ref="29141601" role=""/>
  <member type="way" ref="478927752" role=""/>
  <member type="way" ref="142101069" role=""/>
  <member type="way" ref="1381634396" role=""/>
  <member type="way" ref="742492700" role=""/>
  <member type="way" ref="759030961" role=""/>
  <member type="way" ref="759030960" role=""/>
  <member type="way" ref="742492701" role=""/>
  <member type="way" ref="941729553" role=""/>
  <member type="way" ref="638625273" role=""/>
  <member type="way" ref="30212759" role=""/>
  <member type="way" ref="1000965387" role=""/>
  <member type="way" ref="653499487" role=""/>
  <member type="way" ref="979561267" role=""/>
  <member type="way" ref="29141410" role=""/>
  <member type="way" ref="26289104" role=""/>
  <member type="way" ref="765364649" role=""/>
  <member type="way" ref="765364648" role=""/>
  <member type="way" ref="984794188" role=""/>
  <member type="way" ref="838900968" role=""/>
  <member type="way" ref="838900966" role=""/>
  <member type="way" ref="243770192" role=""/>
  <member type="way" ref="840067848" role=""/>
  <member type="way" ref="981622274" role=""/>
  <member type="way" ref="724783983" role=""/>
  <member type="way" ref="226258042" role=""/>
  <member type="way" ref="226258041" role=""/>
  <member type="way" ref="314211370" role=""/>
  <member type="way" ref="765364647" role=""/>
  <member type="way" ref="1028394024" role=""/>
  <member type="way" ref="1028394023" role=""/>
  <member type="way" ref="775152060" role=""/>
  <member type="way" ref="29545110" role=""/>
  <member type="way" ref="941023892" role=""/>
  <member type="way" ref="630518968" role=""/>
  <member type="way" ref="630518966" role=""/>
  <member type="way" ref="941023894" role=""/>
  <member type="way" ref="630300945" role=""/>
  <member type="way" ref="630518963" role=""/>
  <member type="way" ref="25429577" role=""/>
  <member type="way" ref="1065110747" role=""/>
  <member type="way" ref="1124894317" role=""/>
  <member type="way" ref="1128191549" role=""/>
  <member type="way" ref="1128191552" role=""/>
  <member type="way" ref="1128191551" role=""/>
  <member type="way" ref="1128191550" role=""/>
  <member type="way" ref="330598827" role=""/>
  <member type="way" ref="9488387" role=""/>
  <member type="way" ref="29207152" role=""/>
  <member type="way" ref="9488333" role=""/>
  <member type="way" ref="186868465" role=""/>
  <member type="way" ref="654967153" role=""/>
  <member type="way" ref="654967155" role=""/>
  <member type="way" ref="597880427" role=""/>
  <member type="way" ref="640205482" role=""/>
  <member type="way" ref="600038830" role=""/>
  <member type="way" ref="1458466643" role=""/>
  <member type="way" ref="1458466642" role=""/>
  <member type="way" ref="23426825" role=""/>
  <member type="way" ref="29227764" role=""/>
  <member type="way" ref="210646534" role=""/>
  <member type="way" ref="26560350" role=""/>
  <member type="way" ref="653514143" role=""/>
  <member type="way" ref="371908703" role=""/>
  <member type="way" ref="655294360" role=""/>
  <member type="way" ref="638713832" role=""/>
  <member type="way" ref="638713831" role=""/>
  <member type="way" ref="297193229" role=""/>
  <member type="way" ref="297193227" role=""/>
  <member type="way" ref="297193231" role=""/>
  <member type="way" ref="638713834" role=""/>
  <member type="way" ref="638713833" role=""/>
  <member type="way" ref="297193223" role=""/>
  <member type="way" ref="653984454" role=""/>
  <member type="way" ref="454165052" role=""/>
  <member type="way" ref="654087248" role=""/>
  <member type="way" ref="51269171" role=""/>
  <member type="way" ref="330360141" role=""/>
  <member type="way" ref="1069499212" role=""/>
  <member type="way" ref="29235434" role=""/>
  <member type="way" ref="29136331" role=""/>
  <member type="way" ref="29136953" role=""/>
  <member type="way" ref="638630457" role=""/>
  <member type="way" ref="1178517820" role=""/>
  <member type="way" ref="1178517819" role=""/>
  <member type="way" ref="27349308" role=""/>
  <member type="way" ref="1263404582" role=""/>
  <member type="way" ref="330745038" role=""/>
  <member type="way" ref="261456581" role=""/>
  <member type="way" ref="261456578" role=""/>
  <member type="way" ref="117088417" role=""/>
  <member type="way" ref="117090481" role=""/>
  <member type="way" ref="330745037" role=""/>
  <member type="way" ref="134688135" role=""/>
  <member type="way" ref="133897547" role=""/>
  <member type="way" ref="121511196" role=""/>
  <member type="way" ref="252762995" role=""/>
  <member type="way" ref="956982274" role=""/>
  <member type="way" ref="463811798" role=""/>
  <member type="way" ref="775152069" role=""/>
  <member type="way" ref="775152067" role=""/>
  <member type="way" ref="1134174832" role=""/>
  <member type="way" ref="1134174831" role=""/>
  <member type="way" ref="186951774" role=""/>
  <member type="way" ref="42502256" role=""/>
  <member type="way" ref="478927843" role=""/>
  <member type="way" ref="232494893" role=""/>
  <member type="way" ref="197882346" role=""/>
  <member type="way" ref="171469562" role=""/>
  <member type="way" ref="1065862497" role=""/>
  <member type="way" ref="992373650" role=""/>
  <member type="way" ref="210217998" role=""/>
  <member type="way" ref="26560078" role=""/>
  <member type="way" ref="765446316" role=""/>
  <member type="way" ref="1119639674" role=""/>
  <member type="way" ref="1119639673" role=""/>
  <member type="way" ref="29236029" role=""/>
  <member type="way" ref="1450870832" role=""/>
  <member type="way" ref="1450870831" role=""/>
  <member type="way" ref="923839503" role=""/>
  <member type="way" ref="1018724758" role=""/>
  <member type="way" ref="937474240" role=""/>
  <member type="way" ref="29315195" role=""/>
  <member type="way" ref="29315196" role=""/>
  <member type="way" ref="117084961" role=""/>
  <member type="way" ref="1141357049" role=""/>
  <member type="way" ref="1141357050" role=""/>
  <member type="way" ref="1141357051" role=""/>
  <member type="way" ref="1141357052" role=""/>
  <member type="way" ref="29156303" role=""/>
  <member type="way" ref="172939801" role=""/>
  <member type="way" ref="29378127" role=""/>
  <member type="way" ref="29378128" role=""/>
  <member type="way" ref="226214868" role=""/>
  <member type="way" ref="55590491" role=""/>
  <member type="way" ref="465560663" role=""/>
  <member type="way" ref="465560662" role=""/>
  <member type="way" ref="465560050" role=""/>
  <member type="way" ref="945700762" role=""/>
  <member type="way" ref="1034968764" role=""/>
  <member type="way" ref="1034968763" role=""/>
  <member type="way" ref="305386847" role=""/>
  <member type="way" ref="29237356" role=""/>
  <member type="way" ref="485742363" role=""/>
  <member type="way" ref="134688129" role=""/>
  <member type="way" ref="1062237136" role=""/>
  <member type="way" ref="154031714" role=""/>
  <member type="way" ref="144711735" role=""/>
  <member type="way" ref="331656799" role=""/>
  <member type="way" ref="144711647" role=""/>
  <member type="way" ref="144711649" role=""/>
  <member type="way" ref="845918924" role=""/>
  <member type="way" ref="845918935" role=""/>
  <member type="way" ref="845918907" role=""/>
  <member type="way" ref="845916231" role=""/>
  <member type="way" ref="144711727" role=""/>
  <member type="way" ref="825085143" role=""/>
  <member type="way" ref="1273600610" role=""/>
  <member type="way" ref="825085144" role=""/>
  <member type="way" ref="1273600609" role=""/>
  <member type="way" ref="1273600615" role=""/>
  <member type="way" ref="868220949" role=""/>
  <member type="way" ref="845918904" role=""/>
  <member type="way" ref="845918905" role=""/>
  <member type="way" ref="845918933" role=""/>
  <member type="way" ref="845916237" role=""/>
  <member type="way" ref="687826402" role=""/>
  <member type="way" ref="174294206" role=""/>
  <member type="way" ref="964099292" role=""/>
  <member type="way" ref="699900485" role=""/>
  <member type="way" ref="117576491" role=""/>
  <member type="way" ref="1482734858" role=""/>
  <member type="way" ref="1482734859" role=""/>
  <member type="way" ref="117575180" role=""/>
  <member type="way" ref="502083408" role=""/>
  <member type="way" ref="502245963" role=""/>
  <member type="way" ref="243702499" role=""/>
  <member type="way" ref="330564326" role=""/>
  <member type="way" ref="243702408" role=""/>
  <member type="way" ref="243702409" role=""/>
  <member type="way" ref="53447063" role=""/>
  <member type="way" ref="243702406" role=""/>
  <member type="way" ref="243702407" role=""/>
  <member type="way" ref="226219762" role=""/>
  <member type="way" ref="184521497" role=""/>
  <member type="way" ref="226219758" role=""/>
  <member type="way" ref="226219761" role=""/>
  <member type="way" ref="70849277" role=""/>
  <member type="way" ref="70849265" role=""/>
  <member type="way" ref="33452113" role=""/>
  <member type="relation" ref="1282714" role="subbasin"/>
  <member type="relation" ref="1282715" role="subbasin"/>
  <member type="relation" ref="1283382" role=""/>
  <member type="relation" ref="8599180" role=""/>
  <member type="relation" ref="14398388" role=""/>
  <member type="relation" ref="14398389" role=""/>
  <member type="relation" ref="14404756" role=""/>
  <tag k="code" v="ACB11006"/>
  <tag k="name" v="潮白河流域"/>
  <tag k="name:en" v="Chaobai basin"/>
  <tag k="name:zh" v="潮白河流域"/>
  <tag k="nsdi_code" v="CB0304"/>
  <tag k="parent_basin" v="(Sea)"/>
  <tag k="type" v="watershed"/>
  <tag k="zhb_code" v="08CC100000"/>
 </relation>
 <relation id="8758696" visible="true" version="17" changeset="113972277" timestamp="2021-11-19T04:12:57Z" user="user_10360149" uid="10360149">
  <member type="way" ref="629229068" role="outer"/>
  <member type="way" ref="672361020" role="outer"/>
  <member type="way" ref="672361021" role="outer"/>
  <member type="way" ref="672363083" role="outer"/>
  <member type="way" ref="672363081" role="outer"/>
  <member type="way" ref="629293308" role="outer"/>
  <member type="way" ref="629293307" role="outer"/>
  <member type="way" ref="630501612" role="outer"/>
  <member type="way" ref="630501609" role="outer"/>
  <member type="way" ref="630300951" role="outer"/>
  <member type="way" ref="630300950" role="outer"/>
  <member type="way" ref="630306243" role="outer"/>
  <member type="way" ref="630306242" role="outer"/>
  <member type="way" ref="658978613" role="outer"/>
  <member type="way" ref="658978612" role="outer"/>
  <member type="way" ref="629246697" role="outer"/>
  <member type="way" ref="629246695" role="outer"/>
  <member type="way" ref="629237981" role="outer"/>
  <member type="way" ref="629237983" role="outer"/>
  <tag k="natural" v="wood"/>
  <tag k="type" v="multipolygon"/>
 </relation>
 <relation id="8758747" visible="true" version="9" changeset="120586786" timestamp="2022-05-05T12:21:05Z" user="cqrCpf7Ce_A7" uid="3620913">
  <member type="way" ref="1033220797" role="outer"/>
  <member type="way" ref="629237982" role="outer"/>
  <member type="way" ref="1057608488" role="outer"/>
  <member type="way" ref="1057608486" role="outer"/>
  <member type="way" ref="629237981" role="outer"/>
  <tag k="garden:type" v="botanical"/>
  <tag k="leisure" v="garden"/>
  <tag k="name" v="国家植物园（北园）"/>
  <tag k="name:en" v="Beijing Botanical Garden"/>
  <tag k="name:zh" v="国家植物园（北园）"/>
  <tag k="type" v="multipolygon"/>
  <tag k="wikidata" v="Q894657"/>
 </relation>
</osm>
