{"type":"FeatureCollection","features":[{"type":"Feature","id":"relation/8758747","properties":{"name":"国家植物园（北园）","source":"OpenStreetMap","license":"ODbL-1.0","role":"boundary"},"geometry":{"type":"Polygon","coordinates":[[[116.1991247,39.998208],[116.198938,39.9982705],[116.1989786,39.9984699],[116.1983037,39.9990678],[116.1983932,39.9994789],[116.1985233,40.0000644],[116.1987591,40.0004257],[116.1986615,40.0008368],[116.1979866,40.001142],[116.1978891,40.0014596],[116.1975801,40.0016714],[116.1968971,40.0019392],[116.1967101,40.0025309],[116.1971085,40.0029108],[116.1971817,40.0031164],[116.1971492,40.0032409],[116.1966857,40.0033655],[116.1963117,40.0033655],[116.1962466,40.0036894],[116.1972792,40.0044928],[116.197637,40.0043745],[116.1979622,40.0045489],[116.1982468,40.0045489],[116.1985152,40.0044804],[116.1987103,40.0048105],[116.1984989,40.0052589],[116.1979216,40.0055329],[116.1971979,40.005726],[116.196889,40.0068658],[116.1969784,40.0072332],[116.1969377,40.0078249],[116.1967426,40.0081923],[116.196458,40.0082172],[116.196206,40.0085162],[116.1959702,40.00884],[116.1955555,40.0091389],[116.1954091,40.009413],[116.1951733,40.009687],[116.1945716,40.0103285],[116.1937911,40.0105153],[116.1930349,40.0110384],[116.193023,40.0111369],[116.1930734,40.0111997],[116.1931627,40.0112541],[116.1932722,40.0112239],[116.1938643,40.0108952],[116.1941326,40.0107768],[116.1946286,40.0109014],[116.1951002,40.0108765],[116.1954335,40.0103783],[116.1957607,40.0100683],[116.1960515,40.0097929],[116.1959376,40.0095313],[116.1960596,40.0092324],[116.1962791,40.0090206],[116.1966776,40.0088462],[116.1970028,40.0084788],[116.1974581,40.0079494],[116.1976777,40.0072083],[116.1981655,40.0071958],[116.1985802,40.0071336],[116.1995559,40.0072519],[116.1998161,40.0069031],[116.2001657,40.0068782],[116.2003063,40.0070183],[116.2023742,40.0070061],[116.2029365,40.006901],[116.2031534,40.006869],[116.2032937,40.0067858],[116.2034018,40.0067599],[116.2038734,40.0054582],[116.2039719,40.0049106],[116.2039954,40.0046735],[116.2048654,40.0047606],[116.2057842,40.0050596],[116.2071827,40.004935],[116.2073372,40.0046361],[116.2076381,40.0046735],[116.2083455,40.00458],[116.2087357,40.0039883],[116.2088252,40.0035897],[116.208687,40.0033281],[116.2088984,40.0029731],[116.2083953,40.0025727],[116.2084233,40.0022149],[116.2081665,40.0007911],[116.208017,40.0007267],[116.2078302,40.0004978],[116.2075389,40.0002542],[116.2074617,39.9999833],[116.2072504,39.9996315],[116.2071337,39.9990758],[116.2073191,39.9982605],[116.2076317,39.9970875],[116.2081558,39.9958759],[116.2081419,39.9952496],[116.2082637,39.9949457],[116.2084085,39.994732],[116.2089289,39.9943396],[116.2092136,39.9940889],[116.2094734,39.993982],[116.2095699,39.9939039],[116.2096558,39.9937046],[116.2096372,39.9932153],[116.209638,39.9927724],[116.2095304,39.9927669],[116.2092289,39.992715],[116.209185,39.9927105],[116.2090934,39.9927102],[116.2090896,39.992632],[116.2089356,39.9924297],[116.2059778,39.9925619],[116.2047922,39.9926969],[116.2046102,39.993297],[116.2038974,39.993267],[116.203796,39.9935462],[116.2035258,39.9935088],[116.2034076,39.9934859],[116.2032602,39.9941498],[116.2030968,39.9941284],[116.2027725,39.9944537],[116.2023892,39.9954631],[116.2023781,39.9954923],[116.2021193,39.9955254],[116.2009069,39.9955164],[116.2006096,39.9955773],[116.2001965,39.9955377],[116.1990778,39.9954306],[116.1990715,39.9955251],[116.1990498,39.9958563],[116.1990274,39.9965035],[116.200367,39.9964913],[116.2004187,39.9970661],[116.19985,39.9973907],[116.1997749,39.9977647],[116.1996784,39.9980852],[116.1991247,39.998208]]]}},{"type":"Feature","id":"way/25004612","properties":{"bicycle":"yes","highway":"service","osm_id":"25004612","timestamp":"2025-12-14T12:40:38Z","version":"24"},"geometry":{"type":"LineString","coordinates":[[116.1980141401441,40.0071996786351],[116.1980419,40.0071436],[116.1979946,40.0071162],[116.1978679,40.0071372],[116.1977371,40.0071519],[116.1976528,40.0071603]]}},{"type":"Feature","id":"way/26139150","properties":{"bicycle":"yes","highway":"service","osm_id":"26139150","timestamp":"2018-09-30T19:21:21Z","version":"3"},"geometry":{"type":"MultiLineString","coordinates":[[[116.1980827,40.0069181],[116.1981594,40.0069388],[116.1984407,40.0069967],[116.198641,40.0070452],[116.1989951,40.0071034],[116.1992444,40.0071305],[116.1995243,40.0071749],[116.19962471361588,40.007159654845424]],[[116.19975142871034,40.00698979233602],[116.1997743,40.0069391],[116.1998184,40.0068506],[116.1998837,40.0068002]]]}},{"type":"Feature","id":"way/26139152","properties":{"highway":"pedestrian","name":"中轴路","osm_id":"26139152","timestamp":"2025-12-14T12:40:38Z","version":"29"},"geometry":{"type":"LineString","coordinates":[[116.2014386,40.0024519],[116.2015045,40.0022348],[116.2015067,40.002135],[116.2016229,40.0015627],[116.2018457,40.0008136],[116.2019167,40.0006396],[116.2021083,39.9996982],[116.2022166,39.9993052],[116.2023397,39.9988127],[116.2023014,39.9986666],[116.2025142,39.998629],[116.2026087,39.99857],[116.2028441,39.9982901],[116.2029021,39.9978689],[116.2027506,39.9976745],[116.2026206,39.9974099],[116.2026967,39.9971874],[116.2026974,39.9971836],[116.2027829,39.9967083],[116.2028253,39.9964638],[116.2028847,39.9961207],[116.2029294,39.9958629],[116.2030548,39.9951761],[116.2030854,39.9950088],[116.2032103,39.9944488],[116.2032189,39.9943353]]}},{"type":"Feature","id":"way/26139154","properties":{"highway":"footway","osm_id":"26139154","timestamp":"2013-06-21T11:35:25Z","version":"2"},"geometry":{"type":"LineString","coordinates":[[116.202833,39.9998276],[116.2023833,39.9997499],[116.2021083,39.9996982]]}},{"type":"Feature","id":"way/29178844","properties":{"highway":"service","name":"香山第一防火道","name:en":"Xiangshan First Fire Lane","osm_id":"29178844","timestamp":"2024-03-04T16:23:22Z","version":"25"},"geometry":{"type":"LineString","coordinates":[[116.19706682546864,40.004327564963695],[116.1970702,40.0042913],[116.1970032,40.0042256],[116.1967028,40.0039955],[116.1964775,40.0038229],[116.1963059,40.0036257],[116.196338,40.0034531],[116.1968101,40.0033956],[116.1969791,40.0033488],[116.1971963,40.0032887],[116.1972822,40.003034],[116.1971534,40.0028449],[116.1969281,40.0026477],[116.1968852,40.0023847],[116.1969174,40.0021053],[116.1971534,40.0018998],[116.1974753,40.001793],[116.1980117,40.0017519],[116.1983014,40.0017354],[116.1984624,40.0016558],[116.1985482,40.0016039],[116.1987528,40.0013542]]}},{"type":"Feature","id":"way/58093688","properties":{"bridge":"boardwalk","highway":"path","surface":"wood","osm_id":"58093688","timestamp":"2022-03-13T08:44:49Z","version":"10"},"geometry":{"type":"LineString","coordinates":[[116.1966663,40.0082887],[116.1965581,40.008289],[116.1964633,40.0083482],[116.1960845,40.0087743],[116.1960464,40.0089128],[116.1959213,40.0090427],[116.1957486,40.0091727],[116.1957475,40.0092091],[116.1957462,40.0093894],[116.1957395,40.0095995],[116.1957548,40.009781],[116.195647,40.0098667],[116.195531,40.0099525],[116.1953958,40.0100481],[116.1953457,40.0101136]]}},{"type":"Feature","id":"way/202361023","properties":{"bridge":"boardwalk","highway":"path","surface":"wood","osm_id":"202361023","timestamp":"2022-05-04T09:36:07Z","version":"7"},"geometry":{"type":"LineString","coordinates":[[116.1947719,40.0107354],[116.1949526,40.0107042],[116.1951534,40.0105448],[116.1952419,40.0104071],[116.195405,40.010316],[116.1954284,40.0103029],[116.1955812,40.0101895]]}},{"type":"Feature","id":"way/202361027","properties":{"highway":"service","osm_id":"202361027","timestamp":"2021-12-20T08:41:41Z","version":"5"},"geometry":{"type":"LineString","coordinates":[[116.19596249906999,40.0098771876758],[116.1959616,40.0097686],[116.1958732,40.0095829],[116.1958941,40.0094043],[116.1959166,40.0093532],[116.1959742,40.0092342],[116.1959912,40.0091981],[116.1960653,40.0090709],[116.1962341,40.0089267],[116.1964188,40.0088339],[116.1966334,40.0087469],[116.19676,40.0086177],[116.1968405,40.008515],[116.1968806,40.0084478],[116.1969204,40.0083812],[116.1970443,40.0082233],[116.1971757,40.0080938],[116.1972777,40.0079562],[116.1973179,40.0078432],[116.1974171,40.0076275],[116.1974842,40.0073912],[116.1975432,40.0072782],[116.1976528,40.0071603]]}},{"type":"Feature","id":"way/202361036","properties":{"highway":"footway","osm_id":"202361036","timestamp":"2013-01-22T03:10:12Z","version":"1"},"geometry":{"type":"LineString","coordinates":[[116.2001585,40.0040052],[116.2004058,40.00404],[116.2006465,40.0039807],[116.2009094,40.0039294],[116.2011148,40.0039151]]}},{"type":"Feature","id":"way/202361038","properties":{"bridge":"boardwalk","highway":"path","surface":"wood","osm_id":"202361038","timestamp":"2022-05-02T09:27:11Z","version":"5"},"geometry":{"type":"LineString","coordinates":[[116.1967182,40.0082399],[116.1967879,40.0081967],[116.1968951,40.0080761],[116.1969855,40.0078566],[116.1970024,40.0078156],[116.1970116,40.0077446],[116.1970306,40.0075979],[116.1971135,40.007485],[116.197124,40.0073444],[116.1971859,40.0072882],[116.1971865,40.0072063],[116.1971328,40.0071036],[116.1970738,40.007005],[116.1971143,40.0069143],[116.1972369,40.00692]]}},{"type":"Feature","id":"way/202361039","properties":{"highway":"footway","osm_id":"202361039","timestamp":"2018-09-30T20:31:20Z","version":"3"},"geometry":{"type":"LineString","coordinates":[[116.2002939,40.0053694],[116.2002361,40.0052196],[116.2000806,40.0051744],[116.1996813,40.005136],[116.1997877,40.0047427],[116.1998338,40.0045786],[116.1998656,40.0043567]]}},{"type":"Feature","id":"way/202361041","properties":{"highway":"pedestrian","osm_id":"202361041","timestamp":"2018-10-02T06:13:35Z","version":"6"},"geometry":{"type":"LineString","coordinates":[[116.2000498,40.0020265],[116.1999572,40.002259],[116.1998901,40.0025291],[116.2000127,40.0027823],[116.2002723,40.00295],[116.2004717,40.0029935],[116.2008257,40.0031523],[116.2010174,40.0031333],[116.2012172,40.0031291],[116.2017317,40.0031042],[116.2018322,40.0030993],[116.2022103,40.0030632],[116.202368,40.0030383],[116.2028082,40.0029835],[116.203062,40.0029756],[116.203496,40.002996],[116.2043613,40.0030205],[116.2049727,40.0029052],[116.2056152,40.0026707],[116.2061051,40.0025814]]}},{"type":"Feature","id":"way/202361045","properties":{"highway":"footway","osm_id":"202361045","timestamp":"2018-10-02T06:22:09Z","version":"5"},"geometry":{"type":"LineString","coordinates":[[116.2000498,40.0020265],[116.2004087,40.0020849]]}},{"type":"Feature","id":"way/218190743","properties":{"highway":"footway","osm_id":"218190743","timestamp":"2018-09-30T20:00:59Z","version":"3"},"geometry":{"type":"LineString","coordinates":[[116.2067046,39.9964159],[116.2065323,39.9962297],[116.2064704,39.996145],[116.206434,39.9960507]]}},{"type":"Feature","id":"way/218190744","properties":{"bridge":"yes","highway":"footway","osm_id":"218190744","timestamp":"2018-06-21T01:33:58Z","version":"2"},"geometry":{"type":"LineString","coordinates":[[116.206434,39.9960507],[116.2062327,39.9959155]]}},{"type":"Feature","id":"way/218190745","properties":{"bicycle":"designated","foot":"designated","highway":"footway","segregated":"no","osm_id":"218190745","timestamp":"2022-08-20T14:48:20Z","version":"10"},"geometry":{"type":"LineString","coordinates":[[116.2094635,39.9939041],[116.2091877,39.9940592],[116.2090229,39.9941876],[116.2083951,39.9946539],[116.2082943,39.9946834],[116.2081006,39.9951608],[116.2080043,39.9953987],[116.2079396,39.9955017],[116.2077961,39.9956118],[116.2070815,39.9961141],[116.2067046,39.9964159],[116.2066882,39.9966738],[116.20664,39.996976],[116.2066455,39.9971993],[116.2066701,39.9972465],[116.2067728,39.9972811],[116.2067167,39.9974339]]}},{"type":"Feature","id":"way/218190746","properties":{"highway":"pedestrian","osm_id":"218190746","timestamp":"2018-10-27T06:27:22Z","version":"6"},"geometry":{"type":"LineString","coordinates":[[116.2064133,40.0012494],[116.206526,40.0016141],[116.2066385,40.0018523],[116.2067279,40.0020416]]}},{"type":"Feature","id":"way/218190747","properties":{"highway":"footway","osm_id":"218190747","timestamp":"2018-10-04T06:11:20Z","version":"3"},"geometry":{"type":"LineString","coordinates":[[116.2066021,40.0030969],[116.2063878,40.0030737],[116.2064624,40.0028548],[116.2061051,40.0025814]]}},{"type":"Feature","id":"way/218190748","properties":{"highway":"pedestrian","osm_id":"218190748","timestamp":"2018-10-02T06:13:35Z","version":"3"},"geometry":{"type":"LineString","coordinates":[[116.2066302,40.0022337],[116.2065574,40.0023653],[116.2063774,40.0024855],[116.2061051,40.0025814]]}},{"type":"Feature","id":"way/218190749","properties":{"highway":"footway","osm_id":"218190749","timestamp":"2018-06-20T01:30:36Z","version":"5"},"geometry":{"type":"LineString","coordinates":[[116.2043576,39.9967049],[116.2041423,39.9966014],[116.2037973,39.9965919],[116.2036735,39.9966036],[116.2032186,39.9967131],[116.2030252,39.9967555],[116.2027829,39.9967083]]}},{"type":"Feature","id":"way/225648744","properties":{"name":"澄碧湖","natural":"water","water":"lake","osm_id":"225648744","timestamp":"2021-03-22T17:50:29Z","version":"5"},"geometry":{"type":"Polygon","coordinates":[[[116.2051747,39.9987697],[116.2052401,39.9986871],[116.2051006,39.9984734],[116.2052079,39.998309],[116.2053581,39.9981939],[116.2054654,39.9978487],[116.205401,39.9977501],[116.2056049,39.9972405],[116.2056907,39.9968789],[116.2056049,39.9968542],[116.2053474,39.9969282],[116.2049289,39.9969857],[116.2043389,39.9970761],[116.2042316,39.9973392],[116.2041457,39.9980213],[116.2042638,39.9985145],[116.2045964,39.998646],[116.2048431,39.9986542],[116.2049289,39.9987528],[116.204909,39.9988749],[116.2051747,39.9987697]]]}},{"type":"Feature","id":"way/225648750","properties":{"natural":"water","water":"lake","osm_id":"225648750","timestamp":"2020-10-25T22:33:53Z","version":"6"},"geometry":{"type":"Polygon","coordinates":[[[116.2057984,40.0010378],[116.2062887,40.0005774],[116.2064954,40.0003884],[116.2067958,40.0003062],[116.2068816,40.0002158],[116.2068387,40.0001089],[116.2067039,39.9999594],[116.2064846,39.9998459],[116.2065078,39.9996281],[116.2063827,39.9992993],[116.2060983,39.9990865],[116.2059558,39.9990188],[116.2054781,39.998971],[116.2053581,39.9990651],[116.2054332,39.9992706],[116.205616,39.9994555],[116.2056821,39.999565],[116.2056919,39.9996266],[116.2056761,39.9997627],[116.2055808,39.9998201],[116.2055401,39.9999149],[116.205559,39.9999854],[116.2056678,40.000099],[116.2057391,40.0002369],[116.2057627,40.0005185],[116.2057984,40.0010378]]]}},{"type":"Feature","id":"way/225648794","properties":{"natural":"water","water":"lake","osm_id":"225648794","timestamp":"2022-05-05T12:21:05Z","version":"4"},"geometry":{"type":"Polygon","coordinates":[[[116.2066089,39.9957584],[116.2068387,39.9956095],[116.2072981,39.9955283],[116.207793,39.9953117],[116.2080404,39.9948784],[116.2081235,39.9945097],[116.2080929,39.9944498],[116.2080582,39.994385],[116.2080857,39.9942859],[116.208216,39.9941707],[116.2081169,39.9940783],[116.2075279,39.9943639],[116.2072098,39.9947295],[116.2071568,39.9948243],[116.2071506,39.9948765],[116.2071443,39.9949291],[116.2071391,39.9949732],[116.2070331,39.9950273],[116.206874,39.9950815],[116.206768,39.9951898],[116.2064852,39.9956501],[116.2061944,39.9960285],[116.2060081,39.9963],[116.2066089,39.9957584]]]}},{"type":"Feature","id":"way/225648931","properties":{"building":"greenhouse","building:material":"glass","name":"热带植物展览温室","name:en":"Green House for Tropical Plants","osm_id":"225648931","timestamp":"2022-05-05T12:21:05Z","version":"5"},"geometry":{"type":"Polygon","coordinates":[[[116.2020794,39.9982974],[116.2021972,39.998229],[116.2022108,39.998165],[116.2022145,39.998096],[116.2021842,39.9979645],[116.202093,39.9978747],[116.2021104,39.9977818],[116.2020631,39.9976915],[116.2019681,39.9976361],[116.2017885,39.9976145],[116.2017128,39.9974206],[116.2017087,39.9974106],[116.2015328,39.9974555],[116.2013309,39.9975603],[116.201219,39.9977],[116.2011581,39.9978586],[116.2013621,39.9979463],[116.201357,39.9980719],[116.2012137,39.9980593],[116.2013135,39.9982234],[116.2014438,39.9983377],[116.2015979,39.9984285],[116.2018204,39.9984785],[116.2019673,39.9984774],[116.2021007,39.9984581],[116.2021423,39.9984307],[116.2020794,39.9982974]]]}},{"type":"Feature","id":"way/225648941","properties":{"natural":"water","water":"lake","osm_id":"225648941","timestamp":"2020-08-19T10:24:57Z","version":"2"},"geometry":{"type":"Polygon","coordinates":[[[116.1963978,40.0087553],[116.1966017,40.008667],[116.1967117,40.0085643],[116.1967492,40.0084739],[116.1967438,40.0083938],[116.1966526,40.0083321],[116.1965641,40.0083424],[116.1964825,40.0084138],[116.1963442,40.008552],[116.1962798,40.0086321],[116.1962855,40.0087429],[116.1963978,40.0087553]]]}},{"type":"Feature","id":"way/225649442","properties":{"highway":"pedestrian","osm_id":"225649442","timestamp":"2018-10-07T06:02:47Z","version":"10"},"geometry":{"type":"LineString","coordinates":[[116.2029294,39.9958629],[116.2042623,39.9957071],[116.2047478,39.9957124],[116.2049467,39.9957966],[116.2051196,39.9958468],[116.205849,39.9957518]]}},{"type":"Feature","id":"way/225747903","properties":{"alt_name:en":"Sleeping Buddha Temple","amenity":"place_of_worship","name":"卧佛寺","name:en":"Wofo Temple","name:zh-Latn-pinyin":"Wòfó Sì","religion":"buddhist","wikidata":"Q1544107","wikimedia_commons":"Category:Wofo Temple, Beijing","wikipedia":"en:Wofo Temple","osm_id":"225747903","timestamp":"2024-05-09T14:44:08Z","version":"5"},"geometry":{"type":"Polygon","coordinates":[[[116.2023742,40.0070061],[116.2023588,40.0054722],[116.2002908,40.0054844],[116.2003063,40.0070183],[116.2023742,40.0070061]]]}},{"type":"Feature","id":"way/225760217","properties":{"barrier":"wall","name":"盆景园","name:en":"Bonsai Garden","tourism":"attraction","osm_id":"225760217","timestamp":"2019-05-26T23:57:28Z","version":"4"},"geometry":{"type":"Polygon","coordinates":[[[116.2029751,39.9978697],[116.2028313,39.9985019],[116.2036109,39.998501],[116.2039888,39.9982085],[116.2041222,39.997233],[116.2030534,39.9970891],[116.2030618,39.9973576],[116.2029751,39.9978697]]]}},{"type":"Feature","id":"way/225760315","properties":{"building":"yes","name":"科教基地","osm_id":"225760315","timestamp":"2018-09-18T05:28:38Z","version":"2"},"geometry":{"type":"Polygon","coordinates":[[[116.2057208,39.9953765],[116.2056822,39.9954292],[116.2059959,39.9955411],[116.2061334,39.99537],[116.2061806,39.9953864],[116.2062408,39.9952942],[116.2060474,39.9951889],[116.2059873,39.9951],[116.2059379,39.9950421],[116.2057423,39.9950012],[116.2057423,39.9951066],[116.2055446,39.995156],[116.2055661,39.9953469],[116.2057208,39.9953765]]]}},{"type":"Feature","id":"way/225760316","properties":{"highway":"footway","osm_id":"225760316","timestamp":"2019-06-16T04:59:05Z","version":"5"},"geometry":{"type":"LineString","coordinates":[[116.2093635,39.9933403],[116.2088187,39.9933716],[116.2085208,39.9932915],[116.2083291,39.9932612],[116.2079073,39.993391],[116.2075534,39.9935211],[116.2071758,39.9936242],[116.2071114,39.9938294],[116.2072219,39.9939504],[116.2074515,39.9940597]]}},{"type":"Feature","id":"way/225760582","properties":{"highway":"footway","osm_id":"225760582","timestamp":"2018-10-07T06:55:43Z","version":"6"},"geometry":{"type":"MultiLineString","coordinates":[[[116.2072219,39.9939504],[116.206981,39.9940465],[116.206823,39.9940401],[116.2068038,39.9940281],[116.2066981,39.9939622],[116.2065317,39.9939057],[116.206429,39.9938875],[116.2062643,39.9938897],[116.2061884,39.9938951],[116.2060418,39.9939052]],[[116.2060418,39.9939052],[116.2060369,39.9939702],[116.2059957,39.9940046],[116.2059717,39.9940246],[116.205855,39.9940285],[116.2057201,39.9939478],[116.2057201,39.9938781],[116.2057955,39.9938046],[116.2058898,39.9937884],[116.206,39.9938062],[116.2060418,39.9939052]]]}},{"type":"Feature","id":"way/225760583","properties":{"highway":"footway","osm_id":"225760583","timestamp":"2018-10-07T06:55:43Z","version":"4"},"geometry":{"type":"LineString","coordinates":[[116.2066981,39.9939622],[116.2066715,39.9937583],[116.20667,39.9937469],[116.2065098,39.9935408],[116.2064673,39.9935252],[116.2063233,39.9934724],[116.2060409,39.9934935],[116.205863,39.9934103],[116.2055654,39.9932624]]}},{"type":"Feature","id":"way/225760584","properties":{"highway":"footway","osm_id":"225760584","timestamp":"2018-10-07T06:55:43Z","version":"4"},"geometry":{"type":"LineString","coordinates":[[116.2057201,39.9939478],[116.2052768,39.9939652],[116.2048289,39.9939557]]}},{"type":"Feature","id":"way/225760606","properties":{"highway":"footway","osm_id":"225760606","timestamp":"2018-09-30T19:36:44Z","version":"4"},"geometry":{"type":"LineString","coordinates":[[116.2056373,39.9949619],[116.205505,39.9950191],[116.2052056,39.9951241],[116.2050225,39.995228],[116.2049369,39.9950104],[116.2047464,39.9949309]]}},{"type":"Feature","id":"way/225760607","properties":{"highway":"footway","osm_id":"225760607","timestamp":"2018-09-30T19:36:44Z","version":"3"},"geometry":{"type":"LineString","coordinates":[[116.2044558,39.9945872],[116.2044342,39.9947042],[116.2043625,39.9948402],[116.2047464,39.9949309]]}},{"type":"Feature","id":"way/225760609","properties":{"highway":"footway","osm_id":"225760609","timestamp":"2018-09-30T20:00:59Z","version":"5"},"geometry":{"type":"LineString","coordinates":[[116.2043625,39.9948402],[116.2041816,39.9948316],[116.2039713,39.994803],[116.203807,39.9948113],[116.2036425,39.9950036],[116.2034902,39.9951046],[116.2034092,39.9951753],[116.2033809,39.9952452],[116.2034335,39.9953651],[116.2035839,39.9954172]]}},{"type":"Feature","id":"way/225760642","properties":{"highway":"footway","osm_id":"225760642","timestamp":"2022-05-05T12:21:05Z","version":"11"},"geometry":{"type":"LineString","coordinates":[[116.2050225,39.995228],[116.2049496,39.9952956],[116.2048787,39.9953208],[116.2047126,39.9953548],[116.2046115,39.9953467],[116.2043671,39.9953995],[116.2039644,39.9953248],[116.2037586,39.995316],[116.2036439,39.9953529],[116.2035839,39.9954172],[116.2036425,39.9955319],[116.2042623,39.9957071]]}},{"type":"Feature","id":"way/225760644","properties":{"highway":"footway","osm_id":"225760644","timestamp":"2018-10-17T05:46:00Z","version":"3"},"geometry":{"type":"LineString","coordinates":[[116.2041816,39.9948316],[116.2039981,39.995006],[116.2040209,39.9951796]]}},{"type":"Feature","id":"way/225760647","properties":{"highway":"footway","osm_id":"225760647","timestamp":"2018-10-07T06:55:43Z","version":"4"},"geometry":{"type":"LineString","coordinates":[[116.2039713,39.994803],[116.2039782,39.9944176],[116.2040113,39.9939702]]}},{"type":"Feature","id":"way/225760648","properties":{"highway":"footway","osm_id":"225760648","timestamp":"2018-10-07T06:55:43Z","version":"4"},"geometry":{"type":"LineString","coordinates":[[116.2045508,39.9939915],[116.2046744,39.99384],[116.204743,39.9937854],[116.2049605,39.9936196],[116.2052198,39.9936119],[116.2053068,39.9935977],[116.2053595,39.993589],[116.2054168,39.9935126],[116.2054891,39.9935069],[116.2055565,39.9935776],[116.2056338,39.9936387],[116.2059,39.9936485],[116.2060379,39.9936168],[116.2062048,39.9936521],[116.2062884,39.9936998],[116.2063058,39.9937591],[116.2062643,39.9938897]]}},{"type":"Feature","id":"way/225761629","properties":{"highway":"footway","osm_id":"225761629","timestamp":"2018-06-18T03:05:10Z","version":"2"},"geometry":{"type":"LineString","coordinates":[[116.2019167,40.0006396],[116.2024075,40.0005531],[116.2025094,40.0002317],[116.2025273,40.0000297],[116.2026472,39.9998736],[116.202833,39.9998276]]}},{"type":"Feature","id":"way/225761636","properties":{"highway":"footway","osm_id":"225761636","timestamp":"2018-10-02T06:22:09Z","version":"3"},"geometry":{"type":"LineString","coordinates":[[116.2004087,40.0020849],[116.2009008,40.0020089],[116.2015067,40.002135]]}},{"type":"Feature","id":"way/226704816","properties":{"highway":"pedestrian","osm_id":"226704816","timestamp":"2018-10-05T07:14:36Z","version":"8"},"geometry":{"type":"LineString","coordinates":[[116.2029294,39.9958629],[116.2022045,39.9958355],[116.2013828,39.9957121],[116.2009296,39.9957568],[116.2005078,39.9957711],[116.1990715,39.9955251]]}},{"type":"Feature","id":"way/226704923","properties":{"building":"yes","osm_id":"226704923","timestamp":"2018-10-04T06:33:50Z","version":"2"},"geometry":{"type":"Polygon","coordinates":[[[116.2020944,39.997035],[116.2020994,39.9969331],[116.2024168,39.9969291],[116.2024176,39.996856],[116.20141,39.996863],[116.2014144,39.9970285],[116.2020944,39.997035]]]}},{"type":"Feature","id":"way/226704979","properties":{"natural":"water","osm_id":"226704979","timestamp":"2013-06-21T11:36:06Z","version":"1"},"geometry":{"type":"Polygon","coordinates":[[[116.2026971,40.0005823],[116.2027091,40.0005305],[116.2027197,40.000482],[116.2024815,40.0004514],[116.2024599,40.00055],[116.2026971,40.0005823]]]}},{"type":"Feature","id":"way/226705152","properties":{"highway":"footway","osm_id":"226705152","timestamp":"2018-10-28T06:33:59Z","version":"9"},"geometry":{"type":"LineString","coordinates":[[116.2051697,39.9991658],[116.2054176,39.9993151],[116.2056376,39.9995493],[116.205659,39.9996069],[116.2056537,39.9996788],[116.2054884,39.9999074],[116.2053374,40.0002179],[116.2052015,40.0005303],[116.2051551,40.0009593],[116.2051945,40.0010426],[116.2053544,40.001207],[116.2053491,40.0013876],[116.2053586,40.0015149],[116.2051647,40.0018286],[116.205027,40.0020573],[116.2048891,40.0022733],[116.2048387,40.0025567],[116.2049727,40.0029052]]}},{"type":"Feature","id":"way/226705201","properties":{"highway":"footway","osm_id":"226705201","timestamp":"2020-10-25T22:33:53Z","version":"5"},"geometry":{"type":"LineString","coordinates":[[116.2053491,40.0013876],[116.205483,40.0013076],[116.205672,40.0011299],[116.2057064,40.0007744],[116.2057322,40.0004618],[116.2057024,40.0002587],[116.2056529,40.0001216],[116.2054884,39.9999074]]}},{"type":"Feature","id":"way/226705516","properties":{"foot":"no","highway":"service","osm_id":"226705516","timestamp":"2025-09-24T14:01:16Z","version":"12"},"geometry":{"type":"MultiLineString","coordinates":[[[116.20747696801102,39.997668116196664],[116.2074676,39.9976889],[116.2073556,39.9980128],[116.20735040232677,39.998143041173066]],[[116.2078051464721,40.00047684895503],[116.2079841,40.0007199],[116.2081454,40.0011511],[116.2083255,40.0020697],[116.2083255,40.0025438],[116.2084372,40.0028795],[116.2086005,40.0032285],[116.2086091,40.0034589],[116.2086435,40.0038078],[116.2085318,40.004137],[116.2084988,40.0041985],[116.2083019,40.0043964],[116.2082653,40.0044332],[116.2080161,40.0045649],[116.2077754,40.0045583],[116.2076207,40.0044661],[116.2073371,40.004453],[116.2071824,40.0045781],[116.2069847,40.004848],[116.2065514,40.0049537],[116.2057595,40.004996],[116.2056956,40.0049994],[116.2054205,40.0048611],[116.2051169,40.0046787],[116.2047533,40.0045796],[116.2041864,40.0045088],[116.2040201,40.004465],[116.203872,40.0046285],[116.2036873,40.0049714],[116.2036627,40.0053348],[116.203638,40.0054481],[116.2035071,40.0056158],[116.2034445,40.0056943],[116.2032546,40.0059324]]]}},{"type":"Feature","id":"way/226705694","properties":{"highway":"pedestrian","osm_id":"226705694","timestamp":"2018-10-06T06:28:20Z","version":"3"},"geometry":{"type":"LineString","coordinates":[[116.2071116,40.0006282],[116.2067964,40.0007549],[116.206558,40.0008689],[116.2064856,40.0009791],[116.2064133,40.0012494]]}},{"type":"Feature","id":"way/226705924","properties":{"highway":"footway","osm_id":"226705924","timestamp":"2018-10-31T05:14:35Z","version":"4"},"geometry":{"type":"LineString","coordinates":[[116.2022946,40.0033912],[116.2022103,40.0030632],[116.2023431,40.0027612],[116.2025648,40.0025519],[116.2026193,40.0023751],[116.2025687,40.0022507],[116.2024495,40.0020665]]}},{"type":"Feature","id":"way/226705952","properties":{"highway":"footway","osm_id":"226705952","timestamp":"2020-10-25T22:33:53Z","version":"6"},"geometry":{"type":"LineString","coordinates":[[116.205027,40.0020573],[116.2049,40.0019188],[116.2048731,40.0018221],[116.2048983,40.0016955],[116.2046073,40.0013159],[116.20464,40.0012461],[116.2047184,40.0011901],[116.2051945,40.0010426]]}},{"type":"Feature","id":"way/226705956","properties":{"highway":"footway","osm_id":"226705956","timestamp":"2018-10-06T06:28:20Z","version":"3"},"geometry":{"type":"LineString","coordinates":[[116.2059829,40.0012408],[116.2058183,40.0013607],[116.205539,40.0013833]]}},{"type":"Feature","id":"way/226705966","properties":{"highway":"steps","osm_id":"226705966","timestamp":"2022-03-13T08:44:49Z","version":"5"},"geometry":{"type":"LineString","coordinates":[[116.2059829,40.0012408],[116.2061293,40.0014015],[116.20608,40.0017651],[116.2059726,40.001826],[116.2059297,40.0019431],[116.2057366,40.0020376],[116.2056293,40.0021609],[116.2053959,40.0022266],[116.2051926,40.0022251],[116.2051833,40.0022141],[116.2051143,40.0021321],[116.2050874,40.002109],[116.205027,40.0020573]]}},{"type":"Feature","id":"way/226706060","properties":{"building":"yes","osm_id":"226706060","timestamp":"2018-10-04T06:11:21Z","version":"2"},"geometry":{"type":"Polygon","coordinates":[[[116.2072969,40.0016607],[116.2073928,40.0016713],[116.2074103,40.0015778],[116.207222,40.001557],[116.2072045,40.0016505],[116.2072969,40.0016607]]]}},{"type":"Feature","id":"way/226706141","properties":{"highway":"footway","osm_id":"226706141","timestamp":"2018-10-28T06:33:59Z","version":"6"},"geometry":{"type":"LineString","coordinates":[[116.2044235,40.0013187],[116.2044897,40.0010807],[116.2045937,40.0009245],[116.204627,40.0008423],[116.2048932,40.0008133],[116.2051551,40.0009593]]}},{"type":"Feature","id":"way/226706359","properties":{"highway":"footway","osm_id":"226706359","timestamp":"2018-10-28T06:33:59Z","version":"5"},"geometry":{"type":"LineString","coordinates":[[116.204627,40.0008423],[116.2047685,40.0005459],[116.2047635,40.0004982],[116.2048921,40.0002334],[116.2048327,40.0000658],[116.2048554,39.9999803],[116.205008,39.999901],[116.2054884,39.9999074]]}},{"type":"Feature","id":"way/481145815","properties":{"highway":"service","osm_id":"481145815","timestamp":"2017-03-18T04:07:53Z","version":"1"},"geometry":{"type":"LineString","coordinates":[[116.1999746,40.0034728],[116.1996332,40.0029362],[116.1994881,40.0027166],[116.1991271,40.0025214],[116.1989112,40.0022828],[116.1986882,40.0019683],[116.1985821,40.0017595],[116.1985482,40.0016039]]}},{"type":"Feature","id":"way/484390263","properties":{"highway":"path","osm_id":"484390263","timestamp":"2022-05-02T09:27:11Z","version":"5"},"geometry":{"type":"LineString","coordinates":[[116.19538167270936,40.00944487055826],[116.1954527,40.0094714],[116.195546,40.0095002],[116.195647,40.0094851],[116.1956995,40.0094427],[116.1957462,40.0093894]]}},{"type":"Feature","id":"way/484390264","properties":{"highway":"path","osm_id":"484390264","timestamp":"2017-12-31T05:39:17Z","version":"2"},"geometry":{"type":"LineString","coordinates":[[116.19634740558759,40.00834842114807],[116.1963595,40.0083471],[116.1964633,40.0083482]]}},{"type":"Feature","id":"way/593959497","properties":{"highway":"footway","osm_id":"593959497","timestamp":"2018-09-20T05:32:01Z","version":"2"},"geometry":{"type":"LineString","coordinates":[[116.2026087,39.99857],[116.2027784,39.9990209],[116.2027983,39.9992341],[116.2027777,39.9993517],[116.2028136,39.999661],[116.202833,39.9998276],[116.2028087,40.0000944],[116.203052,40.0001017],[116.2032315,40.0001412]]}},{"type":"Feature","id":"way/594010368","properties":{"highway":"footway","osm_id":"594010368","timestamp":"2018-09-19T05:26:26Z","version":"2"},"geometry":{"type":"LineString","coordinates":[[116.2030854,39.9950088],[116.2028096,39.9949896],[116.2027151,39.9949811]]}},{"type":"Feature","id":"way/597132764","properties":{"highway":"steps","osm_id":"597132764","timestamp":"2018-10-29T05:17:31Z","version":"2"},"geometry":{"type":"LineString","coordinates":[[116.2022166,39.9993052],[116.2021027,39.999311],[116.2020138,39.9993464],[116.2017004,39.9994741],[116.2016139,39.9995093],[116.201536,39.9994408]]}},{"type":"Feature","id":"way/598664469","properties":{"highway":"footway","osm_id":"598664469","timestamp":"2022-05-05T12:21:05Z","version":"2"},"geometry":{"type":"LineString","coordinates":[[116.2040209,39.9951796],[116.2039644,39.9953248]]}},{"type":"Feature","id":"way/598664471","properties":{"highway":"footway","osm_id":"598664471","timestamp":"2018-10-07T06:55:43Z","version":"4"},"geometry":{"type":"LineString","coordinates":[[116.203461,39.9938793],[116.2040113,39.9939702],[116.2043234,39.9939671],[116.2045508,39.9939915],[116.2046666,39.9940476],[116.2047896,39.9940958]]}},{"type":"Feature","id":"way/598664474","properties":{"highway":"footway","osm_id":"598664474","timestamp":"2018-06-18T01:06:18Z","version":"1"},"geometry":{"type":"LineString","coordinates":[[116.2043671,39.9953995],[116.204265,39.9955794],[116.2042623,39.9957071]]}},{"type":"Feature","id":"way/598692310","properties":{"highway":"footway","osm_id":"598692310","timestamp":"2018-10-05T07:06:59Z","version":"2"},"geometry":{"type":"LineString","coordinates":[[116.2009781,40.0010832],[116.2008032,40.0010941],[116.2007833,40.0009448],[116.2006337,40.0009097],[116.2004185,40.0009739],[116.2003234,40.0009415]]}},{"type":"Feature","id":"way/598692311","properties":{"highway":"service","osm_id":"598692311","timestamp":"2018-09-20T05:32:01Z","version":"3"},"geometry":{"type":"LineString","coordinates":[[116.1987528,40.0013542],[116.1993198,40.001161]]}},{"type":"Feature","id":"way/598692313","properties":{"highway":"footway","osm_id":"598692313","timestamp":"2018-09-20T05:32:01Z","version":"2"},"geometry":{"type":"LineString","coordinates":[[116.1997872,40.0021617],[116.1995286,40.0019888],[116.1995651,40.0017622],[116.1995705,40.0017008]]}},{"type":"Feature","id":"way/598692316","properties":{"highway":"footway","osm_id":"598692316","timestamp":"2018-10-25T05:52:33Z","version":"4"},"geometry":{"type":"LineString","coordinates":[[116.2019167,40.0006396],[116.2017712,40.0005905],[116.2015954,40.0004922],[116.2015188,40.0004361],[116.2014166,40.0001732],[116.2012544,40.000033],[116.2010114,39.9999703],[116.2009304,39.999933],[116.2008188,39.9997931]]}},{"type":"Feature","id":"way/599495370","properties":{"highway":"footway","osm_id":"599495370","timestamp":"2018-06-20T01:30:36Z","version":"1"},"geometry":{"type":"LineString","coordinates":[[116.2036735,39.9966036],[116.2039297,39.9967956],[116.2041957,39.9971445]]}},{"type":"Feature","id":"way/599495371","properties":{"highway":"footway","osm_id":"599495371","timestamp":"2018-09-30T20:14:58Z","version":"2"},"geometry":{"type":"LineString","coordinates":[[116.2033033,39.9963659],[116.2032446,39.9964751],[116.2032186,39.9967131]]}},{"type":"Feature","id":"way/599528095","properties":{"highway":"service","osm_id":"599528095","timestamp":"2022-02-19T13:53:24Z","version":"7"},"geometry":{"type":"LineString","coordinates":[[116.1985551,39.9998107],[116.1985546,39.9998071],[116.1985163,39.999559],[116.1984158,39.9993438],[116.1983703,39.9990874],[116.1987125,39.9987943],[116.1990469,39.9984963],[116.1990859,39.9984614],[116.199067,39.9984019]]}},{"type":"Feature","id":"way/599528096","properties":{"highway":"footway","osm_id":"599528096","timestamp":"2018-10-03T02:12:18Z","version":"3"},"geometry":{"type":"LineString","coordinates":[[116.2000498,40.0020265],[116.1997619,40.0018228],[116.1995705,40.0017008],[116.1993631,40.0013286],[116.1993198,40.001161]]}},{"type":"Feature","id":"way/599995337","properties":{"highway":"footway","osm_id":"599995337","timestamp":"2018-06-21T01:33:58Z","version":"1"},"geometry":{"type":"LineString","coordinates":[[116.205849,39.9957518],[116.2062327,39.9959155]]}},{"type":"Feature","id":"way/599998491","properties":{"highway":"footway","osm_id":"599998491","timestamp":"2018-09-30T20:00:59Z","version":"2"},"geometry":{"type":"LineString","coordinates":[[116.2043576,39.9967049],[116.2045021,39.9964622],[116.2046534,39.9963006]]}},{"type":"Feature","id":"way/599998492","properties":{"highway":"footway","osm_id":"599998492","timestamp":"2018-06-21T01:52:49Z","version":"1"},"geometry":{"type":"LineString","coordinates":[[116.2050486,39.9968007],[116.2048114,39.9968077],[116.2043576,39.9967049]]}},{"type":"Feature","id":"way/599998493","properties":{"highway":"pedestrian","osm_id":"599998493","timestamp":"2022-05-05T12:21:05Z","version":"8"},"geometry":{"type":"LineString","coordinates":[[116.205849,39.9957518],[116.206125,39.9956563],[116.2064258,39.9954508],[116.2067719,39.9948626],[116.206823,39.9947739],[116.2069213,39.9946662],[116.2073025,39.9942302],[116.2074515,39.9940597],[116.2079716,39.993806],[116.2084804,39.9933536],[116.2085208,39.9932915],[116.2085931,39.9931805],[116.2086969,39.9930212],[116.2090105,39.9928329]]}},{"type":"Feature","id":"way/599998494","properties":{"highway":"footway","osm_id":"599998494","timestamp":"2018-10-07T06:28:16Z","version":"3"},"geometry":{"type":"LineString","coordinates":[[116.2044618,39.9960776],[116.2046534,39.9963006],[116.2048567,39.9964208],[116.2050486,39.9968007],[116.2049532,39.9969477]]}},{"type":"Feature","id":"way/600038833","properties":{"highway":"residential","osm_id":"600038833","timestamp":"2018-06-21T04:53:07Z","version":"1"},"geometry":{"type":"LineString","coordinates":[[116.2009296,39.9957568],[116.2009069,39.9955164]]}},{"type":"Feature","id":"way/626083733","properties":{"highway":"footway","osm_id":"626083733","timestamp":"2018-10-29T05:39:41Z","version":"4"},"geometry":{"type":"LineString","coordinates":[[116.2008554,39.9989853],[116.2001527,39.9991796],[116.2000564,39.9992603],[116.1999947,39.9994654],[116.199537,40.0002003],[116.199559,40.0008172]]}},{"type":"Feature","id":"way/626083736","properties":{"highway":"footway","osm_id":"626083736","timestamp":"2018-10-29T05:39:41Z","version":"3"},"geometry":{"type":"LineString","coordinates":[[116.2008188,39.9997931],[116.2005259,39.9996382],[116.2004046,39.9994834],[116.2004252,39.9993788],[116.2004759,39.9992803],[116.2008523,39.9990981]]}},{"type":"Feature","id":"way/626332655","properties":{"highway":"footway","osm_id":"626332655","timestamp":"2018-09-18T05:28:37Z","version":"1"},"geometry":{"type":"LineString","coordinates":[[116.2036831,39.9987696],[116.2040297,39.9982982],[116.2040954,39.9979365],[116.2041957,39.9971445],[116.2042129,39.996968],[116.2043576,39.9967049]]}},{"type":"Feature","id":"way/626332656","properties":{"highway":"footway","osm_id":"626332656","timestamp":"2018-09-30T19:52:41Z","version":"2"},"geometry":{"type":"LineString","coordinates":[[116.204813,39.9942547],[116.2044512,39.99425],[116.2043584,39.9943213],[116.2042955,39.9943427],[116.2042805,39.9943727],[116.204209,39.9944418]]}},{"type":"Feature","id":"way/626332657","properties":{"highway":"footway","osm_id":"626332657","timestamp":"2018-09-30T20:14:58Z","version":"3"},"geometry":{"type":"LineString","coordinates":[[116.2050225,39.995228],[116.2051201,39.9953021],[116.205849,39.9957518]]}},{"type":"Feature","id":"way/626332658","properties":{"highway":"footway","osm_id":"626332658","timestamp":"2018-09-18T05:28:37Z","version":"1"},"geometry":{"type":"LineString","coordinates":[[116.202203,40.0010849],[116.2024052,40.00102],[116.2025104,40.0011486],[116.2024207,40.0013081],[116.2025347,40.001485],[116.2025983,40.0016288],[116.2026823,40.0016494]]}},{"type":"Feature","id":"way/626332659","properties":{"highway":"footway","osm_id":"626332659","timestamp":"2018-09-18T05:28:37Z","version":"1"},"geometry":{"type":"LineString","coordinates":[[116.2046534,39.9963006],[116.2048118,39.9962381],[116.2051499,39.9962237]]}},{"type":"Feature","id":"way/626332661","properties":{"highway":"footway","osm_id":"626332661","timestamp":"2018-09-30T20:00:59Z","version":"2"},"geometry":{"type":"LineString","coordinates":[[116.2067719,39.9948626],[116.2060938,39.9950214]]}},{"type":"Feature","id":"way/626332662","properties":{"highway":"footway","osm_id":"626332662","timestamp":"2018-09-30T20:14:58Z","version":"2"},"geometry":{"type":"LineString","coordinates":[[116.2061223,39.9947699],[116.2059274,39.9946036],[116.2058919,39.9945525],[116.2058044,39.9944263],[116.205855,39.9940285]]}},{"type":"Feature","id":"way/626332663","properties":{"highway":"footway","osm_id":"626332663","timestamp":"2018-09-20T05:32:01Z","version":"2"},"geometry":{"type":"LineString","coordinates":[[116.2026823,40.0016494],[116.2028005,40.0014991],[116.2029666,40.0013928],[116.2031269,40.001256],[116.2031878,40.0011757]]}},{"type":"Feature","id":"way/626332664","properties":{"highway":"footway","osm_id":"626332664","timestamp":"2018-09-18T05:28:37Z","version":"1"},"geometry":{"type":"LineString","coordinates":[[116.2061223,39.9947699],[116.2056373,39.9949619]]}},{"type":"Feature","id":"way/626332665","properties":{"highway":"footway","osm_id":"626332665","timestamp":"2018-09-30T20:00:58Z","version":"3"},"geometry":{"type":"LineString","coordinates":[[116.2039782,39.9944176],[116.2037791,39.9943933],[116.2036845,39.9943937],[116.2035805,39.9944044],[116.203288,39.9943411]]}},{"type":"Feature","id":"way/626332666","properties":{"highway":"footway","osm_id":"626332666","timestamp":"2026-03-15T22:20:45Z","version":"3"},"geometry":{"type":"LineString","coordinates":[[116.2032733,40.0008737],[116.2031501,40.000553],[116.2031395,40.0004101],[116.2032315,40.0001412],[116.203416,40.0000313],[116.2035516,40.0000136],[116.2038393,39.9999969],[116.2040598,39.9997707],[116.2040569,39.9996801],[116.204047,39.9993699],[116.2039688,39.9992074],[116.203777,39.9990617],[116.2037898,39.9987957]]}},{"type":"Feature","id":"way/626332667","properties":{"highway":"footway","osm_id":"626332667","timestamp":"2018-09-18T05:28:37Z","version":"1"},"geometry":{"type":"LineString","coordinates":[[116.2060938,39.9950214],[116.2056373,39.9949619]]}},{"type":"Feature","id":"way/626332668","properties":{"highway":"footway","osm_id":"626332668","timestamp":"2018-09-30T20:00:59Z","version":"2"},"geometry":{"type":"LineString","coordinates":[[116.206823,39.9947739],[116.2061619,39.9947701],[116.2061223,39.9947699]]}},{"type":"Feature","id":"way/626332669","properties":{"highway":"footway","osm_id":"626332669","timestamp":"2018-09-18T05:28:37Z","version":"1"},"geometry":{"type":"LineString","coordinates":[[116.2058044,39.9944263],[116.2053214,39.9944402],[116.2050579,39.9942659],[116.204813,39.9942547]]}},{"type":"Feature","id":"way/626563024","properties":{"highway":"footway","osm_id":"626563024","timestamp":"2018-09-19T05:26:25Z","version":"1"},"geometry":{"type":"LineString","coordinates":[[116.2022045,39.9958355],[116.2026404,39.9954993],[116.2027734,39.9952684],[116.2028096,39.9949896],[116.2029989,39.9944336],[116.2032189,39.9943353]]}},{"type":"Feature","id":"way/626823390","properties":{"highway":"footway","osm_id":"626823390","timestamp":"2018-09-20T05:31:59Z","version":"1"},"geometry":{"type":"LineString","coordinates":[[116.2038393,39.9999969],[116.2037704,40.0004657]]}},{"type":"Feature","id":"way/626823391","properties":{"highway":"footway","osm_id":"626823391","timestamp":"2018-09-20T05:31:59Z","version":"1"},"geometry":{"type":"LineString","coordinates":[[116.1993255,40.0023826],[116.1990696,40.0021574],[116.1989471,40.0020079],[116.1988619,40.001845],[116.1989462,40.0016928],[116.1989924,40.0016335],[116.1991534,40.0016229],[116.1993404,40.0017764],[116.1995651,40.0017622]]}},{"type":"Feature","id":"way/626823392","properties":{"highway":"footway","osm_id":"626823392","timestamp":"2018-09-20T05:31:59Z","version":"1"},"geometry":{"type":"LineString","coordinates":[[116.2031269,40.001256],[116.2032391,40.0013228]]}},{"type":"Feature","id":"way/626823393","properties":{"highway":"footway","osm_id":"626823393","timestamp":"2018-09-20T05:31:59Z","version":"1"},"geometry":{"type":"LineString","coordinates":[[116.2016229,40.0015627],[116.2020257,40.0015433]]}},{"type":"Feature","id":"way/626823394","properties":{"highway":"path","osm_id":"626823394","timestamp":"2022-05-05T12:21:05Z","version":"6"},"geometry":{"type":"LineString","coordinates":[[116.1985163,39.999559],[116.1984371,39.9995752],[116.19841446979954,39.99957462227235]]}},{"type":"Feature","id":"way/626823395","properties":{"highway":"footway","osm_id":"626823395","timestamp":"2018-09-20T05:32:00Z","version":"1"},"geometry":{"type":"LineString","coordinates":[[116.2025983,40.0016288],[116.2024713,40.0015935],[116.202327,40.0016227],[116.2020257,40.0015433],[116.202203,40.0010849]]}},{"type":"Feature","id":"way/626823396","properties":{"highway":"footway","osm_id":"626823396","timestamp":"2018-09-30T19:21:21Z","version":"2"},"geometry":{"type":"LineString","coordinates":[[116.2032733,40.0008737],[116.2034071,40.0006635],[116.2036299,40.0005737],[116.2037704,40.0004657]]}},{"type":"Feature","id":"way/626823397","properties":{"highway":"footway","osm_id":"626823397","timestamp":"2018-09-20T05:32:00Z","version":"1"},"geometry":{"type":"LineString","coordinates":[[116.2032733,40.0008737],[116.2031878,40.0011757]]}},{"type":"Feature","id":"way/626823398","properties":{"highway":"footway","osm_id":"626823398","timestamp":"2018-09-20T05:32:00Z","version":"1"},"geometry":{"type":"LineString","coordinates":[[116.2000127,40.0027823],[116.1997544,40.0028135],[116.199536,40.0026008]]}},{"type":"Feature","id":"way/626823402","properties":{"highway":"footway","osm_id":"626823402","timestamp":"2026-03-15T22:20:45Z","version":"2"},"geometry":{"type":"LineString","coordinates":[[116.202833,39.9998276],[116.2029007,39.9998232],[116.2030998,39.9996739],[116.2031025,39.9996719],[116.2032567,39.9996792],[116.2034014,39.9997432],[116.2035109,39.9998311],[116.2035516,40.0000136]]}},{"type":"Feature","id":"way/626823404","properties":{"highway":"footway","osm_id":"626823404","timestamp":"2018-10-10T05:21:08Z","version":"2"},"geometry":{"type":"LineString","coordinates":[[116.202203,40.0010849],[116.2018457,40.0008136]]}},{"type":"Feature","id":"way/626823405","properties":{"highway":"footway","osm_id":"626823405","timestamp":"2018-09-20T05:32:00Z","version":"1"},"geometry":{"type":"LineString","coordinates":[[116.2024713,40.0015935],[116.20246,40.0018595],[116.2025213,40.0019546]]}},{"type":"Feature","id":"way/626823406","properties":{"highway":"footway","osm_id":"626823406","timestamp":"2018-09-20T05:32:00Z","version":"1"},"geometry":{"type":"LineString","coordinates":[[116.199536,40.0026008],[116.1993255,40.0023826]]}},{"type":"Feature","id":"way/629275743","properties":{"highway":"footway","osm_id":"629275743","timestamp":"2018-10-21T06:09:17Z","version":"3"},"geometry":{"type":"LineString","coordinates":[[116.2000957,40.00112],[116.1998888,40.0009675],[116.1995421,40.0009186],[116.1993198,40.001161]]}},{"type":"Feature","id":"way/629275745","properties":{"highway":"service","osm_id":"629275745","timestamp":"2022-05-01T14:25:07Z","version":"4"},"geometry":{"type":"LineString","coordinates":[[116.2002723,40.00295],[116.2000873,40.0030919],[116.1999746,40.0034728],[116.2001364,40.003715],[116.2001833,40.0039167],[116.2001585,40.0040052],[116.2000108,40.0041624],[116.1998656,40.0043567],[116.199746,40.0045348],[116.1996058,40.0047437],[116.19947,40.0048433],[116.1992159,40.0051103],[116.1990151,40.0052686],[116.1988733,40.0055175],[116.1987906,40.0056849],[116.1985943,40.0057654],[116.1985366,40.005789],[116.1983688,40.0058125],[116.1976327,40.0059157],[116.1973964,40.0059836],[116.1972691,40.0060843],[116.1972192,40.0062144],[116.1973373,40.0064723],[116.1973447,40.0064988],[116.1973905,40.0066624],[116.1972964,40.0068076],[116.1972369,40.00692],[116.1972648,40.007023],[116.197443,40.0071053],[116.1976528,40.0071603],[116.1978067,40.0070797],[116.1979261,40.0069627],[116.1980827,40.0069181]]}},{"type":"Feature","id":"way/629275746","properties":{"highway":"footway","osm_id":"629275746","timestamp":"2018-10-30T05:18:37Z","version":"8"},"geometry":{"type":"LineString","coordinates":[[116.2023014,39.9986666],[116.2022275,39.9986648],[116.2018131,39.9986657],[116.2016859,39.9986428],[116.2014965,39.9986432],[116.2010087,39.9988077],[116.2008554,39.9989853],[116.2008523,39.9990981],[116.2009354,39.9992372],[116.2009884,39.9994367],[116.2009821,39.9995508],[116.2009699,39.9997742],[116.2009572,39.9998322],[116.2008188,39.9997931],[116.2006212,40.0001268],[116.2005445,40.0006325],[116.2004784,40.0008415],[116.2004349,40.0008745],[116.2003234,40.0009415],[116.2000957,40.00112],[116.1999971,40.0013771],[116.1998833,40.0016333],[116.199826,40.0017207]]}},{"type":"Feature","id":"way/629275747","properties":{"bicycle":"yes","highway":"service","osm_id":"629275747","timestamp":"2018-09-30T19:21:19Z","version":"1"},"geometry":{"type":"LineString","coordinates":[[116.1998837,40.0068002],[116.2000162,40.0067856],[116.2000667,40.0067333]]}},{"type":"Feature","id":"way/629277404","properties":{"highway":"pedestrian","name":"卧佛寺路","osm_id":"629277404","timestamp":"2023-05-28T14:25:55Z","version":"3"},"geometry":{"type":"LineString","coordinates":[[116.2032189,39.9943353],[116.203288,39.9943411],[116.2034247,39.9939503],[116.203461,39.9938793],[116.2035258,39.9935088]]}},{"type":"Feature","id":"way/629277405","properties":{"highway":"footway","osm_id":"629277405","timestamp":"2018-09-30T19:36:42Z","version":"1"},"geometry":{"type":"LineString","coordinates":[[116.2047205,39.9946182],[116.2044558,39.9945872],[116.2043174,39.9945072],[116.204209,39.9944418],[116.2039782,39.9944176]]}},{"type":"Feature","id":"way/629277406","properties":{"highway":"footway","osm_id":"629277406","timestamp":"2018-10-07T06:55:43Z","version":"3"},"geometry":{"type":"LineString","coordinates":[[116.2048299,39.9939021],[116.2052822,39.9938879],[116.2057201,39.9938781]]}},{"type":"Feature","id":"way/629282342","properties":{"highway":"footway","osm_id":"629282342","timestamp":"2018-09-30T19:52:39Z","version":"1"},"geometry":{"type":"LineString","coordinates":[[116.2083906,39.9942786],[116.2084418,39.994253],[116.208444,39.9942039],[116.2084484,39.9941068]]}},{"type":"Feature","id":"way/629282343","properties":{"highway":"footway","osm_id":"629282343","timestamp":"2018-09-30T19:52:39Z","version":"1"},"geometry":{"type":"LineString","coordinates":[[116.208444,39.9942039],[116.2090229,39.9941876]]}},{"type":"Feature","id":"way/629282344","properties":{"highway":"footway","osm_id":"629282344","timestamp":"2018-10-07T06:55:43Z","version":"2"},"geometry":{"type":"LineString","coordinates":[[116.2071758,39.9936242],[116.2072166,39.9933022],[116.2072077,39.9931842],[116.2070439,39.9929785]]}},{"type":"Feature","id":"way/629282347","properties":{"highway":"footway","osm_id":"629282347","timestamp":"2018-10-07T06:55:43Z","version":"2"},"geometry":{"type":"LineString","coordinates":[[116.2052822,39.9938879],[116.2052772,39.9937673],[116.2052295,39.9937008],[116.2052198,39.9936119]]}},{"type":"Feature","id":"way/629282348","properties":{"highway":"footway","osm_id":"629282348","timestamp":"2018-09-30T19:52:39Z","version":"1"},"geometry":{"type":"LineString","coordinates":[[116.2052822,39.9938879],[116.2052768,39.9939652],[116.2052881,39.9941632]]}},{"type":"Feature","id":"way/629282349","properties":{"highway":"footway","osm_id":"629282349","timestamp":"2018-09-30T19:52:39Z","version":"1"},"geometry":{"type":"LineString","coordinates":[[116.2053068,39.9935977],[116.2053272,39.9934663],[116.2052991,39.9933515]]}},{"type":"Feature","id":"way/629282351","properties":{"highway":"footway","osm_id":"629282351","timestamp":"2018-09-30T19:52:39Z","version":"1"},"geometry":{"type":"LineString","coordinates":[[116.2044512,39.99425],[116.2043133,39.9941465],[116.2043234,39.9939671]]}},{"type":"Feature","id":"way/629282352","properties":{"amenity":"toilets","building":"yes","osm_id":"629282352","timestamp":"2018-09-30T19:52:39Z","version":"1"},"geometry":{"type":"Polygon","coordinates":[[[116.2047229,39.9944654],[116.2047416,39.9943223],[116.2046126,39.9943124],[116.204594,39.9944556],[116.2047229,39.9944654]]]}},{"type":"Feature","id":"way/629284010","properties":{"highway":"footway","osm_id":"629284010","timestamp":"2018-10-17T05:46:18Z","version":"2"},"geometry":{"type":"LineString","coordinates":[[116.203807,39.9948113],[116.2037185,39.9946887],[116.2037791,39.9943933]]}},{"type":"Feature","id":"way/629284011","properties":{"highway":"footway","osm_id":"629284011","timestamp":"2018-09-30T20:00:58Z","version":"1"},"geometry":{"type":"LineString","coordinates":[[116.2030548,39.9951761],[116.2031497,39.9951744],[116.2032561,39.9950812],[116.203356,39.9950696],[116.2034558,39.994584],[116.2035805,39.9944044]]}},{"type":"Feature","id":"way/629284013","properties":{"highway":"footway","osm_id":"629284013","timestamp":"2018-09-30T20:00:58Z","version":"1"},"geometry":{"type":"LineString","coordinates":[[116.2065323,39.9962297],[116.2076849,39.995476]]}},{"type":"Feature","id":"way/629284014","properties":{"highway":"footway","osm_id":"629284014","timestamp":"2018-09-30T20:00:58Z","version":"1"},"geometry":{"type":"LineString","coordinates":[[116.2076849,39.995476],[116.2077961,39.9956118]]}},{"type":"Feature","id":"way/629284020","properties":{"highway":"footway","osm_id":"629284020","timestamp":"2018-09-30T20:00:58Z","version":"1"},"geometry":{"type":"LineString","coordinates":[[116.2061619,39.9947701],[116.2062173,39.9946481],[116.2062829,39.9945037]]}},{"type":"Feature","id":"way/629284021","properties":{"highway":"footway","osm_id":"629284021","timestamp":"2018-09-30T20:00:58Z","version":"1"},"geometry":{"type":"LineString","coordinates":[[116.2061947,39.9941984],[116.2059957,39.9940046]]}},{"type":"Feature","id":"way/629284024","properties":{"highway":"footway","osm_id":"629284024","timestamp":"2018-09-30T20:00:58Z","version":"1"},"geometry":{"type":"LineString","coordinates":[[116.2065553,39.9942007],[116.2067186,39.9940873],[116.2068038,39.9940281]]}},{"type":"Feature","id":"way/629284026","properties":{"highway":"footway","osm_id":"629284026","timestamp":"2018-09-30T20:00:58Z","version":"1"},"geometry":{"type":"LineString","coordinates":[[116.2062173,39.9946481],[116.2063396,39.9946774],[116.2064926,39.9946716],[116.2066004,39.9946427],[116.2067417,39.9945366],[116.2067856,39.9945037],[116.2068234,39.9944342],[116.2068347,39.9943763],[116.2068404,39.9943097],[116.2068347,39.9942488],[116.206795,39.9941678],[116.2067186,39.9940873]]}},{"type":"Feature","id":"way/629284028","properties":{"highway":"steps","osm_id":"629284028","timestamp":"2019-06-30T06:21:50Z","version":"2"},"geometry":{"type":"LineString","coordinates":[[116.2067417,39.9945366],[116.2069213,39.9946662]]}},{"type":"Feature","id":"way/629286579","properties":{"highway":"footway","osm_id":"629286579","timestamp":"2018-09-30T20:14:56Z","version":"1"},"geometry":{"type":"LineString","coordinates":[[116.2058919,39.9945525],[116.2058265,39.9945909],[116.2054713,39.994626],[116.2052306,39.9946962],[116.2047326,39.9945707]]}},{"type":"Feature","id":"way/629286581","properties":{"highway":"footway","osm_id":"629286581","timestamp":"2018-09-30T20:14:57Z","version":"1"},"geometry":{"type":"LineString","coordinates":[[116.2036135,39.9962154],[116.2033033,39.9963659],[116.2036735,39.9966036]]}},{"type":"Feature","id":"way/629286583","properties":{"highway":"footway","osm_id":"629286583","timestamp":"2022-05-05T12:21:05Z","version":"4"},"geometry":{"type":"LineString","coordinates":[[116.2025809,39.9977241],[116.2026612,39.9978868],[116.2026737,39.9979537],[116.2026612,39.9980225],[116.2026313,39.9980913],[116.2025789,39.9981467],[116.2024916,39.9982097],[116.2023146,39.9982785],[116.2022498,39.9983339],[116.2021602,39.9984953],[116.2018414,39.9985014],[116.201586,39.9984636],[116.201349,39.998335],[116.2011831,39.9981778],[116.2011425,39.9980768],[116.2010429,39.9979593],[116.201112,39.9978574],[116.2011126,39.9976977],[116.2013346,39.9974704],[116.2014339,39.9974323],[116.201544,39.9973901],[116.2017161,39.9973519],[116.2017784,39.9973507]]}},{"type":"Feature","id":"way/629286584","properties":{"highway":"footway","osm_id":"629286584","timestamp":"2018-10-10T05:21:08Z","version":"2"},"geometry":{"type":"LineString","coordinates":[[116.2021602,39.9984953],[116.2022275,39.9986648]]}},{"type":"Feature","id":"way/629286585","properties":{"highway":"footway","osm_id":"629286585","timestamp":"2018-10-05T07:06:59Z","version":"2"},"geometry":{"type":"LineString","coordinates":[[116.201349,39.998335],[116.2012659,39.9984039],[116.2014965,39.9986432]]}},{"type":"Feature","id":"way/629286586","properties":{"highway":"footway","osm_id":"629286586","timestamp":"2018-09-30T20:14:57Z","version":"1"},"geometry":{"type":"LineString","coordinates":[[116.2007389,39.9985909],[116.2009381,39.9981696],[116.2011425,39.9980768]]}},{"type":"Feature","id":"way/629286590","properties":{"amenity":"toilets","building":"yes","osm_id":"629286590","timestamp":"2018-10-15T08:30:49Z","version":"2"},"geometry":{"type":"Polygon","coordinates":[[[116.2007358,39.9995483],[116.2008032,39.9994142],[116.2007336,39.9993937],[116.2006662,39.9995278],[116.2007358,39.9995483]]]}},{"type":"Feature","id":"way/629286591","properties":{"highway":"path","osm_id":"629286591","timestamp":"2018-10-29T05:39:41Z","version":"2"},"geometry":{"type":"LineString","coordinates":[[116.2004046,39.9994834],[116.200091,39.9994973],[116.1999947,39.9994654]]}},{"type":"Feature","id":"way/629286593","properties":{"highway":"service","osm_id":"629286593","timestamp":"2018-10-23T06:20:35Z","version":"2"},"geometry":{"type":"LineString","coordinates":[[116.2001527,39.9991796],[116.200092,39.9981149],[116.2000736,39.9977913],[116.2001309,39.9975239]]}},{"type":"Feature","id":"way/629286594","properties":{"highway":"footway","osm_id":"629286594","timestamp":"2018-10-23T06:20:34Z","version":"3"},"geometry":{"type":"LineString","coordinates":[[116.200223,39.9977185],[116.2003643,39.9975593],[116.2004985,39.9975295],[116.2005873,39.997415],[116.2008168,39.9973836]]}},{"type":"Feature","id":"way/629286595","properties":{"highway":"footway","osm_id":"629286595","timestamp":"2018-09-30T20:14:57Z","version":"1"},"geometry":{"type":"LineString","coordinates":[[116.2006703,39.9976151],[116.2009017,39.9977989],[116.201112,39.9978574]]}},{"type":"Feature","id":"way/629286596","properties":{"highway":"footway","osm_id":"629286596","timestamp":"2018-10-29T05:39:41Z","version":"3"},"geometry":{"type":"LineString","coordinates":[[116.1989938,39.9997934],[116.1993255,39.9998736],[116.1991833,40.0004983],[116.1992008,40.0005938],[116.199559,40.0008172],[116.1995421,40.0009186]]}},{"type":"Feature","id":"way/629286597","properties":{"highway":"footway","osm_id":"629286597","timestamp":"2018-10-30T05:18:36Z","version":"3"},"geometry":{"type":"MultiLineString","coordinates":[[[116.2004349,40.0008745],[116.2002507,40.0007611]],[[116.2002507,40.0007611],[116.2001883,40.0006492],[116.2001738,40.0005189],[116.2001436,40.0004351],[116.2001958,40.0002767],[116.2001334,40.0002002],[116.1999165,40.0001926],[116.1998812,40.0003731],[116.1998672,40.0004921],[116.1997947,40.0005742],[116.1997947,40.0007021],[116.1999152,40.0008016],[116.2001452,40.0007832],[116.2002507,40.0007611]]]}},{"type":"Feature","id":"way/629286598","properties":{"highway":"footway","osm_id":"629286598","timestamp":"2018-10-21T06:09:17Z","version":"2"},"geometry":{"type":"LineString","coordinates":[[116.2001738,40.0005189],[116.2000861,40.000546],[116.2000487,40.0005002],[116.1999469,40.0004964],[116.1998672,40.0004921]]}},{"type":"Feature","id":"way/629286599","properties":{"highway":"footway","osm_id":"629286599","timestamp":"2018-09-30T20:14:57Z","version":"1"},"geometry":{"type":"LineString","coordinates":[[116.2001436,40.0004351],[116.1998812,40.0003731]]}},{"type":"Feature","id":"way/629286601","properties":{"highway":"footway","osm_id":"629286601","timestamp":"2018-10-30T05:18:36Z","version":"2"},"geometry":{"type":"LineString","coordinates":[[116.1999165,40.0001926],[116.1997918,40.0001525],[116.1998921,40.0000045],[116.2002858,40.0001349]]}},{"type":"Feature","id":"way/629286603","properties":{"highway":"footway","osm_id":"629286603","timestamp":"2018-10-21T06:09:17Z","version":"2"},"geometry":{"type":"LineString","coordinates":[[116.1998888,40.0009675],[116.1999152,40.0008016]]}},{"type":"Feature","id":"way/629290385","properties":{"highway":"footway","lit":"no","surface":"paving_stones","osm_id":"629290385","timestamp":"2022-04-12T05:32:32Z","version":"3"},"geometry":{"type":"LineString","coordinates":[[116.2001364,40.003715],[116.200408,40.0033892],[116.2004855,40.0033371],[116.200665,40.0033038],[116.2007141,40.0032561],[116.2008257,40.0031523]]}},{"type":"Feature","id":"way/629290386","properties":{"highway":"footway","osm_id":"629290386","timestamp":"2018-09-30T20:31:19Z","version":"1"},"geometry":{"type":"LineString","coordinates":[[116.2010914,40.0036765],[116.2012943,40.0036585],[116.2014531,40.0035919],[116.2016402,40.0034761],[116.2017668,40.0034327],[116.2017317,40.0031042]]}},{"type":"Feature","id":"way/629290387","properties":{"highway":"footway","osm_id":"629290387","timestamp":"2018-09-30T20:31:19Z","version":"1"},"geometry":{"type":"LineString","coordinates":[[116.2017668,40.0034327],[116.2017851,40.0034666],[116.2018088,40.0034761],[116.201835,40.0035516],[116.2018574,40.0036003],[116.2018375,40.0036519],[116.2017003,40.00399],[116.2016467,40.0040129],[116.2015881,40.0041342],[116.2016567,40.0041705],[116.2016355,40.0042182],[116.2015968,40.0042259]]}},{"type":"Feature","id":"way/629290388","properties":{"highway":"footway","osm_id":"629290388","timestamp":"2018-09-30T20:31:19Z","version":"1"},"geometry":{"type":"LineString","coordinates":[[116.2001834,40.0048091],[116.2001909,40.0045644],[116.2003916,40.0045667],[116.2005803,40.0045688],[116.2005733,40.0046758],[116.2005651,40.0048018],[116.2001834,40.0048091]]}},{"type":"Feature","id":"way/629290389","properties":{"highway":"footway","osm_id":"629290389","timestamp":"2020-10-25T22:24:24Z","version":"2"},"geometry":{"type":"LineString","coordinates":[[116.2016575,40.0047396],[116.2016575,40.004681],[116.2016575,40.0046064],[116.2018937,40.0046079],[116.2018937,40.0046664],[116.2018937,40.0047367],[116.2016575,40.0047396]]}},{"type":"Feature","id":"way/629290391","properties":{"highway":"footway","osm_id":"629290391","timestamp":"2018-09-30T20:31:19Z","version":"1"},"geometry":{"type":"LineString","coordinates":[[116.2003916,40.0045667],[116.2004058,40.00404]]}},{"type":"Feature","id":"way/629290392","properties":{"highway":"footway","osm_id":"629290392","timestamp":"2018-09-30T20:31:19Z","version":"1"},"geometry":{"type":"LineString","coordinates":[[116.1973447,40.0064988],[116.1976181,40.0063535],[116.1978089,40.0062724],[116.1980168,40.0061421],[116.1981529,40.0060625],[116.1982739,40.0059525],[116.1983688,40.0058125]]}},{"type":"Feature","id":"way/629290393","properties":{"highway":"footway","osm_id":"629290393","timestamp":"2022-03-13T08:44:49Z","version":"2"},"geometry":{"type":"LineString","coordinates":[[116.2049727,40.0029052],[116.2049884,40.0029637],[116.2050274,40.0031095],[116.2050469,40.0031349],[116.2051368,40.0032517],[116.2053403,40.0032956],[116.2055647,40.0033797],[116.205872,40.0033427],[116.2061383,40.0032727],[116.2063878,40.0030737]]}},{"type":"Feature","id":"way/629290394","properties":{"highway":"footway","osm_id":"629290394","timestamp":"2018-10-05T06:05:02Z","version":"2"},"geometry":{"type":"LineString","coordinates":[[116.2051368,40.0032517],[116.2051608,40.0037464],[116.2053192,40.0039118],[116.2053603,40.0040292],[116.2056038,40.0041301],[116.2058041,40.0041323],[116.2060243,40.004105],[116.2062496,40.0040732]]}},{"type":"Feature","id":"way/629290398","properties":{"highway":"footway","osm_id":"629290398","timestamp":"2022-03-13T08:44:49Z","version":"3"},"geometry":{"type":"LineString","coordinates":[[116.203496,40.002996],[116.2036296,40.0034217],[116.2036895,40.0036089],[116.2036745,40.0038343],[116.2037244,40.0038916],[116.2039338,40.003884],[116.2040455,40.0038661],[116.2044768,40.0037874],[116.2045922,40.0035936],[116.2047717,40.0033224],[116.2048465,40.0031963],[116.204969,40.0031375],[116.2050274,40.0031095]]}},{"type":"Feature","id":"way/629290399","properties":{"highway":"footway","osm_id":"629290399","timestamp":"2018-09-30T20:31:19Z","version":"1"},"geometry":{"type":"LineString","coordinates":[[116.2048465,40.0031963],[116.2044326,40.003139],[116.2043613,40.0030205]]}},{"type":"Feature","id":"way/629290400","properties":{"highway":"service","osm_id":"629290400","timestamp":"2018-10-05T07:06:59Z","version":"3"},"geometry":{"type":"LineString","coordinates":[[116.202368,40.0030383],[116.2026611,40.0031849],[116.2026812,40.0033046],[116.2027144,40.0035029],[116.202641,40.0040041],[116.2027021,40.0043041],[116.2031928,40.0046485],[116.2034205,40.0051977],[116.2035071,40.0056158]]}},{"type":"Feature","id":"way/629780813","properties":{"highway":"footway","osm_id":"629780813","timestamp":"2018-10-05T06:05:02Z","version":"2"},"geometry":{"type":"LineString","coordinates":[[116.2077098,40.0027087],[116.2076928,40.0028381],[116.2074152,40.0028479],[116.2073058,40.0028518],[116.2072081,40.00289],[116.2071309,40.0030605],[116.2071004,40.00325],[116.2071446,40.0033333],[116.2072919,40.003383],[116.2073751,40.0035338]]}},{"type":"Feature","id":"way/629780815","properties":{"highway":"steps","osm_id":"629780815","timestamp":"2018-10-02T06:13:34Z","version":"1"},"geometry":{"type":"LineString","coordinates":[[116.2028082,40.0029835],[116.2025519,40.0028817]]}},{"type":"Feature","id":"way/629780817","properties":{"highway":"steps","osm_id":"629780817","timestamp":"2018-10-02T06:13:34Z","version":"1"},"geometry":{"type":"LineString","coordinates":[[116.2014587,40.0046838],[116.2012462,40.0046876],[116.2011169,40.0046867]]}},{"type":"Feature","id":"way/629780818","properties":{"highway":"pedestrian","osm_id":"629780818","timestamp":"2018-10-02T06:13:34Z","version":"1"},"geometry":{"type":"LineString","coordinates":[[116.2067279,40.0020416],[116.2066302,40.0022337]]}},{"type":"Feature","id":"way/629780821","properties":{"highway":"service","service":"parking_aisle","osm_id":"629780821","timestamp":"2023-02-21T03:32:56Z","version":"2"},"geometry":{"type":"LineString","coordinates":[[116.2031928,40.0046485],[116.2030059,40.0047127]]}},{"type":"Feature","id":"way/629780823","properties":{"highway":"footway","osm_id":"629780823","timestamp":"2018-10-02T06:13:34Z","version":"1"},"geometry":{"type":"LineString","coordinates":[[116.2026042,40.0049926],[116.2023834,40.0049835]]}},{"type":"Feature","id":"way/629780825","properties":{"highway":"footway","osm_id":"629780825","timestamp":"2018-10-02T06:13:34Z","version":"1"},"geometry":{"type":"LineString","coordinates":[[116.2023838,40.0049819],[116.2013751,40.0049831],[116.2014587,40.0046838]]}},{"type":"Feature","id":"way/629780826","properties":{"highway":"service","parking":"surface","service":"parking_aisle","osm_id":"629780826","timestamp":"2023-02-21T03:32:56Z","version":"3"},"geometry":{"type":"LineString","coordinates":[[116.2032646,40.0052085],[116.2027368,40.0052703],[116.2026042,40.0049926],[116.2027758,40.0047706],[116.2030059,40.0047127],[116.2032646,40.0052085]]}},{"type":"Feature","id":"way/629780830","properties":{"highway":"footway","osm_id":"629780830","timestamp":"2018-10-04T06:11:20Z","version":"2"},"geometry":{"type":"LineString","coordinates":[[116.2077098,40.0027087],[116.2076859,40.0024051],[116.2075722,40.002331],[116.2072538,40.0022358],[116.2071068,40.0021458],[116.2069769,40.0020958],[116.2068988,40.0020753],[116.2067279,40.0020416]]}},{"type":"Feature","id":"way/629783773","properties":{"highway":"footway","osm_id":"629783773","timestamp":"2018-10-25T05:52:33Z","version":"2"},"geometry":{"type":"LineString","coordinates":[[116.2004717,40.0029935],[116.2008292,40.002713],[116.2008507,40.0025771],[116.2009233,40.0024425],[116.2015067,40.002135]]}},{"type":"Feature","id":"way/630078268","properties":{"highway":"footway","osm_id":"630078268","timestamp":"2018-10-03T02:12:18Z","version":"1"},"geometry":{"type":"LineString","coordinates":[[116.199826,40.0017207],[116.1997619,40.0018228]]}},{"type":"Feature","id":"way/630444264","properties":{"highway":"path","osm_id":"630444264","timestamp":"2018-10-04T06:11:19Z","version":"1"},"geometry":{"type":"LineString","coordinates":[[116.2078168,40.0010364],[116.207872,40.0012471],[116.2077919,40.0015406],[116.2073072,40.0017881]]}},{"type":"Feature","id":"way/630444265","properties":{"highway":"footway","osm_id":"630444265","timestamp":"2018-10-04T06:11:19Z","version":"1"},"geometry":{"type":"LineString","coordinates":[[116.2073265,40.0040051],[116.2070956,40.0039724],[116.2068346,40.0040022],[116.2062496,40.0040732]]}},{"type":"Feature","id":"way/630444267","properties":{"highway":"service","osm_id":"630444267","timestamp":"2018-10-04T06:11:19Z","version":"1"},"geometry":{"type":"LineString","coordinates":[[116.2075389,40.0002542],[116.2074168,40.0004759],[116.2071116,40.0006282]]}},{"type":"Feature","id":"way/630444269","properties":{"highway":"footway","osm_id":"630444269","timestamp":"2018-10-05T06:05:02Z","version":"2"},"geometry":{"type":"LineString","coordinates":[[116.2074539,40.0036448],[116.2078644,40.0038807],[116.2078646,40.003882],[116.2078743,40.0039524],[116.2077368,40.0040917],[116.2075287,40.0041149],[116.2073265,40.0040051]]}},{"type":"Feature","id":"way/630444271","properties":{"highway":"footway","osm_id":"630444271","timestamp":"2020-10-25T22:33:53Z","version":"2"},"geometry":{"type":"LineString","coordinates":[[116.2064856,40.0009791],[116.2071508,40.0009399],[116.2074312,40.0008628],[116.2076231,40.0009013],[116.2078168,40.0010364],[116.2079128,40.001116]]}},{"type":"Feature","id":"way/630444273","properties":{"highway":"footway","osm_id":"630444273","timestamp":"2018-10-04T06:11:19Z","version":"1"},"geometry":{"type":"LineString","coordinates":[[116.2061113,40.0034956],[116.2062774,40.003433],[116.2065544,40.0033665],[116.2065803,40.0033159],[116.2066021,40.0030969]]}},{"type":"Feature","id":"way/630444275","properties":{"highway":"footway","osm_id":"630444275","timestamp":"2018-10-04T06:11:19Z","version":"1"},"geometry":{"type":"LineString","coordinates":[[116.2062496,40.0040732],[116.2061963,40.0036995],[116.2060001,40.0035715],[116.2059649,40.0035086],[116.205872,40.0033427]]}},{"type":"Feature","id":"way/630444277","properties":{"highway":"footway","osm_id":"630444277","timestamp":"2018-10-04T06:11:19Z","version":"1"},"geometry":{"type":"LineString","coordinates":[[116.2072969,40.0016607],[116.2073072,40.0017881],[116.2069769,40.0020958]]}},{"type":"Feature","id":"way/630444278","properties":{"highway":"footway","osm_id":"630444278","timestamp":"2018-10-04T06:11:19Z","version":"1"},"geometry":{"type":"LineString","coordinates":[[116.2073751,40.0035338],[116.2074539,40.0036448]]}},{"type":"Feature","id":"way/630444280","properties":{"area":"yes","highway":"pedestrian","osm_id":"630444280","timestamp":"2022-03-13T08:44:49Z","version":"3"},"geometry":{"type":"Polygon","coordinates":[[[116.2065898,40.0018538],[116.2064792,40.0016076],[116.2064298,40.0018586],[116.2064202,40.0019075],[116.2066335,40.001951],[116.2065898,40.0018538]]]}},{"type":"Feature","id":"way/630444282","properties":{"highway":"footway","osm_id":"630444282","timestamp":"2018-10-04T06:11:20Z","version":"1"},"geometry":{"type":"LineString","coordinates":[[116.2064624,40.0028548],[116.2066566,40.0025863],[116.2068988,40.0020753]]}},{"type":"Feature","id":"way/630444284","properties":{"highway":"pedestrian","osm_id":"630444284","timestamp":"2018-10-06T06:46:09Z","version":"3"},"geometry":{"type":"LineString","coordinates":[[116.2071116,40.0006282],[116.2070678,40.0002784],[116.207057,40.0001991],[116.2069946,40.0001032],[116.2065721,39.9996452],[116.2065053,39.9994528],[116.2066718,39.9991271],[116.2066655,39.9990227]]}},{"type":"Feature","id":"way/630444286","properties":{"highway":"steps","osm_id":"630444286","timestamp":"2018-10-04T06:11:20Z","version":"1"},"geometry":{"type":"LineString","coordinates":[[116.2079128,40.001116],[116.2081454,40.0011511]]}},{"type":"Feature","id":"way/630444288","properties":{"highway":"steps","osm_id":"630444288","timestamp":"2018-10-04T06:11:20Z","version":"1"},"geometry":{"type":"LineString","coordinates":[[116.2059649,40.0035086],[116.2061113,40.0034956]]}},{"type":"Feature","id":"way/630444290","properties":{"highway":"footway","osm_id":"630444290","timestamp":"2018-10-04T06:11:20Z","version":"1"},"geometry":{"type":"LineString","coordinates":[[116.2068508,40.003052],[116.2066021,40.0030969]]}},{"type":"Feature","id":"way/630450478","properties":{"highway":"footway","osm_id":"630450478","timestamp":"2018-10-04T06:33:50Z","version":"1"},"geometry":{"type":"LineString","coordinates":[[116.2043797,39.998983],[116.2043593,39.998734],[116.204237,39.9986694],[116.2040297,39.9982982]]}},{"type":"Feature","id":"way/630450479","properties":{"highway":"footway","osm_id":"630450479","timestamp":"2018-10-04T06:33:50Z","version":"1"},"geometry":{"type":"LineString","coordinates":[[116.2026974,39.9971836],[116.2022826,39.9970569]]}},{"type":"Feature","id":"way/630451321","properties":{"highway":"steps","osm_id":"630451321","timestamp":"2018-10-04T06:36:41Z","version":"1"},"geometry":{"type":"LineString","coordinates":[[116.2019949,39.9970838],[116.2010614,39.9970396]]}},{"type":"Feature","id":"way/630451322","properties":{"highway":"footway","osm_id":"630451322","timestamp":"2018-10-17T05:41:18Z","version":"2"},"geometry":{"type":"LineString","coordinates":[[116.2022826,39.9970569],[116.2019949,39.9970838]]}},{"type":"Feature","id":"way/630853350","properties":{"highway":"footway","osm_id":"630853350","timestamp":"2018-10-05T06:05:01Z","version":"1"},"geometry":{"type":"LineString","coordinates":[[116.2044768,40.0037874],[116.204215,40.0041687]]}},{"type":"Feature","id":"way/630853351","properties":{"highway":"path","osm_id":"630853351","timestamp":"2018-10-05T06:05:01Z","version":"1"},"geometry":{"type":"LineString","coordinates":[[116.2062496,40.0040732],[116.2065135,40.0048431],[116.2065514,40.0049537]]}},{"type":"Feature","id":"way/630853354","properties":{"highway":"path","osm_id":"630853354","timestamp":"2018-10-05T06:05:02Z","version":"1"},"geometry":{"type":"LineString","coordinates":[[116.2059819,40.0045144],[116.205735,40.0043023],[116.2056038,40.0041301]]}},{"type":"Feature","id":"way/630853356","properties":{"highway":"footway","osm_id":"630853356","timestamp":"2018-10-05T06:05:02Z","version":"1"},"geometry":{"type":"LineString","coordinates":[[116.2040455,40.0038661],[116.2041161,40.003915],[116.2041066,40.0040477],[116.2041539,40.0041584]]}},{"type":"Feature","id":"way/630853357","properties":{"highway":"path","osm_id":"630853357","timestamp":"2018-10-05T06:05:02Z","version":"1"},"geometry":{"type":"LineString","coordinates":[[116.2078646,40.003882],[116.2084988,40.0041985]]}},{"type":"Feature","id":"way/630853358","properties":{"highway":"path","osm_id":"630853358","timestamp":"2018-10-05T06:05:02Z","version":"1"},"geometry":{"type":"LineString","coordinates":[[116.2065135,40.0048431],[116.2061251,40.0048257],[116.2059819,40.0045144],[116.2061342,40.0045695]]}},{"type":"Feature","id":"way/630853359","properties":{"highway":"footway","osm_id":"630853359","timestamp":"2018-10-05T06:05:02Z","version":"1"},"geometry":{"type":"LineString","coordinates":[[116.2068508,40.003052],[116.2071309,40.0030605],[116.2073691,40.0030739],[116.2076151,40.0030927],[116.2076928,40.0028381]]}},{"type":"Feature","id":"way/630853360","properties":{"highway":"footway","osm_id":"630853360","timestamp":"2018-10-05T06:05:02Z","version":"1"},"geometry":{"type":"LineString","coordinates":[[116.2074152,40.0028479],[116.2073691,40.0030739]]}},{"type":"Feature","id":"way/630853361","properties":{"highway":"footway","osm_id":"630853361","timestamp":"2018-10-05T06:05:02Z","version":"1"},"geometry":{"type":"LineString","coordinates":[[116.2053192,40.0039118],[116.205009,40.0040204],[116.2045292,40.0041506],[116.204215,40.0041687],[116.2041539,40.0041584],[116.2037346,40.0041012],[116.2036745,40.0038343]]}},{"type":"Feature","id":"way/630871010","properties":{"highway":"footway","osm_id":"630871010","timestamp":"2018-10-05T07:06:58Z","version":"1"},"geometry":{"type":"LineString","coordinates":[[116.2018131,39.9986657],[116.2018993,39.9990075]]}},{"type":"Feature","id":"way/630871011","properties":{"highway":"footway","osm_id":"630871011","timestamp":"2018-10-30T05:04:37Z","version":"2"},"geometry":{"type":"LineString","coordinates":[[116.2007833,40.0009448],[116.2008494,40.0008626],[116.2009248,40.0007688],[116.2009485,40.0006815],[116.2009504,40.0004757],[116.2009844,40.0003181]]}},{"type":"Feature","id":"way/630871012","properties":{"highway":"footway","osm_id":"630871012","timestamp":"2018-10-05T07:06:58Z","version":"1"},"geometry":{"type":"LineString","coordinates":[[116.2004595,40.001304],[116.2005974,40.001246],[116.2006927,40.0012059],[116.2009781,40.0010832]]}},{"type":"Feature","id":"way/630871013","properties":{"highway":"footway","osm_id":"630871013","timestamp":"2018-10-23T06:01:52Z","version":"2"},"geometry":{"type":"LineString","coordinates":[[116.2010114,39.9999703],[116.2010732,39.9998894],[116.2011171,39.9998719],[116.2012052,39.9996078]]}},{"type":"Feature","id":"way/630871014","properties":{"highway":"steps","osm_id":"630871014","timestamp":"2018-10-30T05:18:36Z","version":"2"},"geometry":{"type":"LineString","coordinates":[[116.2009844,40.0003181],[116.2009946,40.0001865],[116.2010114,39.9999703]]}},{"type":"Feature","id":"way/630871015","properties":{"highway":"footway","osm_id":"630871015","timestamp":"2018-10-05T07:06:58Z","version":"1"},"geometry":{"type":"LineString","coordinates":[[116.2004965,40.0014126],[116.2006675,40.001467],[116.2006927,40.0012059]]}},{"type":"Feature","id":"way/630871017","properties":{"highway":"path","osm_id":"630871017","timestamp":"2018-10-05T07:06:58Z","version":"1"},"geometry":{"type":"LineString","coordinates":[[116.2014339,39.9974323],[116.2012774,39.9973872],[116.2010584,39.9971778]]}},{"type":"Feature","id":"way/630871019","properties":{"highway":"steps","osm_id":"630871019","timestamp":"2018-10-05T07:06:58Z","version":"1"},"geometry":{"type":"LineString","coordinates":[[116.2037346,40.0041012],[116.2036237,40.0041177],[116.2031928,40.0046485]]}},{"type":"Feature","id":"way/630871020","properties":{"highway":"footway","osm_id":"630871020","timestamp":"2018-10-05T07:06:58Z","version":"1"},"geometry":{"type":"LineString","coordinates":[[116.201536,39.9994408],[116.2013824,39.9995439],[116.2012052,39.9996078]]}},{"type":"Feature","id":"way/630871021","properties":{"highway":"footway","osm_id":"630871021","timestamp":"2018-10-05T07:06:58Z","version":"1"},"geometry":{"type":"LineString","coordinates":[[116.2013964,39.9993763],[116.201536,39.9994408]]}},{"type":"Feature","id":"way/630871022","properties":{"highway":"footway","osm_id":"630871022","timestamp":"2018-10-05T07:06:58Z","version":"1"},"geometry":{"type":"LineString","coordinates":[[116.2012052,39.9996078],[116.2012106,39.9994866],[116.2013964,39.9993763]]}},{"type":"Feature","id":"way/630871023","properties":{"highway":"footway","osm_id":"630871023","timestamp":"2018-10-05T07:06:58Z","version":"1"},"geometry":{"type":"LineString","coordinates":[[116.2027144,40.0035029],[116.2028975,40.0035244],[116.2029068,40.0034422],[116.2026812,40.0033046]]}},{"type":"Feature","id":"way/630871024","properties":{"highway":"steps","osm_id":"630871024","timestamp":"2018-10-05T07:06:58Z","version":"1"},"geometry":{"type":"LineString","coordinates":[[116.2013964,39.9993763],[116.2015175,39.9993232],[116.2016236,39.9991608]]}},{"type":"Feature","id":"way/630871025","properties":{"highway":"footway","osm_id":"630871025","timestamp":"2018-10-23T06:01:52Z","version":"2"},"geometry":{"type":"LineString","coordinates":[[116.2016236,39.9991608],[116.2016857,39.9990644],[116.2018993,39.9990075]]}},{"type":"Feature","id":"way/630871026","properties":{"highway":"footway","osm_id":"630871026","timestamp":"2018-10-05T07:06:58Z","version":"1"},"geometry":{"type":"LineString","coordinates":[[116.2004185,40.0009739],[116.2005196,40.0010275],[116.2005974,40.001246]]}},{"type":"Feature","id":"way/630871027","properties":{"highway":"steps","osm_id":"630871027","timestamp":"2018-10-05T07:06:58Z","version":"1"},"geometry":{"type":"LineString","coordinates":[[116.2004443,40.0015411],[116.2004965,40.0014126],[116.2004595,40.001304]]}},{"type":"Feature","id":"way/630871028","properties":{"highway":"steps","osm_id":"630871028","timestamp":"2018-10-05T07:06:58Z","version":"1"},"geometry":{"type":"LineString","coordinates":[[116.2004087,40.0020849],[116.2004449,40.0018566]]}},{"type":"Feature","id":"way/630871029","properties":{"highway":"footway","osm_id":"630871029","timestamp":"2018-10-05T07:06:58Z","version":"1"},"geometry":{"type":"LineString","coordinates":[[116.2004449,40.0018566],[116.2004665,40.0017553],[116.2003838,40.001607],[116.2004443,40.0015411]]}},{"type":"Feature","id":"way/631202393","properties":{"highway":"path","osm_id":"631202393","timestamp":"2022-03-13T08:44:49Z","version":"2"},"geometry":{"type":"LineString","coordinates":[[116.2048891,40.0022733],[116.205008,40.0022544],[116.2051808,40.002227],[116.2051926,40.0022251]]}},{"type":"Feature","id":"way/631202394","properties":{"highway":"steps","osm_id":"631202394","timestamp":"2018-10-06T06:28:19Z","version":"1"},"geometry":{"type":"LineString","coordinates":[[116.2053491,40.0013876],[116.205539,40.0013833]]}},{"type":"Feature","id":"way/631202396","properties":{"area":"yes","highway":"pedestrian","osm_id":"631202396","timestamp":"2022-03-13T08:44:49Z","version":"2"},"geometry":{"type":"Polygon","coordinates":[[[116.2051449,40.0028968],[116.2049884,40.0029637],[116.2049189,40.0029934],[116.2048944,40.0031401],[116.204969,40.0031375],[116.2050469,40.0031349],[116.2051066,40.0031328],[116.2051449,40.0028968]]]}},{"type":"Feature","id":"way/631202397","properties":{"highway":"footway","osm_id":"631202397","timestamp":"2018-10-06T06:28:19Z","version":"1"},"geometry":{"type":"LineString","coordinates":[[116.2059829,40.0012408],[116.2061967,40.0009809],[116.2063902,40.0007792],[116.2065062,40.0006866],[116.2067964,40.0007549]]}},{"type":"Feature","id":"way/631202398","properties":{"highway":"steps","osm_id":"631202398","timestamp":"2018-10-06T06:28:19Z","version":"1"},"geometry":{"type":"LineString","coordinates":[[116.2070678,40.0002784],[116.2065062,40.0006866]]}},{"type":"Feature","id":"way/631204899","properties":{"highway":"footway","osm_id":"631204899","timestamp":"2018-10-06T06:46:08Z","version":"1"},"geometry":{"type":"LineString","coordinates":[[116.207057,40.0001991],[116.2071349,40.0000412],[116.2071031,39.9997056],[116.20725289718445,39.99963565764072]]}},{"type":"Feature","id":"way/631204900","properties":{"highway":"steps","osm_id":"631204900","timestamp":"2018-10-06T06:46:08Z","version":"1"},"geometry":{"type":"LineString","coordinates":[[116.2070423,39.9994303],[116.207029,39.9992264],[116.2068509,39.9990606],[116.2066655,39.9990227]]}},{"type":"Feature","id":"way/631204901","properties":{"highway":"path","osm_id":"631204901","timestamp":"2018-10-06T06:46:08Z","version":"1"},"geometry":{"type":"LineString","coordinates":[[116.2068509,39.9990606],[116.20713678535884,39.99906223207626]]}},{"type":"Feature","id":"way/631204902","properties":{"highway":"footway","osm_id":"631204902","timestamp":"2019-03-13T04:00:24Z","version":"2"},"geometry":{"type":"LineString","coordinates":[[116.2066655,39.9990227],[116.206637,39.9988771],[116.2067672,39.9985645]]}},{"type":"Feature","id":"way/631204903","properties":{"highway":"footway","osm_id":"631204903","timestamp":"2018-10-06T06:46:09Z","version":"1"},"geometry":{"type":"LineString","coordinates":[[116.2071031,39.9997056],[116.2070423,39.9994303]]}},{"type":"Feature","id":"way/631204904","properties":{"highway":"steps","osm_id":"631204904","timestamp":"2018-10-06T06:46:09Z","version":"1"},"geometry":{"type":"LineString","coordinates":[[116.2071006,39.9977389],[116.2074676,39.9976889]]}},{"type":"Feature","id":"way/631204905","properties":{"highway":"footway","osm_id":"631204905","timestamp":"2019-03-28T05:11:59Z","version":"2"},"geometry":{"type":"LineString","coordinates":[[116.2067672,39.9985645],[116.2069265,39.9982224],[116.2071006,39.9977389]]}},{"type":"Feature","id":"way/631463471","properties":{"highway":"footway","osm_id":"631463471","timestamp":"2018-10-07T06:02:47Z","version":"1"},"geometry":{"type":"LineString","coordinates":[[116.2044618,39.9960776],[116.2036135,39.9962154]]}},{"type":"Feature","id":"way/631463653","properties":{"highway":"path","osm_id":"631463653","timestamp":"2018-10-07T06:04:12Z","version":"1"},"geometry":{"type":"LineString","coordinates":[[116.2032446,39.9964751],[116.2029722,39.9965755],[116.2028253,39.9964638]]}},{"type":"Feature","id":"way/631469169","properties":{"area":"yes","highway":"pedestrian","osm_id":"631469169","timestamp":"2022-03-13T08:44:49Z","version":"2"},"geometry":{"type":"Polygon","coordinates":[[[116.2043351,39.9959106],[116.2043722,39.9959111],[116.2046713,39.9959154],[116.204839,39.9958405],[116.2047334,39.9957665],[116.2044398,39.9957632],[116.2042774,39.9957504],[116.2040849,39.9957932],[116.2043351,39.9959106]]]}},{"type":"Feature","id":"way/631469170","properties":{"highway":"footway","osm_id":"631469170","timestamp":"2022-05-05T12:21:05Z","version":"3"},"geometry":{"type":"LineString","coordinates":[[116.2043722,39.9959111],[116.2042774,39.9957504],[116.2042623,39.9957071]]}},{"type":"Feature","id":"way/631469171","properties":{"highway":"footway","osm_id":"631469171","timestamp":"2018-10-07T06:28:16Z","version":"1"},"geometry":{"type":"LineString","coordinates":[[116.2064258,39.9954508],[116.2065722,39.9953619],[116.206703,39.9951983],[116.2068968,39.9949865],[116.2070751,39.9948437],[116.2072215,39.9945987],[116.207446,39.9943577],[116.2078064,39.9941416],[116.2081328,39.9940407]]}},{"type":"Feature","id":"way/631472648","properties":{"highway":"footway","osm_id":"631472648","timestamp":"2018-10-07T06:55:42Z","version":"1"},"geometry":{"type":"LineString","coordinates":[[116.2072077,39.9931842],[116.2066445,39.993256],[116.2064322,39.9931935],[116.2064561,39.9929043]]}},{"type":"Feature","id":"way/631472649","properties":{"highway":"footway","osm_id":"631472649","timestamp":"2018-10-07T06:55:42Z","version":"1"},"geometry":{"type":"LineString","coordinates":[[116.2060409,39.9934935],[116.2060379,39.9936168]]}},{"type":"Feature","id":"way/631472650","properties":{"highway":"footway","osm_id":"631472650","timestamp":"2018-10-07T06:55:42Z","version":"1"},"geometry":{"type":"LineString","coordinates":[[116.2059,39.9936485],[116.2058898,39.9937884]]}},{"type":"Feature","id":"way/631472651","properties":{"highway":"service","osm_id":"631472651","timestamp":"2018-10-07T06:55:42Z","version":"1"},"geometry":{"type":"LineString","coordinates":[[116.2032189,39.9943353],[116.2032602,39.9941498]]}},{"type":"Feature","id":"way/631472652","properties":{"highway":"footway","osm_id":"631472652","timestamp":"2018-10-07T06:55:42Z","version":"1"},"geometry":{"type":"LineString","coordinates":[[116.2064322,39.9931935],[116.2063258,39.9931838],[116.2061492,39.9932296],[116.2060518,39.9933385],[116.2060409,39.9934935]]}},{"type":"Feature","id":"way/632389013","properties":{"highway":"footway","osm_id":"632389013","timestamp":"2018-10-10T05:21:07Z","version":"1"},"geometry":{"type":"LineString","coordinates":[[116.2024052,40.00102],[116.2024554,40.0009487],[116.2026254,40.0008496]]}},{"type":"Feature","id":"way/632389014","properties":{"highway":"footway","osm_id":"632389014","timestamp":"2018-10-10T05:21:07Z","version":"1"},"geometry":{"type":"LineString","coordinates":[[116.2041989,39.9989006],[116.2042046,39.9990609],[116.2042691,39.9991045],[116.2042431,39.9992006],[116.2040808,39.999157]]}},{"type":"Feature","id":"way/632389015","properties":{"highway":"footway","osm_id":"632389015","timestamp":"2018-10-10T05:21:07Z","version":"1"},"geometry":{"type":"LineString","coordinates":[[116.2045407,39.9990633],[116.2046981,39.9988534],[116.2047438,39.9988171],[116.2046304,39.998794],[116.2043593,39.998734]]}},{"type":"Feature","id":"way/632389017","properties":{"highway":"steps","osm_id":"632389017","timestamp":"2018-10-10T05:21:07Z","version":"1"},"geometry":{"type":"LineString","coordinates":[[116.2040808,39.999157],[116.2040433,39.9990936],[116.2042046,39.9990609]]}},{"type":"Feature","id":"way/632389018","properties":{"highway":"footway","osm_id":"632389018","timestamp":"2018-10-10T05:21:07Z","version":"1"},"geometry":{"type":"LineString","coordinates":[[116.2040598,39.9997707],[116.2042669,39.9997328],[116.2044146,39.9993243],[116.2044918,39.9990409]]}},{"type":"Feature","id":"way/636246790","properties":{"building":"temple","name":"Shanmen Hall","osm_id":"636246790","timestamp":"2018-10-20T09:59:20Z","version":"1"},"geometry":{"type":"Polygon","coordinates":[[[116.2010551,40.0058547],[116.2011758,40.0058525],[116.2011738,40.005785],[116.2010531,40.0057871],[116.2010551,40.0058547]]]}},{"type":"Feature","id":"way/636246791","properties":{"building":"temple","name":"Wofo Hall","osm_id":"636246791","timestamp":"2018-10-20T09:59:20Z","version":"1"},"geometry":{"type":"Polygon","coordinates":[[[116.2012527,40.0068003],[116.2012458,40.0066804],[116.201014,40.0066881],[116.2010208,40.0068081],[116.2012527,40.0068003]]]}},{"type":"Feature","id":"way/636246792","properties":{"building":"temple","name":"Sanshifo Hall","osm_id":"636246792","timestamp":"2018-10-20T09:59:20Z","version":"1"},"geometry":{"type":"Polygon","coordinates":[[[116.2009707,40.0064171],[116.2009763,40.0065523],[116.2012655,40.0065453],[116.2012598,40.00641],[116.2009707,40.0064171]]]}},{"type":"Feature","id":"way/636246793","properties":{"building":"temple","osm_id":"636246793","timestamp":"2018-10-20T09:59:20Z","version":"1"},"geometry":{"type":"Polygon","coordinates":[[[116.2010264,40.0060884],[116.201027,40.0061693],[116.2011907,40.0061686],[116.2011901,40.0060877],[116.2010264,40.0060884]]]}},{"type":"Feature","id":"way/636473294","properties":{"highway":"steps","osm_id":"636473294","timestamp":"2018-10-21T06:09:16Z","version":"1"},"geometry":{"type":"LineString","coordinates":[[116.2009781,40.0010832],[116.2006675,40.001467]]}},{"type":"Feature","id":"way/636473296","properties":{"highway":"steps","osm_id":"636473296","timestamp":"2018-10-21T06:09:16Z","version":"1"},"geometry":{"type":"LineString","coordinates":[[116.2006337,40.0009097],[116.2004784,40.0008415]]}},{"type":"Feature","id":"way/636473297","properties":{"highway":"steps","osm_id":"636473297","timestamp":"2018-10-21T06:09:16Z","version":"1"},"geometry":{"type":"LineString","coordinates":[[116.2001452,40.0007832],[116.2000903,40.0006897],[116.1999677,40.0006987]]}},{"type":"Feature","id":"way/636473298","properties":{"highway":"steps","osm_id":"636473298","timestamp":"2018-10-21T06:09:16Z","version":"1"},"geometry":{"type":"LineString","coordinates":[[116.1999677,40.0006987],[116.1999516,40.0006167],[116.1999469,40.0004964]]}},{"type":"Feature","id":"way/636473299","properties":{"highway":"steps","osm_id":"636473299","timestamp":"2018-10-30T05:04:37Z","version":"2"},"geometry":{"type":"LineString","coordinates":[[116.2018457,40.0008136],[116.201745,40.0007562],[116.2015956,40.000779],[116.2014769,40.0008233],[116.2014482,40.0009034],[116.2012682,40.0008823],[116.2011581,40.0010865],[116.2011232,40.0010265],[116.2011213,40.0009848],[116.2010511,40.0009883],[116.2009781,40.0010832]]}},{"type":"Feature","id":"way/636473300","properties":{"highway":"footway","osm_id":"636473300","timestamp":"2018-10-21T06:09:16Z","version":"1"},"geometry":{"type":"LineString","coordinates":[[116.2000861,40.000546],[116.2000903,40.0006897]]}},{"type":"Feature","id":"way/637074914","properties":{"highway":"steps","osm_id":"637074914","timestamp":"2018-10-23T06:01:51Z","version":"1"},"geometry":{"type":"LineString","coordinates":[[116.2013199,39.9999168],[116.2011171,39.9998719]]}},{"type":"Feature","id":"way/637074915","properties":{"highway":"footway","osm_id":"637074915","timestamp":"2018-10-23T06:01:51Z","version":"1"},"geometry":{"type":"LineString","coordinates":[[116.2009572,39.9998322],[116.2009304,39.999933]]}},{"type":"Feature","id":"way/637074916","properties":{"highway":"footway","osm_id":"637074916","timestamp":"2018-10-23T06:01:51Z","version":"1"},"geometry":{"type":"LineString","coordinates":[[116.2009821,39.9995508],[116.2012106,39.9994866]]}},{"type":"Feature","id":"way/637074917","properties":{"highway":"footway","osm_id":"637074917","timestamp":"2018-10-23T06:01:52Z","version":"1"},"geometry":{"type":"LineString","coordinates":[[116.2015003,39.9990545],[116.2014458,39.9989102],[116.2016859,39.9986428]]}},{"type":"Feature","id":"way/637074918","properties":{"highway":"steps","osm_id":"637074918","timestamp":"2018-10-23T06:01:52Z","version":"1"},"geometry":{"type":"LineString","coordinates":[[116.2023397,39.9988127],[116.2018993,39.9990075]]}},{"type":"Feature","id":"way/637074919","properties":{"highway":"footway","osm_id":"637074919","timestamp":"2018-10-23T06:01:52Z","version":"1"},"geometry":{"type":"LineString","coordinates":[[116.2014166,40.0001732],[116.2016047,40.00001],[116.2015002,39.9999485],[116.201463,39.9998582],[116.2013199,39.9999168]]}},{"type":"Feature","id":"way/637074920","properties":{"highway":"footway","osm_id":"637074920","timestamp":"2018-10-23T06:01:52Z","version":"1"},"geometry":{"type":"LineString","coordinates":[[116.2013964,39.9993763],[116.2013099,39.9991855],[116.2015003,39.9990545],[116.2016236,39.9991608]]}},{"type":"Feature","id":"way/637074921","properties":{"highway":"footway","osm_id":"637074921","timestamp":"2018-10-23T06:01:52Z","version":"1"},"geometry":{"type":"LineString","coordinates":[[116.2009572,39.9998322],[116.2010732,39.9998894]]}},{"type":"Feature","id":"way/637074922","properties":{"highway":"footway","osm_id":"637074922","timestamp":"2018-10-23T06:01:52Z","version":"1"},"geometry":{"type":"LineString","coordinates":[[116.2011171,39.9998719],[116.2009699,39.9997742]]}},{"type":"Feature","id":"way/637078330","properties":{"highway":"footway","osm_id":"637078330","timestamp":"2018-10-23T06:20:34Z","version":"1"},"geometry":{"type":"LineString","coordinates":[[116.200223,39.9977185],[116.2002783,39.9978827]]}},{"type":"Feature","id":"way/637078333","properties":{"highway":"footway","osm_id":"637078333","timestamp":"2018-10-23T06:20:34Z","version":"1"},"geometry":{"type":"LineString","coordinates":[[116.2005022,39.9981497],[116.2003491,39.9979682],[116.2002783,39.9978827],[116.2004985,39.9975295]]}},{"type":"Feature","id":"way/637078335","properties":{"highway":"path","osm_id":"637078335","timestamp":"2018-10-23T06:20:34Z","version":"1"},"geometry":{"type":"LineString","coordinates":[[116.2002783,39.9978827],[116.200092,39.9981149]]}},{"type":"Feature","id":"way/637723174","properties":{"highway":"footway","osm_id":"637723174","timestamp":"2018-10-25T05:52:32Z","version":"1"},"geometry":{"type":"LineString","coordinates":[[116.2014482,40.0009034],[116.2013632,40.0010834]]}},{"type":"Feature","id":"way/637723176","properties":{"highway":"footway","osm_id":"637723176","timestamp":"2018-10-25T05:52:32Z","version":"1"},"geometry":{"type":"LineString","coordinates":[[116.2012842,40.0016337],[116.2015067,40.002135]]}},{"type":"Feature","id":"way/637723178","properties":{"highway":"footway","osm_id":"637723178","timestamp":"2018-10-25T05:52:32Z","version":"1"},"geometry":{"type":"LineString","coordinates":[[116.2005003,40.0029073],[116.2002291,40.0028193],[116.2000127,40.0027823]]}},{"type":"Feature","id":"way/637723179","properties":{"highway":"footway","osm_id":"637723179","timestamp":"2018-10-25T05:52:32Z","version":"1"},"geometry":{"type":"LineString","coordinates":[[116.2006851,40.0017131],[116.2006988,40.001667]]}},{"type":"Feature","id":"way/637723180","properties":{"highway":"steps","osm_id":"637723180","timestamp":"2018-10-25T05:52:32Z","version":"1"},"geometry":{"type":"LineString","coordinates":[[116.200906,40.00142],[116.2009519,40.0014051],[116.2009297,40.0013058],[116.2010158,40.0013774],[116.2013093,40.0015445]]}},{"type":"Feature","id":"way/637723181","properties":{"highway":"footway","osm_id":"637723181","timestamp":"2018-10-25T05:52:32Z","version":"1"},"geometry":{"type":"LineString","coordinates":[[116.2013632,40.0010834],[116.2013888,40.0012894],[116.2013093,40.0015445],[116.2012842,40.0016337]]}},{"type":"Feature","id":"way/637723182","properties":{"highway":"footway","osm_id":"637723182","timestamp":"2018-10-25T05:52:32Z","version":"1"},"geometry":{"type":"LineString","coordinates":[[116.2005706,40.0026732],[116.2004898,40.0027148],[116.2005008,40.0029056],[116.2005003,40.0029073],[116.2004717,40.0029935]]}},{"type":"Feature","id":"way/637723183","properties":{"highway":"steps","osm_id":"637723183","timestamp":"2018-10-25T05:52:32Z","version":"1"},"geometry":{"type":"LineString","coordinates":[[116.2004084,40.002479],[116.2003012,40.0022748]]}},{"type":"Feature","id":"way/637723184","properties":{"highway":"footway","osm_id":"637723184","timestamp":"2018-10-25T05:52:32Z","version":"1"},"geometry":{"type":"LineString","coordinates":[[116.2003012,40.0022748],[116.2004087,40.0020849]]}},{"type":"Feature","id":"way/637723185","properties":{"highway":"footway","osm_id":"637723185","timestamp":"2018-10-25T05:52:32Z","version":"1"},"geometry":{"type":"LineString","coordinates":[[116.2015954,40.0004922],[116.2014769,40.0008233]]}},{"type":"Feature","id":"way/637723186","properties":{"highway":"footway","osm_id":"637723186","timestamp":"2018-10-25T05:52:32Z","version":"1"},"geometry":{"type":"LineString","coordinates":[[116.2004665,40.0017553],[116.2006851,40.0017131]]}},{"type":"Feature","id":"way/637723187","properties":{"highway":"footway","osm_id":"637723187","timestamp":"2018-10-25T05:52:32Z","version":"1"},"geometry":{"type":"LineString","coordinates":[[116.2002291,40.0028193],[116.2002544,40.002666],[116.2004084,40.002479],[116.2004824,40.0025205]]}},{"type":"Feature","id":"way/637723188","properties":{"highway":"footway","osm_id":"637723188","timestamp":"2018-10-25T05:52:33Z","version":"1"},"geometry":{"type":"LineString","coordinates":[[116.2008507,40.0025771],[116.2006783,40.0025654],[116.2004824,40.0025205]]}},{"type":"Feature","id":"way/637723189","properties":{"highway":"steps","osm_id":"637723189","timestamp":"2018-10-25T05:52:33Z","version":"1"},"geometry":{"type":"LineString","coordinates":[[116.2004824,40.0025205],[116.2004747,40.0026095],[116.2005706,40.0026732],[116.2006783,40.0025654]]}},{"type":"Feature","id":"way/637723190","properties":{"highway":"steps","osm_id":"637723190","timestamp":"2018-10-25T05:52:33Z","version":"1"},"geometry":{"type":"LineString","coordinates":[[116.2008646,40.0014474],[116.200906,40.00142]]}},{"type":"Feature","id":"way/637723191","properties":{"highway":"footway","osm_id":"637723191","timestamp":"2018-10-25T05:52:33Z","version":"1"},"geometry":{"type":"LineString","coordinates":[[116.2006988,40.001667],[116.2008646,40.0014474]]}},{"type":"Feature","id":"way/637728561","properties":{"highway":"path","osm_id":"637728561","timestamp":"2019-08-04T04:51:11Z","version":"2"},"geometry":{"type":"LineString","coordinates":[[116.1987125,39.9987943],[116.19866323719107,39.99874928275813]]}},{"type":"Feature","id":"way/638442341","properties":{"highway":"path","osm_id":"638442341","timestamp":"2022-03-13T08:44:49Z","version":"2"},"geometry":{"type":"LineString","coordinates":[[116.206188,40.0018395],[116.2063723,40.0018603],[116.2064298,40.0018586],[116.2065898,40.0018538],[116.2066385,40.0018523]]}},{"type":"Feature","id":"way/638442342","properties":{"highway":"footway","osm_id":"638442342","timestamp":"2018-10-27T06:27:22Z","version":"1"},"geometry":{"type":"LineString","coordinates":[[116.2056293,40.0021609],[116.2058769,40.002223],[116.2060861,40.0020939],[116.2061044,40.0018741],[116.206188,40.0018395]]}},{"type":"Feature","id":"way/638445552","properties":{"highway":"path","osm_id":"638445552","timestamp":"2018-10-27T06:53:14Z","version":"1"},"geometry":{"type":"LineString","coordinates":[[116.20608,40.0017651],[116.2057689,40.0016092],[116.2055733,40.0015502],[116.2053586,40.0015149]]}},{"type":"Feature","id":"way/638445553","properties":{"highway":"footway","osm_id":"638445553","timestamp":"2018-10-27T06:53:14Z","version":"1"},"geometry":{"type":"LineString","coordinates":[[116.2046073,40.0013159],[116.2044235,40.0013187]]}},{"type":"Feature","id":"way/638445554","properties":{"highway":"path","osm_id":"638445554","timestamp":"2018-10-27T06:53:14Z","version":"1"},"geometry":{"type":"LineString","coordinates":[[116.2061044,40.0018741],[116.20608,40.0017651]]}},{"type":"Feature","id":"way/638445555","properties":{"highway":"footway","osm_id":"638445555","timestamp":"2018-10-27T06:53:14Z","version":"1"},"geometry":{"type":"LineString","coordinates":[[116.2046073,40.0013159],[116.2045492,40.0013876],[116.2045399,40.0014951]]}},{"type":"Feature","id":"way/638445556","properties":{"highway":"footway","osm_id":"638445556","timestamp":"2018-10-27T06:53:14Z","version":"1"},"geometry":{"type":"LineString","coordinates":[[116.2048932,40.0008133],[116.2047685,40.0005459]]}},{"type":"Feature","id":"way/638659389","properties":{"highway":"footway","osm_id":"638659389","timestamp":"2018-10-28T06:14:59Z","version":"1"},"geometry":{"type":"LineString","coordinates":[[116.2041047,40.0024358],[116.2042214,40.0024334]]}},{"type":"Feature","id":"way/638659390","properties":{"highway":"steps","osm_id":"638659390","timestamp":"2018-10-28T06:14:59Z","version":"1"},"geometry":{"type":"LineString","coordinates":[[116.205008,39.999901],[116.2048665,39.999589]]}},{"type":"Feature","id":"way/638659391","properties":{"highway":"footway","osm_id":"638659391","timestamp":"2018-10-28T06:14:59Z","version":"1"},"geometry":{"type":"LineString","coordinates":[[116.2042329,40.0019048],[116.2040567,40.0019496],[116.2041047,40.0024358],[116.204113,40.0024888]]}},{"type":"Feature","id":"way/638659392","properties":{"highway":"footway","osm_id":"638659392","timestamp":"2018-10-28T06:33:59Z","version":"2"},"geometry":{"type":"LineString","coordinates":[[116.2045399,40.0014951],[116.2042575,40.0015114],[116.2042589,40.0015754],[116.2042329,40.0019048],[116.20422,40.0019695]]}},{"type":"Feature","id":"way/638660335","properties":{"highway":"steps","osm_id":"638660335","timestamp":"2018-10-28T06:33:58Z","version":"1"},"geometry":{"type":"LineString","coordinates":[[116.2048731,39.9992118],[116.2046988,39.9994663]]}},{"type":"Feature","id":"way/638660336","properties":{"highway":"steps","osm_id":"638660336","timestamp":"2018-10-28T06:33:58Z","version":"1"},"geometry":{"type":"LineString","coordinates":[[116.2046988,39.9994663],[116.2048665,39.999589]]}},{"type":"Feature","id":"way/638660337","properties":{"highway":"footway","osm_id":"638660337","timestamp":"2018-11-02T05:30:16Z","version":"2"},"geometry":{"type":"LineString","coordinates":[[116.2046988,39.9994663],[116.204492,39.999753],[116.2043157,40.0000691]]}},{"type":"Feature","id":"way/638660338","properties":{"highway":"steps","osm_id":"638660338","timestamp":"2018-10-28T06:33:58Z","version":"1"},"geometry":{"type":"LineString","coordinates":[[116.2043157,40.0000691],[116.2046171,39.9999439],[116.2046372,40.0000475],[116.2046836,40.0000344],[116.2048327,40.0000658]]}},{"type":"Feature","id":"way/638660339","properties":{"highway":"footway","osm_id":"638660339","timestamp":"2018-10-28T06:33:58Z","version":"1"},"geometry":{"type":"LineString","coordinates":[[116.2048665,39.999589],[116.205054,39.9992035]]}},{"type":"Feature","id":"way/638660340","properties":{"highway":"footway","osm_id":"638660340","timestamp":"2018-10-28T06:33:58Z","version":"1"},"geometry":{"type":"LineString","coordinates":[[116.2040567,40.0019496],[116.2040737,40.0015779],[116.2042589,40.0015754]]}},{"type":"Feature","id":"way/638665171","properties":{"highway":"footway","osm_id":"638665171","timestamp":"2018-11-02T05:30:16Z","version":"2"},"geometry":{"type":"LineString","coordinates":[[116.2043157,40.0000691],[116.2041881,40.0003737],[116.204035,40.0010193]]}},{"type":"Feature","id":"way/638665172","properties":{"highway":"footway","osm_id":"638665172","timestamp":"2018-10-28T06:55:36Z","version":"1"},"geometry":{"type":"LineString","coordinates":[[116.2027508,40.0017351],[116.2025213,40.0019546]]}},{"type":"Feature","id":"way/638665173","properties":{"highway":"footway","osm_id":"638665173","timestamp":"2018-10-28T06:55:36Z","version":"1"},"geometry":{"type":"LineString","coordinates":[[116.2033084,40.0008982],[116.2033704,40.0009534],[116.2033759,40.0010544],[116.2032842,40.0012565]]}},{"type":"Feature","id":"way/638665174","properties":{"highway":"footway","osm_id":"638665174","timestamp":"2018-10-31T04:33:34Z","version":"2"},"geometry":{"type":"LineString","coordinates":[[116.2032842,40.0012565],[116.2032391,40.0013228]]}},{"type":"Feature","id":"way/638665175","properties":{"highway":"footway","osm_id":"638665175","timestamp":"2018-10-31T04:33:34Z","version":"2"},"geometry":{"type":"LineString","coordinates":[[116.2027508,40.0017351],[116.2026823,40.0016494]]}},{"type":"Feature","id":"way/638665176","properties":{"highway":"footway","osm_id":"638665176","timestamp":"2018-10-28T06:55:36Z","version":"1"},"geometry":{"type":"LineString","coordinates":[[116.2025213,40.0019546],[116.2024495,40.0020665]]}},{"type":"Feature","id":"way/638665177","properties":{"highway":"footway","osm_id":"638665177","timestamp":"2018-10-28T06:55:36Z","version":"1"},"geometry":{"type":"LineString","coordinates":[[116.2035131,40.0011606],[116.2033759,40.0010544]]}},{"type":"Feature","id":"way/638665178","properties":{"highway":"footway","osm_id":"638665178","timestamp":"2018-10-28T06:55:36Z","version":"1"},"geometry":{"type":"LineString","coordinates":[[116.2032842,40.0012565],[116.203343,40.0012974],[116.2035131,40.0011606],[116.2035751,40.0008614]]}},{"type":"Feature","id":"way/638665179","properties":{"highway":"footway","osm_id":"638665179","timestamp":"2018-10-28T06:55:36Z","version":"1"},"geometry":{"type":"LineString","coordinates":[[116.2024495,40.0020665],[116.2021091,40.0022777],[116.2019922,40.0022892],[116.2015045,40.0022348]]}},{"type":"Feature","id":"way/638665180","properties":{"highway":"footway","osm_id":"638665180","timestamp":"2018-10-28T06:55:36Z","version":"1"},"geometry":{"type":"LineString","coordinates":[[116.204035,40.0010193],[116.2038812,40.0009709],[116.2035751,40.0008614]]}},{"type":"Feature","id":"way/638665181","properties":{"highway":"footway","osm_id":"638665181","timestamp":"2018-10-28T06:55:36Z","version":"1"},"geometry":{"type":"LineString","coordinates":[[116.2035751,40.0008614],[116.2033084,40.0008982],[116.2032733,40.0008737]]}},{"type":"Feature","id":"way/638665182","properties":{"highway":"footway","osm_id":"638665182","timestamp":"2018-10-28T06:55:36Z","version":"1"},"geometry":{"type":"LineString","coordinates":[[116.2038812,40.0009709],[116.2038518,40.0010686],[116.2036697,40.0012218],[116.2035131,40.0011606]]}},{"type":"Feature","id":"way/638667956","properties":{"highway":"path","osm_id":"638667956","timestamp":"2018-10-28T07:22:08Z","version":"1"},"geometry":{"type":"LineString","coordinates":[[116.1985551,39.9998107],[116.19847234486889,39.999835082326896]]}},{"type":"Feature","id":"way/638939774","properties":{"highway":"footway","osm_id":"638939774","timestamp":"2018-10-29T05:17:30Z","version":"1"},"geometry":{"type":"LineString","coordinates":[[116.2017712,40.0005905],[116.201735,40.000448]]}},{"type":"Feature","id":"way/638939775","properties":{"highway":"footway","osm_id":"638939775","timestamp":"2018-10-29T05:17:30Z","version":"1"},"geometry":{"type":"LineString","coordinates":[[116.201735,40.000448],[116.2018992,40.00025]]}},{"type":"Feature","id":"way/638939776","properties":{"highway":"footway","osm_id":"638939776","timestamp":"2018-10-29T05:17:30Z","version":"1"},"geometry":{"type":"LineString","coordinates":[[116.2019697,39.9996872],[116.201803,39.9997651]]}},{"type":"Feature","id":"way/638939777","properties":{"highway":"footway","osm_id":"638939777","timestamp":"2018-10-29T05:17:30Z","version":"1"},"geometry":{"type":"LineString","coordinates":[[116.2019697,39.9996872],[116.2020138,39.9993464]]}},{"type":"Feature","id":"way/638939778","properties":{"highway":"steps","osm_id":"638939778","timestamp":"2018-10-29T05:17:31Z","version":"1"},"geometry":{"type":"LineString","coordinates":[[116.201803,39.9997651],[116.2016632,39.9996944],[116.2016039,39.9995944],[116.2016139,39.9995093]]}},{"type":"Feature","id":"way/638939779","properties":{"highway":"footway","osm_id":"638939779","timestamp":"2018-10-29T05:17:31Z","version":"1"},"geometry":{"type":"LineString","coordinates":[[116.2017004,39.9994741],[116.2018124,39.9992978],[116.201931,39.9991844],[116.2019285,39.9990883],[116.2018993,39.9990075]]}},{"type":"Feature","id":"way/638939780","properties":{"highway":"footway","osm_id":"638939780","timestamp":"2018-10-29T05:17:31Z","version":"1"},"geometry":{"type":"LineString","coordinates":[[116.2018992,40.00025],[116.2019722,40.000008]]}},{"type":"Feature","id":"way/638939781","properties":{"highway":"footway","osm_id":"638939781","timestamp":"2018-10-29T05:17:31Z","version":"1"},"geometry":{"type":"LineString","coordinates":[[116.2019722,40.000008],[116.2019697,39.9996872]]}},{"type":"Feature","id":"way/638943325","properties":{"highway":"footway","osm_id":"638943325","timestamp":"2018-10-29T05:39:40Z","version":"1"},"geometry":{"type":"LineString","coordinates":[[116.2013099,39.9991855],[116.2009354,39.9992372]]}},{"type":"Feature","id":"way/638943326","properties":{"highway":"service","osm_id":"638943326","timestamp":"2021-09-25T15:10:42Z","version":"2"},"geometry":{"type":"LineString","coordinates":[[116.1985546,39.9998071],[116.1986323,39.9999446],[116.1993198,40.001161]]}},{"type":"Feature","id":"way/639278400","properties":{"highway":"footway","osm_id":"639278400","timestamp":"2018-10-30T05:04:37Z","version":"1"},"geometry":{"type":"LineString","coordinates":[[116.2012682,40.0008823],[116.201244,40.0010218],[116.2013632,40.0010834]]}},{"type":"Feature","id":"way/639278401","properties":{"highway":"footway","osm_id":"639278401","timestamp":"2018-10-30T05:04:37Z","version":"1"},"geometry":{"type":"LineString","coordinates":[[116.2012567,40.0005065],[116.201265,40.000778],[116.2012682,40.0008823]]}},{"type":"Feature","id":"way/639278402","properties":{"highway":"steps","osm_id":"639278402","timestamp":"2018-10-30T05:04:37Z","version":"1"},"geometry":{"type":"LineString","coordinates":[[116.201265,40.000778],[116.2010268,40.000891],[116.2008494,40.0008626]]}},{"type":"Feature","id":"way/639278403","properties":{"highway":"steps","osm_id":"639278403","timestamp":"2018-10-30T05:04:37Z","version":"1"},"geometry":{"type":"LineString","coordinates":[[116.2010268,40.000891],[116.2010511,40.0009883]]}},{"type":"Feature","id":"way/639278404","properties":{"highway":"footway","osm_id":"639278404","timestamp":"2018-10-30T05:04:37Z","version":"1"},"geometry":{"type":"LineString","coordinates":[[116.2015188,40.0004361],[116.2013,40.0004574],[116.2012567,40.0005065]]}},{"type":"Feature","id":"way/639278405","properties":{"highway":"steps","osm_id":"639278405","timestamp":"2018-10-30T05:04:37Z","version":"1"},"geometry":{"type":"LineString","coordinates":[[116.201244,40.0010218],[116.2011722,40.001245],[116.2012115,40.0013062],[116.2013888,40.0012894]]}},{"type":"Feature","id":"way/639278406","properties":{"highway":"footway","osm_id":"639278406","timestamp":"2018-10-30T05:04:37Z","version":"1"},"geometry":{"type":"LineString","coordinates":[[116.2013888,40.0012894],[116.201519,40.0010811],[116.2015206,40.0009701],[116.2015956,40.000779]]}},{"type":"Feature","id":"way/639279868","properties":{"highway":"footway","osm_id":"639279868","timestamp":"2018-10-30T05:18:36Z","version":"1"},"geometry":{"type":"LineString","coordinates":[[116.2007695,40.0004685],[116.2008114,40.0003782],[116.2007507,40.0002938],[116.2006538,40.0006359]]}},{"type":"Feature","id":"way/639279869","properties":{"highway":"footway","osm_id":"639279869","timestamp":"2018-10-30T05:18:36Z","version":"1"},"geometry":{"type":"LineString","coordinates":[[116.2007507,40.0002938],[116.2008202,40.0002061],[116.2009946,40.0001865]]}},{"type":"Feature","id":"way/639279870","properties":{"highway":"footway","osm_id":"639279870","timestamp":"2018-10-30T05:18:36Z","version":"1"},"geometry":{"type":"LineString","coordinates":[[116.2008202,40.0002061],[116.2006212,40.0001268]]}},{"type":"Feature","id":"way/639279871","properties":{"highway":"steps","osm_id":"639279871","timestamp":"2018-10-30T05:18:36Z","version":"1"},"geometry":{"type":"LineString","coordinates":[[116.2006212,40.0001268],[116.2002858,40.0001349]]}},{"type":"Feature","id":"way/639279872","properties":{"highway":"footway","osm_id":"639279872","timestamp":"2018-10-30T05:18:36Z","version":"1"},"geometry":{"type":"LineString","coordinates":[[116.200762,40.0006206],[116.2007695,40.0004685],[116.2009504,40.0004757]]}},{"type":"Feature","id":"way/639279873","properties":{"highway":"footway","osm_id":"639279873","timestamp":"2018-10-30T05:18:36Z","version":"1"},"geometry":{"type":"LineString","coordinates":[[116.2006337,40.0009097],[116.2006538,40.0006359],[116.200762,40.0006206],[116.2009485,40.0006815]]}},{"type":"Feature","id":"way/639279874","properties":{"highway":"footway","osm_id":"639279874","timestamp":"2018-10-30T05:18:36Z","version":"1"},"geometry":{"type":"LineString","coordinates":[[116.2001334,40.0002002],[116.2002858,40.0001349]]}},{"type":"Feature","id":"way/639570376","properties":{"highway":"footway","osm_id":"639570376","timestamp":"2018-10-31T04:33:34Z","version":"1"},"geometry":{"type":"LineString","coordinates":[[116.203343,40.0012974],[116.2036831,40.0015516],[116.2038872,40.0014593],[116.2040317,40.0011201],[116.204035,40.0010193]]}},{"type":"Feature","id":"way/639571319","properties":{"highway":"footway","osm_id":"639571319","timestamp":"2018-10-31T04:39:23Z","version":"1"},"geometry":{"type":"LineString","coordinates":[[116.2036831,40.0015516],[116.2031929,40.0018294],[116.2028221,40.0021284],[116.2026193,40.0023751]]}},{"type":"Feature","id":"way/639571321","properties":{"highway":"footway","osm_id":"639571321","timestamp":"2018-10-31T04:39:23Z","version":"1"},"geometry":{"type":"LineString","coordinates":[[116.2023431,40.0027612],[116.2025519,40.0028817]]}},{"type":"Feature","id":"way/639576965","properties":{"highway":"footway","osm_id":"639576965","timestamp":"2018-10-31T05:14:35Z","version":"1"},"geometry":{"type":"LineString","coordinates":[[116.2022946,40.0033912],[116.2023148,40.0037304]]}},{"type":"Feature","id":"way/640206257","properties":{"highway":"steps","osm_id":"640206257","timestamp":"2018-11-02T05:53:33Z","version":"1"},"geometry":{"type":"LineString","coordinates":[[116.205473,39.99893],[116.2060262,39.9989851],[116.2061327,39.9990443],[116.2063561,39.9992345],[116.2065053,39.9994528]]}},{"type":"Feature","id":"way/640206260","properties":{"highway":"path","osm_id":"640206260","timestamp":"2018-11-02T05:53:33Z","version":"1"},"geometry":{"type":"LineString","coordinates":[[116.2060262,39.9989851],[116.2061091,39.9989482],[116.2062073,39.9987443]]}},{"type":"Feature","id":"way/679976170","properties":{"highway":"footway","osm_id":"679976170","timestamp":"2019-06-30T05:11:30Z","version":"2"},"geometry":{"type":"LineString","coordinates":[[116.2062073,39.9987443],[116.2063497,39.9985379],[116.2063105,39.9982741],[116.2064459,39.998221],[116.2066764,39.9982309],[116.2069265,39.9982224]]}},{"type":"Feature","id":"way/679978521","properties":{"highway":"footway","osm_id":"679978521","timestamp":"2019-03-28T05:40:20Z","version":"1"},"geometry":{"type":"LineString","coordinates":[[116.2071783,39.9974805],[116.2067167,39.9974339],[116.2062163,39.9975799],[116.2060841,39.9978],[116.2061834,39.9981694],[116.2063105,39.9982741]]}},{"type":"Feature","id":"way/679978522","properties":{"highway":"footway","osm_id":"679978522","timestamp":"2019-03-28T05:40:20Z","version":"1"},"geometry":{"type":"LineString","coordinates":[[116.20664,39.996976],[116.2069133,39.9970885]]}},{"type":"Feature","id":"way/679978523","properties":{"highway":"footway","osm_id":"679978523","timestamp":"2019-03-28T05:40:20Z","version":"1"},"geometry":{"type":"LineString","coordinates":[[116.2059959,39.9969051],[116.2057941,39.9968286]]}},{"type":"Feature","id":"way/679978524","properties":{"highway":"footway","osm_id":"679978524","timestamp":"2019-03-28T05:40:20Z","version":"1"},"geometry":{"type":"LineString","coordinates":[[116.2060841,39.9978],[116.2059076,39.9976148],[116.205844,39.9975041],[116.205953,39.9972663],[116.2059959,39.9969051],[116.2062329,39.9969811],[116.20664,39.996976]]}},{"type":"Feature","id":"way/679978525","properties":{"highway":"footway","osm_id":"679978525","timestamp":"2019-03-28T05:40:20Z","version":"1"},"geometry":{"type":"LineString","coordinates":[[116.2067046,39.9964159],[116.2060971,39.996711],[116.2059959,39.9969051]]}},{"type":"Feature","id":"way/679978526","properties":{"highway":"footway","osm_id":"679978526","timestamp":"2019-03-28T05:40:20Z","version":"1"},"geometry":{"type":"LineString","coordinates":[[116.2054078,39.9967357],[116.2050486,39.9968007]]}},{"type":"Feature","id":"way/679978527","properties":{"highway":"footway","osm_id":"679978527","timestamp":"2019-03-28T05:40:20Z","version":"1"},"geometry":{"type":"LineString","coordinates":[[116.2057941,39.9968286],[116.205707,39.9968097],[116.2054078,39.9967357]]}},{"type":"Feature","id":"way/679978528","properties":{"highway":"footway","osm_id":"679978528","timestamp":"2019-03-28T05:40:20Z","version":"1"},"geometry":{"type":"LineString","coordinates":[[116.2071006,39.9977389],[116.2071783,39.9974805]]}},{"type":"Feature","id":"way/679978529","properties":{"highway":"footway","osm_id":"679978529","timestamp":"2019-03-28T05:40:20Z","version":"1"},"geometry":{"type":"LineString","coordinates":[[116.2071783,39.9974805],[116.2071305,39.9971856],[116.2066882,39.9966738]]}},{"type":"Feature","id":"way/697514075","properties":{"bicycle":"designated","foot":"designated","highway":"footway","segregated":"no","osm_id":"697514075","timestamp":"2022-08-20T14:48:20Z","version":"2"},"geometry":{"type":"LineString","coordinates":[[116.205473,39.99893],[116.2053953,39.9986722],[116.2054642,39.9983454],[116.2054961,39.9976722],[116.2057941,39.9968286]]}},{"type":"Feature","id":"way/697514436","properties":{"bicycle":"designated","foot":"designated","highway":"footway","segregated":"no","osm_id":"697514436","timestamp":"2022-08-20T14:48:20Z","version":"2"},"geometry":{"type":"LineString","coordinates":[[116.2057941,39.9968286],[116.2060602,39.996559],[116.2064704,39.996145]]}},{"type":"Feature","id":"way/697514875","properties":{"bicycle":"designated","foot":"designated","highway":"footway","segregated":"no","osm_id":"697514875","timestamp":"2022-08-20T14:48:20Z","version":"2"},"geometry":{"type":"LineString","coordinates":[[116.2076849,39.995476],[116.2079566,39.9952783],[116.2080707,39.9949677],[116.2082943,39.9946834]]}},{"type":"Feature","id":"way/697514876","properties":{"bicycle":"designated","foot":"designated","highway":"footway","segregated":"no","osm_id":"697514876","timestamp":"2022-08-20T14:48:20Z","version":"2"},"geometry":{"type":"LineString","coordinates":[[116.2064704,39.996145],[116.2067903,39.9957783],[116.2073225,39.9955907],[116.2076849,39.995476]]}},{"type":"Feature","id":"way/697515999","properties":{"highway":"footway","osm_id":"697515999","timestamp":"2019-06-16T04:59:05Z","version":"1"},"geometry":{"type":"LineString","coordinates":[[116.2092044,39.9934771],[116.2093635,39.9933403]]}},{"type":"Feature","id":"way/697516000","properties":{"highway":"footway","osm_id":"697516000","timestamp":"2019-06-16T04:59:05Z","version":"1"},"geometry":{"type":"LineString","coordinates":[[116.2084484,39.9941068],[116.2087771,39.9939624],[116.2092097,39.9938876]]}},{"type":"Feature","id":"way/697516001","properties":{"bridge":"yes","highway":"footway","osm_id":"697516001","timestamp":"2019-06-16T04:59:05Z","version":"1"},"geometry":{"type":"LineString","coordinates":[[116.2092097,39.9938876],[116.2092643,39.9937104],[116.2091813,39.9937059],[116.2092044,39.9934771]]}},{"type":"Feature","id":"way/697516370","properties":{"highway":"footway","osm_id":"697516370","timestamp":"2019-06-16T05:05:32Z","version":"1"},"geometry":{"type":"LineString","coordinates":[[116.2087951,39.9927777],[116.2084827,39.9926209],[116.2077592,39.9926668],[116.2070439,39.9929785]]}},{"type":"Feature","id":"way/697516371","properties":{"highway":"footway","osm_id":"697516371","timestamp":"2019-06-16T05:05:32Z","version":"1"},"geometry":{"type":"LineString","coordinates":[[116.2090105,39.9928329],[116.2087951,39.9927777]]}},{"type":"Feature","id":"way/697516430","properties":{"highway":"footway","osm_id":"697516430","timestamp":"2019-06-16T05:08:23Z","version":"1"},"geometry":{"type":"LineString","coordinates":[[116.2064561,39.9929043],[116.2055654,39.9932624]]}},{"type":"Feature","id":"way/697516431","properties":{"highway":"footway","osm_id":"697516431","timestamp":"2019-06-16T05:08:23Z","version":"1"},"geometry":{"type":"LineString","coordinates":[[116.2070439,39.9929785],[116.2064561,39.9929043]]}},{"type":"Feature","id":"way/698823395","properties":{"highway":"footway","osm_id":"698823395","timestamp":"2019-06-21T06:08:45Z","version":"1"},"geometry":{"type":"LineString","coordinates":[[116.2055654,39.9932624],[116.2052991,39.9933515]]}},{"type":"Feature","id":"way/700619692","properties":{"highway":"footway","osm_id":"700619692","timestamp":"2019-06-30T05:11:30Z","version":"1"},"geometry":{"type":"LineString","coordinates":[[116.2063497,39.9985379],[116.2066764,39.9982309]]}},{"type":"Feature","id":"way/700624153","properties":{"bridge":"yes","highway":"footway","osm_id":"700624153","timestamp":"2022-05-05T12:21:05Z","version":"2"},"geometry":{"type":"LineString","coordinates":[[116.2081328,39.9940407],[116.2081743,39.994079],[116.2083906,39.9942786]]}},{"type":"Feature","id":"way/700624154","properties":{"highway":"footway","osm_id":"700624154","timestamp":"2022-05-05T12:21:05Z","version":"2"},"geometry":{"type":"LineString","coordinates":[[116.2079716,39.993806],[116.2080837,39.9939692],[116.2081328,39.9940407]]}},{"type":"Feature","id":"way/700624155","properties":{"highway":"footway","osm_id":"700624155","timestamp":"2019-06-30T06:21:50Z","version":"1"},"geometry":{"type":"LineString","coordinates":[[116.2073025,39.9942302],[116.207446,39.9943577]]}},{"type":"Feature","id":"way/700624156","properties":{"bridge":"yes","highway":"footway","osm_id":"700624156","timestamp":"2019-06-30T06:21:50Z","version":"1"},"geometry":{"type":"LineString","coordinates":[[116.2051196,39.9958468],[116.2051499,39.9962237]]}},{"type":"Feature","id":"way/700624157","properties":{"highway":"footway","osm_id":"700624157","timestamp":"2019-06-30T06:21:50Z","version":"1"},"geometry":{"type":"LineString","coordinates":[[116.2083906,39.9942786],[116.2082943,39.9946834]]}},{"type":"Feature","id":"way/700624630","properties":{"bridge":"yes","highway":"footway","osm_id":"700624630","timestamp":"2019-06-30T06:29:35Z","version":"1"},"geometry":{"type":"LineString","coordinates":[[116.2009296,39.9957568],[116.2009592,39.9959726]]}},{"type":"Feature","id":"way/700624631","properties":{"highway":"footway","osm_id":"700624631","timestamp":"2019-06-30T06:29:35Z","version":"1"},"geometry":{"type":"LineString","coordinates":[[116.2010087,39.9988077],[116.2007389,39.9985909],[116.2006147,39.9984079],[116.2005022,39.9981497],[116.2004216,39.9978395],[116.2004939,39.9977115],[116.2006703,39.9976151],[116.2008168,39.9973836],[116.2010584,39.9971778],[116.2010614,39.9970396],[116.201111,39.9962049],[116.2009592,39.9959726]]}},{"type":"Feature","id":"way/711919170","properties":{"bridge":"yes","highway":"pedestrian","osm_id":"711919170","timestamp":"2019-08-08T04:18:39Z","version":"1"},"geometry":{"type":"LineString","coordinates":[[116.2045407,39.9990633],[116.2048731,39.9992118]]}},{"type":"Feature","id":"way/711919171","properties":{"highway":"pedestrian","osm_id":"711919171","timestamp":"2019-08-08T04:18:39Z","version":"1"},"geometry":{"type":"LineString","coordinates":[[116.2048731,39.9992118],[116.205054,39.9992035],[116.2051697,39.9991658],[116.2053541,39.999022],[116.205473,39.99893],[116.2059012,39.9986179],[116.2062073,39.9987443],[116.2064526,39.9989185],[116.2066655,39.9990227]]}},{"type":"Feature","id":"way/711919172","properties":{"highway":"pedestrian","osm_id":"711919172","timestamp":"2019-08-08T04:18:39Z","version":"1"},"geometry":{"type":"LineString","coordinates":[[116.2026087,39.99857],[116.2034558,39.9987103],[116.2036831,39.9987696],[116.2037898,39.9987957],[116.2041989,39.9989006],[116.2043797,39.998983],[116.2044918,39.9990409],[116.2045407,39.9990633]]}},{"type":"Feature","id":"way/718232678","properties":{"highway":"service","osm_id":"718232678","timestamp":"2019-08-26T02:39:34Z","version":"1"},"geometry":{"type":"LineString","coordinates":[[116.2093635,39.9933403],[116.2096372,39.9932153]]}},{"type":"Feature","id":"way/838512272","properties":{"bridge":"yes","highway":"footway","layer":"1","osm_id":"838512272","timestamp":"2020-08-19T10:26:58Z","version":"1"},"geometry":{"type":"LineString","coordinates":[[116.1968543,40.0083578],[116.1966663,40.0082887]]}},{"type":"Feature","id":"way/838512273","properties":{"highway":"footway","osm_id":"838512273","timestamp":"2020-08-19T10:26:58Z","version":"1"},"geometry":{"type":"LineString","coordinates":[[116.1968806,40.0084478],[116.1968543,40.0083578]]}},{"type":"Feature","id":"way/863633141","properties":{"building":"diaolou","man_made":"tower","name":"Himalayan Tower","source":"Bing","subject:wikidata":"Q2200596","tourism":"attraction","tower:type":"defensive","wikimedia_commons":"File:Diaolou_in_xiangshan.jpg","osm_id":"863633141","timestamp":"2025-09-24T14:01:16Z","version":"2"},"geometry":{"type":"Polygon","coordinates":[[[116.2069829,40.0014823],[116.2070435,40.0014734],[116.2070287,40.0014138],[116.2069681,40.0014227],[116.2069829,40.0014823]]]}},{"type":"Feature","id":"way/863633142","properties":{"building":"yes","osm_id":"863633142","timestamp":"2020-10-25T22:24:24Z","version":"1"},"geometry":{"type":"Polygon","coordinates":[[[116.2019239,40.0062234],[116.2019239,40.0063744],[116.2021962,40.0063744],[116.2021962,40.0062234],[116.2019239,40.0062234]]]}},{"type":"Feature","id":"way/863633143","properties":{"highway":"footway","osm_id":"863633143","timestamp":"2020-10-25T22:24:24Z","version":"1"},"geometry":{"type":"LineString","coordinates":[[116.2014587,40.0046838],[116.2016575,40.004681]]}},{"type":"Feature","id":"way/863633144","properties":{"highway":"footway","osm_id":"863633144","timestamp":"2020-10-25T22:24:24Z","version":"1"},"geometry":{"type":"LineString","coordinates":[[116.2018937,40.0046664],[116.2022056,40.0046708]]}},{"type":"Feature","id":"way/863634012","properties":{"building":"diaolou","man_made":"tower","name":"Himalayan Tower","subject:wikidata":"Q2200596","tourism":"attraction","tower:type":"defensive","osm_id":"863634012","timestamp":"2025-09-24T14:01:16Z","version":"2"},"geometry":{"type":"Polygon","coordinates":[[[116.2049696,39.9999944],[116.2050214,39.9999908],[116.2050176,39.9999425],[116.204963,39.9999454],[116.2049696,39.9999944]]]}},{"type":"Feature","id":"way/863634144","properties":{"building":"yes","osm_id":"863634144","timestamp":"2020-10-25T22:35:13Z","version":"1"},"geometry":{"type":"Polygon","coordinates":[[[116.2060429,39.9983957],[116.206052,39.9983504],[116.2059898,39.998343],[116.2059807,39.9983884],[116.2060429,39.9983957]]]}},{"type":"Feature","id":"way/863634145","properties":{"building":"yes","osm_id":"863634145","timestamp":"2020-10-25T22:35:13Z","version":"1"},"geometry":{"type":"Polygon","coordinates":[[[116.2068291,39.9980578],[116.2068208,39.9979921],[116.2065366,39.998013],[116.2065449,39.9980787],[116.2068291,39.9980578]]]}},{"type":"Feature","id":"way/863634314","properties":{"building":"yes","osm_id":"863634314","timestamp":"2020-10-25T22:36:44Z","version":"1"},"geometry":{"type":"Polygon","coordinates":[[[116.2067011,39.9993256],[116.2067302,39.9992597],[116.2066775,39.9992459],[116.2066483,39.9993119],[116.2067011,39.9993256]]]}},{"type":"Feature","id":"way/941840810","properties":{"bicycle":"designated","foot":"designated","highway":"footway","segregated":"no","osm_id":"941840810","timestamp":"2022-05-05T12:21:05Z","version":"3"},"geometry":{"type":"LineString","coordinates":[[116.2094934,39.9928176],[116.2093635,39.9933403],[116.2094711,39.9934708],[116.2095503,39.9936911]]}},{"type":"Feature","id":"way/941840811","properties":{"bicycle":"designated","bridge":"yes","foot":"designated","highway":"path","layer":"1","segregated":"no","osm_id":"941840811","timestamp":"2021-05-11T14:28:10Z","version":"1"},"geometry":{"type":"LineString","coordinates":[[116.2095503,39.9936911],[116.2094635,39.9939041]]}},{"type":"Feature","id":"way/973268890","properties":{"highway":"path","osm_id":"973268890","timestamp":"2022-05-02T09:27:11Z","version":"2"},"geometry":{"type":"LineString","coordinates":[[116.1965581,40.008289],[116.196581255851,40.00820641619575]]}},{"type":"Feature","id":"way/973274282","properties":{"highway":"path","osm_id":"973274282","timestamp":"2022-04-24T08:04:55Z","version":"2"},"geometry":{"type":"LineString","coordinates":[[116.19697030026154,40.004252464875194],[116.1970032,40.0042256]]}},{"type":"Feature","id":"way/974389691","properties":{"highway":"path","osm_id":"974389691","timestamp":"2022-02-19T13:53:24Z","version":"2"},"geometry":{"type":"MultiLineString","coordinates":[[[116.20292706270067,40.00690276393413],[116.2029353,40.0068252],[116.2030322,40.0067862],[116.203147,40.0068226],[116.2032937,40.0067858]],[[116.20352721035795,40.00641374507433],[116.2035004,40.0063691],[116.2034562,40.0061984],[116.2034445,40.0056943]]]}},{"type":"Feature","id":"way/974389694","properties":{"highway":"path","osm_id":"974389694","timestamp":"2022-02-19T13:53:24Z","version":"2"},"geometry":{"type":"LineString","coordinates":[[116.20399752381384,40.004673712625504],[116.2040201,40.004465]]}},{"type":"Feature","id":"way/974389696","properties":{"highway":"path","osm_id":"974389696","timestamp":"2022-07-17T10:35:53Z","version":"3"},"geometry":{"type":"LineString","coordinates":[[116.20654518156482,40.004991799997875],[116.2065514,40.0049537]]}},{"type":"Feature","id":"way/974389697","properties":{"highway":"path","osm_id":"974389697","timestamp":"2021-08-18T15:58:18Z","version":"1"},"geometry":{"type":"LineString","coordinates":[[116.20827838508215,40.00458887085781],[116.2083019,40.0043964]]}},{"type":"Feature","id":"way/986940417","properties":{"highway":"path","osm_id":"986940417","timestamp":"2021-09-25T15:10:42Z","version":"1"},"geometry":{"type":"LineString","coordinates":[[116.19851170953456,40.00001223845101],[116.1986323,39.9999446]]}},{"type":"Feature","id":"way/986940418","properties":{"highway":"path","osm_id":"986940418","timestamp":"2022-04-24T13:16:51Z","version":"3"},"geometry":{"type":"LineString","coordinates":[[116.19735376203383,40.00176014569156],[116.1974753,40.001793]]}},{"type":"Feature","id":"way/986940434","properties":{"bridge":"boardwalk","highway":"path","surface":"wood","osm_id":"986940434","timestamp":"2022-05-02T09:27:11Z","version":"2"},"geometry":{"type":"MultiLineString","coordinates":[[[116.1971143,40.0069143],[116.1970182,40.0066504],[116.1970068,40.0066191],[116.19697826630119,40.00653641919685]],[[116.19718709583557,40.00576586593273],[116.19723432649764,40.005716280562815]],[[116.19862276587945,40.0049961683995],[116.1987182,40.0049565],[116.19888,40.0050244]]]}},{"type":"Feature","id":"way/986940435","properties":{"highway":"footway","surface":"paving_stones","osm_id":"986940435","timestamp":"2022-04-12T05:32:46Z","version":"2"},"geometry":{"type":"LineString","coordinates":[[116.19888,40.0050244],[116.1990626,40.0050444],[116.1992159,40.0051103]]}},{"type":"Feature","id":"way/986940436","properties":{"highway":"footway","osm_id":"986940436","timestamp":"2021-09-25T15:10:42Z","version":"1"},"geometry":{"type":"LineString","coordinates":[[116.19888,40.0050244],[116.1990887,40.0049205],[116.1992191,40.0048566],[116.1993235,40.0047127],[116.1995165,40.0046327],[116.199746,40.0045348]]}},{"type":"Feature","id":"way/986940437","properties":{"highway":"path","osm_id":"986940437","timestamp":"2022-05-02T09:27:11Z","version":"2"},"geometry":{"type":"LineString","coordinates":[[116.1954527,40.0094714],[116.1954685,40.0095691],[116.1954447,40.0097587],[116.1953565,40.0098906],[116.1952729,40.0100614],[116.1953221,40.010065],[116.1953686,40.0100385],[116.1953958,40.0100481]]}},{"type":"Feature","id":"way/986940439","properties":{"highway":"path","osm_id":"986940439","timestamp":"2021-09-25T15:10:42Z","version":"1"},"geometry":{"type":"LineString","coordinates":[[116.19694346353334,40.00666483679084],[116.1970182,40.0066504]]}},{"type":"Feature","id":"way/986940441","properties":{"highway":"path","osm_id":"986940441","timestamp":"2021-09-25T15:10:42Z","version":"1"},"geometry":{"type":"LineString","coordinates":[[116.19736776665891,40.00446351706051],[116.1973147,40.0044249],[116.1971999,40.004357],[116.1971163237722,40.004366076427075]]}},{"type":"Feature","id":"way/986940442","properties":{"bridge":"boardwalk","highway":"path","surface":"wood","osm_id":"986940442","timestamp":"2021-09-25T15:10:42Z","version":"1"},"geometry":{"type":"LineString","coordinates":[[116.19888,40.0050244],[116.1991043,40.0048646],[116.1991826,40.0047526],[116.1994591,40.0045048],[116.1997044,40.0042491],[116.1998453,40.0040532],[116.2000227,40.0039093],[116.2001833,40.0039167]]}},{"type":"Feature","id":"way/1000965400","properties":{"highway":"residential","name":"卧佛寺西路","osm_id":"1000965400","timestamp":"2024-03-04T16:23:22Z","version":"3"},"geometry":{"type":"LineString","coordinates":[[116.199067,39.9984019],[116.19902100866693,39.998242711881716]]}},{"type":"Feature","id":"way/1013668410","properties":{"highway":"path","osm_id":"1013668410","timestamp":"2021-12-20T08:41:41Z","version":"1"},"geometry":{"type":"LineString","coordinates":[[116.19545514304103,40.01035779467383],[116.195405,40.010316]]}},{"type":"Feature","id":"way/1013668411","properties":{"highway":"path","osm_id":"1013668411","timestamp":"2021-12-20T08:41:41Z","version":"1"},"geometry":{"type":"LineString","coordinates":[[116.19599969368058,40.00937917048256],[116.1959827,40.0093699],[116.1959166,40.0093532]]}},{"type":"Feature","id":"way/1013668412","properties":{"highway":"footway","osm_id":"1013668412","timestamp":"2021-12-20T08:41:41Z","version":"1"},"geometry":{"type":"LineString","coordinates":[[116.1966663,40.0082887],[116.1967182,40.0082399]]}},{"type":"Feature","id":"way/1013668413","properties":{"highway":"footway","osm_id":"1013668413","timestamp":"2022-05-02T09:27:11Z","version":"3"},"geometry":{"type":"LineString","coordinates":[[116.1953457,40.0101136],[116.1953234,40.0101428],[116.1953005,40.0101728],[116.1951433,40.0102834],[116.1950226,40.0104341],[116.1949168,40.0105195],[116.1947585,40.010529],[116.1946003,40.0106344]]}},{"type":"Feature","id":"way/1013668414","properties":{"highway":"path","osm_id":"1013668414","timestamp":"2021-12-20T08:41:41Z","version":"1"},"geometry":{"type":"LineString","coordinates":[[116.1962341,40.0089267],[116.1962649,40.0089884],[116.19626788995681,40.00903141679794]]}},{"type":"Feature","id":"way/1033220790","properties":{"highway":"path","osm_id":"1033220790","timestamp":"2022-02-19T13:53:24Z","version":"1"},"geometry":{"type":"LineString","coordinates":[[116.20375369490583,40.00578860738146],[116.2035071,40.0056158]]}},{"type":"Feature","id":"way/1033220793","properties":{"highway":"path","osm_id":"1033220793","timestamp":"2022-02-19T13:53:24Z","version":"1"},"geometry":{"type":"MultiLineString","coordinates":[[[116.2029353,40.0068252],[116.20281384448822,40.006923925652295]],[[116.20273745011674,40.006938204593155],[116.2026809,40.0069151],[116.2026299,40.0068663],[116.202547,40.0069078],[116.20251114435379,40.00698050360735]]]}},{"type":"Feature","id":"way/1033220796","properties":{"highway":"path","osm_id":"1033220796","timestamp":"2022-02-19T13:53:24Z","version":"1"},"geometry":{"type":"LineString","coordinates":[[116.19897837021269,39.99846877143863],[116.1990469,39.9984963]]}},{"type":"Feature","id":"way/1035587887","properties":{"highway":"path","osm_id":"1035587887","timestamp":"2022-02-27T09:50:41Z","version":"1"},"geometry":{"type":"LineString","coordinates":[[116.2057595,40.004996],[116.20575459404563,40.00504996549809]]}},{"type":"Feature","id":"way/1039817826","properties":{"bridge":"yes","highway":"footway","layer":"1","osm_id":"1039817826","timestamp":"2022-03-13T08:44:49Z","version":"1"},"geometry":{"type":"LineString","coordinates":[[116.1953457,40.0101136],[116.1954948,40.01015],[116.1955812,40.0101895]]}},{"type":"Feature","id":"way/1039817827","properties":{"highway":"footway","osm_id":"1039817827","timestamp":"2022-03-13T08:44:49Z","version":"1"},"geometry":{"type":"MultiLineString","coordinates":[[[116.1955812,40.0101895],[116.1957607,40.0100683]],[[116.1957607,40.0100683],[116.1958278,40.0099223],[116.1959616,40.0097686]]]}},{"type":"Feature","id":"way/1056440076","properties":{"building":"bungalow","osm_id":"1056440076","timestamp":"2022-05-01T14:25:07Z","version":"1"},"geometry":{"type":"Polygon","coordinates":[[[116.1980904,40.0017349],[116.1982499,40.0016728],[116.1982135,40.0016181],[116.1980541,40.0016802],[116.1980904,40.0017349]]]}},{"type":"Feature","id":"way/1056440077","properties":{"building":"bungalow","osm_id":"1056440077","timestamp":"2022-05-01T14:25:07Z","version":"1"},"geometry":{"type":"Polygon","coordinates":[[[116.1979792,40.0016324],[116.1980573,40.0016364],[116.1980712,40.0014771],[116.1981854,40.001483],[116.19819,40.0014306],[116.1979977,40.0014207],[116.1979792,40.0016324]]]}},{"type":"Feature","id":"way/1056440080","properties":{"building":"yes","osm_id":"1056440080","timestamp":"2022-05-01T14:25:07Z","version":"1"},"geometry":{"type":"Polygon","coordinates":[[[116.198724,40.0021973],[116.1987949,40.0021701],[116.1986321,40.001921],[116.1985611,40.0019482],[116.198724,40.0021973]]]}},{"type":"Feature","id":"way/1056440081","properties":{"highway":"service","osm_id":"1056440081","timestamp":"2022-05-02T09:27:11Z","version":"2"},"geometry":{"type":"LineString","coordinates":[[116.1983014,40.0017354],[116.1988866,40.0025014],[116.1989445,40.0026789]]}},{"type":"Feature","id":"way/1056440082","properties":{"building":"yes","osm_id":"1056440082","timestamp":"2022-05-01T14:25:07Z","version":"1"},"geometry":{"type":"Polygon","coordinates":[[[116.1991113,40.0057007],[116.1992537,40.0057213],[116.1993237,40.0054374],[116.1992988,40.0054338],[116.1993188,40.0053525],[116.199165,40.0053303],[116.1991293,40.0054748],[116.1991658,40.00548],[116.1991113,40.0057007]]]}},{"type":"Feature","id":"way/1056440083","properties":{"building":"yes","osm_id":"1056440083","timestamp":"2022-05-01T14:25:07Z","version":"1"},"geometry":{"type":"Polygon","coordinates":[[[116.1993501,40.0061215],[116.1998894,40.0061778],[116.1999131,40.0060448],[116.1993738,40.0059886],[116.1993501,40.0061215]]]}},{"type":"Feature","id":"way/1056440084","properties":{"highway":"residential","osm_id":"1056440084","timestamp":"2022-05-01T14:25:07Z","version":"1"},"geometry":{"type":"LineString","coordinates":[[116.1996813,40.005136],[116.199545,40.0052183],[116.1993613,40.0058418],[116.199249,40.0059806],[116.199175,40.0061154],[116.1990296,40.0061917],[116.1989581,40.0064321]]}},{"type":"Feature","id":"way/1056440085","properties":{"highway":"footway","osm_id":"1056440085","timestamp":"2022-05-01T14:25:07Z","version":"1"},"geometry":{"type":"LineString","coordinates":[[116.1985943,40.0057654],[116.1985958,40.0058809],[116.1985396,40.0060314]]}},{"type":"Feature","id":"way/1056440087","properties":{"building":"yes","osm_id":"1056440087","timestamp":"2022-05-01T14:25:07Z","version":"1"},"geometry":{"type":"Polygon","coordinates":[[[116.2028856,40.0066303],[116.2030167,40.006631],[116.2030162,40.0066801],[116.2032669,40.0066814],[116.2032713,40.0062059],[116.2030207,40.0062046],[116.2030204,40.0062403],[116.2028891,40.0062397],[116.2028856,40.0066303]]]}},{"type":"Feature","id":"way/1056440088","properties":{"building":"yes","osm_id":"1056440088","timestamp":"2022-05-01T14:25:07Z","version":"1"},"geometry":{"type":"Polygon","coordinates":[[[116.1990356,40.0064662],[116.1992609,40.0065058],[116.1992951,40.0063913],[116.1993303,40.0063975],[116.199359,40.0063015],[116.1990985,40.0062558],[116.1990356,40.0064662]]]}},{"type":"Feature","id":"way/1056440089","properties":{"building":"yes","osm_id":"1056440089","timestamp":"2022-05-01T14:25:07Z","version":"1"},"geometry":{"type":"Polygon","coordinates":[[[116.1988736,40.0066032],[116.1992044,40.00667],[116.1992424,40.0065597],[116.1991542,40.0065419],[116.199151,40.0065513],[116.1990075,40.0065224],[116.1990185,40.0064904],[116.1989193,40.0064703],[116.1988736,40.0066032]]]}},{"type":"Feature","id":"way/1056440090","properties":{"building":"yes","osm_id":"1056440090","timestamp":"2022-05-01T14:25:07Z","version":"1"},"geometry":{"type":"Polygon","coordinates":[[[116.1987751,40.0011021],[116.1988403,40.0010667],[116.1986768,40.0008903],[116.1986116,40.0009256],[116.1987751,40.0011021]]]}},{"type":"Feature","id":"way/1056440091","properties":{"natural":"water","osm_id":"1056440091","timestamp":"2022-05-01T14:25:07Z","version":"1"},"geometry":{"type":"Polygon","coordinates":[[[116.19850581931662,40.005244223455186],[116.1984989,40.0052589],[116.19835628926488,40.005326586370046],[116.1982152,40.0054043],[116.1982152,40.0054298],[116.1982173,40.0055046],[116.1982366,40.0055629],[116.1983192,40.0056024],[116.1984458,40.0056073],[116.1985445,40.0055843],[116.1985982,40.0055317],[116.1986336,40.0054051],[116.1986153,40.0052728],[116.1985478,40.0052211],[116.19850581931662,40.005244223455186]]]}},{"type":"Feature","id":"way/1056588165","properties":{"highway":"path","osm_id":"1056588165","timestamp":"2022-05-02T09:27:11Z","version":"1"},"geometry":{"type":"LineString","coordinates":[[116.1969791,40.0033488],[116.1970384,40.0034937],[116.1970439,40.0037457],[116.1970768,40.0039096],[116.197181,40.0041071],[116.1972907,40.0043087],[116.1973147,40.0044249]]}},{"type":"Feature","id":"way/1056588168","properties":{"highway":"path","osm_id":"1056588168","timestamp":"2022-05-02T09:27:11Z","version":"1"},"geometry":{"type":"LineString","coordinates":[[116.1970306,40.0075979],[116.1969812,40.0075896]]}},{"type":"Feature","id":"way/1056588169","properties":{"highway":"path","osm_id":"1056588169","timestamp":"2022-05-02T09:27:11Z","version":"1"},"geometry":{"type":"LineString","coordinates":[[116.19696122399844,40.00748290614561],[116.1969761,40.0075154],[116.1969812,40.0075896],[116.1969736,40.007701],[116.1970116,40.0077446]]}},{"type":"Feature","id":"way/1056588170","properties":{"highway":"path","osm_id":"1056588170","timestamp":"2022-05-02T09:27:11Z","version":"1"},"geometry":{"type":"LineString","coordinates":[[116.1969855,40.0078566],[116.19693257637391,40.00783454848913]]}},{"type":"Feature","id":"way/1056588172","properties":{"highway":"path","osm_id":"1056588172","timestamp":"2022-05-02T09:27:11Z","version":"1"},"geometry":{"type":"LineString","coordinates":[[116.1972777,40.0079562],[116.1973921,40.0079845],[116.19741890768599,40.00799497085668]]}},{"type":"Feature","id":"way/1056588174","properties":{"highway":"path","osm_id":"1056588174","timestamp":"2022-05-02T09:27:11Z","version":"1"},"geometry":{"type":"LineString","coordinates":[[116.19819241344157,40.0045489],[116.1983746,40.0043511],[116.1985473,40.0041883],[116.1987465,40.0039492],[116.1988727,40.0037406],[116.1990255,40.0034659],[116.199052,40.0032268],[116.1989989,40.0029063],[116.1989445,40.0026789]]}},{"type":"Feature","id":"way/1057120347","properties":{"highway":"path","osm_id":"1057120347","timestamp":"2022-05-04T09:36:07Z","version":"1"},"geometry":{"type":"LineString","coordinates":[[116.1966334,40.0087469],[116.1966951,40.0087836],[116.19672870068888,40.00878846816393]]}},{"type":"Feature","id":"way/1057608479","properties":{"area":"yes","highway":"pedestrian","osm_id":"1057608479","timestamp":"2022-05-05T12:21:05Z","version":"1"},"geometry":{"type":"Polygon","coordinates":[[[116.2023069,39.9980871],[116.2023246,39.9979445],[116.2023202,39.9978223],[116.2023999,39.9978732],[116.2024917,39.9978685],[116.2025495,39.9977994],[116.2025495,39.9977446],[116.2025422,39.9977287],[116.2025257,39.9976925],[116.2024338,39.9975673],[116.2023739,39.9975168],[116.2023333,39.9974825],[116.2021614,39.9973925],[116.2019827,39.9973326],[116.2017818,39.9973234],[116.2017784,39.9973507],[116.201775,39.9973769],[116.2017128,39.9974206],[116.2017885,39.9976145],[116.2019681,39.9976361],[116.2020631,39.9976915],[116.2021104,39.9977818],[116.202093,39.9978747],[116.2021842,39.9979645],[116.2022145,39.998096],[116.2022108,39.998165],[116.2021972,39.998229],[116.2023069,39.9980871]]]}},{"type":"Feature","id":"way/1057608480","properties":{"highway":"footway","osm_id":"1057608480","timestamp":"2022-05-05T12:21:05Z","version":"1"},"geometry":{"type":"LineString","coordinates":[[116.2025422,39.9977287],[116.2025809,39.9977241],[116.2027506,39.9976745]]}},{"type":"Feature","id":"way/1057608481","properties":{"highway":"footway","osm_id":"1057608481","timestamp":"2022-05-05T12:21:05Z","version":"1"},"geometry":{"type":"LineString","coordinates":[[116.2026206,39.9974099],[116.2023739,39.9975168]]}},{"type":"Feature","id":"way/1057608482","properties":{"highway":"footway","osm_id":"1057608482","timestamp":"2025-12-14T12:40:38Z","version":"3"},"geometry":{"type":"LineString","coordinates":[[116.2052991,39.9933515],[116.2050421,39.9933988],[116.2047915,39.9934979],[116.2047187,39.9935846],[116.204743,39.9937854],[116.2048299,39.9939021],[116.2048289,39.9939557],[116.2047896,39.9940958],[116.204813,39.9942547],[116.2048073,39.9944547],[116.2047326,39.9945707],[116.2047205,39.9946182],[116.2047966,39.9947958],[116.2048717,39.9949108],[116.2049369,39.9950104]]}},{"type":"Feature","id":"way/1057608484","properties":{"highway":"pedestrian","osm_id":"1057608484","timestamp":"2022-05-05T12:21:05Z","version":"1"},"geometry":{"type":"LineString","coordinates":[[116.2090105,39.9928329],[116.2091008,39.992799]]}},{"type":"Feature","id":"way/1057608535","properties":{"bridge":"yes","highway":"footway","layer":"1","osm_id":"1057608535","timestamp":"2022-05-05T12:21:05Z","version":"1"},"geometry":{"type":"LineString","coordinates":[[116.2044557,39.9960663],[116.2043722,39.9959111]]}},{"type":"Feature","id":"way/1057608536","properties":{"highway":"footway","osm_id":"1057608536","timestamp":"2022-05-05T12:21:05Z","version":"1"},"geometry":{"type":"LineString","coordinates":[[116.2044618,39.9960776],[116.2044557,39.9960663]]}},{"type":"Feature","id":"way/1087726415","properties":{"highway":"footway","osm_id":"1087726415","timestamp":"2022-08-20T14:48:20Z","version":"1"},"geometry":{"type":"LineString","coordinates":[[116.2054078,39.9967357],[116.2054582,39.996565],[116.2054542,39.9964185],[116.2054024,39.9963453],[116.205283,39.9962691],[116.2051499,39.9962237]]}},{"type":"Feature","id":"way/1111773399","properties":{"building":"yes","name":"浮云茶社","tourism":"museum","osm_id":"1111773399","timestamp":"2022-11-09T12:37:06Z","version":"1"},"geometry":{"type":"Polygon","coordinates":[[[116.2017993,40.0027843],[116.2017961,40.0027321],[116.2016854,40.0027405],[116.2017176,40.0029899],[116.2022172,40.002952],[116.2021684,40.0025756],[116.2020262,40.0025864],[116.2020545,40.0028046],[116.2021135,40.0028001],[116.2021266,40.0029016],[116.2019603,40.0029126],[116.2018207,40.002925],[116.2017993,40.0027843]]]}},{"type":"Feature","id":"way/1111773400","properties":{"building":"yes","osm_id":"1111773400","timestamp":"2022-11-09T12:37:06Z","version":"1"},"geometry":{"type":"Polygon","coordinates":[[[116.2019389,40.0027719],[116.2017993,40.0027843],[116.2018207,40.002925],[116.2019603,40.0029126],[116.2019389,40.0027719]]]}},{"type":"Feature","id":"way/1352048393","properties":{"building":"commercial","name":"得大茶舍","osm_id":"1352048393","timestamp":"2025-01-17T10:50:50Z","version":"1"},"geometry":{"type":"Polygon","coordinates":[[[116.201427,40.0061832],[116.2014243,40.0059099],[116.2013116,40.005912],[116.201317,40.0061852],[116.201427,40.0061832]]]}},{"type":"Feature","id":"way/1352048394","properties":{"highway":"service","osm_id":"1352048394","timestamp":"2025-01-17T10:50:50Z","version":"1"},"geometry":{"type":"LineString","coordinates":[[116.20004149072032,40.00688704671357],[116.2000667,40.0067333]]}},{"type":"Feature","id":"way/1432561996","properties":{"highway":"footway","osm_id":"1432561996","timestamp":"2025-09-24T14:01:16Z","version":"1"},"geometry":{"type":"LineString","coordinates":[[116.2040113,39.9939702],[116.2040678,39.9936032],[116.2041365,39.9935351],[116.2042497,39.9935134],[116.2047915,39.9934979]]}},{"type":"Feature","id":"way/1458466636","properties":{"highway":"pedestrian","name":"中轴路","osm_id":"1458466636","timestamp":"2025-12-14T12:40:38Z","version":"1"},"geometry":{"type":"LineString","coordinates":[[116.2000667,40.0067333],[116.2000667,40.0066333],[116.20015,40.00635],[116.2001333,40.00615],[116.2001157,40.0059452],[116.20019,40.0057562],[116.2002939,40.0053694],[116.2011103,40.005374],[116.2011169,40.0046867],[116.2011148,40.0039151],[116.2010914,40.0036765],[116.2010737,40.0032196],[116.2011145,40.003165],[116.2012172,40.0031291],[116.2012484,40.0030789],[116.2013437,40.0027648]]}},{"type":"Feature","id":"way/1458466637","properties":{"bridge":"yes","highway":"pedestrian","layer":"1","name":"中轴路","osm_id":"1458466637","timestamp":"2025-12-14T12:40:38Z","version":"1"},"geometry":{"type":"LineString","coordinates":[[116.2013437,40.0027648],[116.2014386,40.0024519]]}},{"type":"Feature","id":"way/1458466638","properties":{"natural":"water","osm_id":"1458466638","timestamp":"2025-12-14T12:40:38Z","version":"1"},"geometry":{"type":"Polygon","coordinates":[[[116.1996613,40.0042709],[116.1996457,40.0041004],[116.1995679,40.0041004],[116.1994573,40.0041898],[116.1993266,40.0044009],[116.1990666,40.0044057],[116.1989577,40.0044701],[116.1987584,40.0047765],[116.1988238,40.0049291],[116.1988954,40.0049852],[116.1996613,40.0042709]]]}},{"type":"Feature","id":"way/1489281194","properties":{"building":"yes","osm_id":"1489281194","timestamp":"2026-03-15T22:20:45Z","version":"1"},"geometry":{"type":"Polygon","coordinates":[[[116.2090444,39.9936007],[116.2090471,39.9935221],[116.2091917,39.993525],[116.209196,39.9933969],[116.2090316,39.9933936],[116.2090304,39.9934291],[116.2088516,39.9934256],[116.2088459,39.9935968],[116.2090444,39.9936007]]]}},{"type":"Feature","id":"way/1489281200","properties":{"highway":"footway","osm_id":"1489281200","timestamp":"2026-03-15T22:20:45Z","version":"1"},"geometry":{"type":"LineString","coordinates":[[116.2030998,39.9996739],[116.2030326,39.9996543],[116.2029824,39.9996079],[116.2029692,39.9995536],[116.20299,39.9994804],[116.2030808,39.9994296],[116.2031603,39.9994173],[116.2031792,39.9993803],[116.2030799,39.999347],[116.2029995,39.9993173],[116.2029664,39.9992752],[116.2030014,39.9992042],[116.2030837,39.999139],[116.2031717,39.9991078],[116.2032426,39.9990803],[116.2033704,39.9990824],[116.2034849,39.9990861],[116.2036362,39.9990585],[116.203777,39.9990617]]}},{"type":"Feature","id":"way/1489281201","properties":{"highway":"footway","osm_id":"1489281201","timestamp":"2026-03-15T22:20:45Z","version":"1"},"geometry":{"type":"MultiLineString","coordinates":[[[116.2037345,39.9997685],[116.2036587,39.9998122],[116.2036017,39.9998148],[116.2035627,39.9997893],[116.2035523,39.9997531],[116.2035613,39.9997041],[116.2036065,39.9996764],[116.2036816,39.9996748],[116.2037087,39.9996971],[116.2037213,39.9997248],[116.2037345,39.9997685]],[[116.2037345,39.9997685],[116.2037637,39.999777],[116.2037804,39.9997467],[116.2038207,39.9996918],[116.2038659,39.9996588],[116.2039305,39.9996476],[116.2040091,39.9996678],[116.2040569,39.9996801]]]}},{"type":"Feature","id":"way/58093674","properties":{"bicycle":"no","highway":"path","name":"曹雪芹山前小道","sac_scale":"hiking","surface":"unpaved","tracktype":"grade5","trail_visibility":"excellent","osm_id":"58093674","timestamp":"2025-12-14T12:40:38Z","version":"8"},"geometry":{"type":"LineString","coordinates":[[116.193172,40.0111272],[116.1931176,40.011215],[116.19310836278984,40.011220998720795]]}},{"type":"Feature","id":"way/986940423","properties":{"highway":"path","osm_id":"986940423","timestamp":"2021-12-26T14:22:42Z","version":"2"},"geometry":{"type":"LineString","coordinates":[[116.19302490357977,40.011121143478306],[116.1930947,40.011141],[116.193172,40.0111272]]}},{"type":"Feature","id":"way/986940431","properties":{"highway":"footway","osm_id":"986940431","timestamp":"2022-05-04T09:36:07Z","version":"3"},"geometry":{"type":"LineString","coordinates":[[116.1948921,40.010784],[116.1948439,40.0108403],[116.19479158415314,40.010892794602604]]}},{"type":"Feature","id":"way/986940432","properties":{"highway":"footway","osm_id":"986940432","timestamp":"2021-09-25T15:10:42Z","version":"1"},"geometry":{"type":"LineString","coordinates":[[116.1946003,40.0106344],[116.1945128,40.0105865],[116.1939471,40.0106234],[116.1937482,40.010697],[116.1934994,40.0108632],[116.193306,40.0109965],[116.193172,40.0111272]]}},{"type":"Feature","id":"way/986940438","properties":{"highway":"path","osm_id":"986940438","timestamp":"2021-09-25T15:10:42Z","version":"1"},"geometry":{"type":"LineString","coordinates":[[116.19414117657874,40.01043151485598],[116.194111,40.0104717],[116.1940431,40.0105676],[116.1939471,40.0106234]]}},{"type":"Feature","id":"way/1015449196","properties":{"highway":"footway","osm_id":"1015449196","timestamp":"2021-12-26T14:22:42Z","version":"1"},"geometry":{"type":"LineString","coordinates":[[116.193172,40.0111272],[116.1932825,40.0111678],[116.19338202536302,40.01116293125008]]}},{"type":"Feature","id":"way/1057120345","properties":{"highway":"footway","osm_id":"1057120345","timestamp":"2025-12-14T12:40:38Z","version":"2"},"geometry":{"type":"LineString","coordinates":[[116.1946618,40.0106682],[116.1947719,40.0107354]]}},{"type":"Feature","id":"way/1057120346","properties":{"bridge":"boardwalk","highway":"path","surface":"wood","osm_id":"1057120346","timestamp":"2022-05-04T09:36:07Z","version":"1"},"geometry":{"type":"LineString","coordinates":[[116.1949526,40.0107042],[116.1948921,40.010784]]}},{"type":"Feature","id":"way/1458466640","properties":{"bridge":"yes","highway":"footway","layer":"1","osm_id":"1458466640","timestamp":"2025-12-14T12:40:38Z","version":"1"},"geometry":{"type":"LineString","coordinates":[[116.1946055,40.0106373],[116.1946618,40.0106682]]}},{"type":"Feature","id":"way/1458466641","properties":{"highway":"footway","osm_id":"1458466641","timestamp":"2025-12-14T12:40:38Z","version":"1"},"geometry":{"type":"LineString","coordinates":[[116.1946003,40.0106344],[116.1946055,40.0106373]]}}]}