<?xml version="1.0" encoding="UTF-8"?>
<osm version="0.6" generator="openstreetmap-cgimap 2.1.0 (3498741 spike-06.openstreetmap.org)" copyright="OpenStreetMap and contributors" attribution="http://www.openstreetmap.org/copyright" license="http://opendatacommons.org/licenses/odbl/1-0/">
 <bounds minlat="36.6210000" minlon="101.7230000" maxlat="36.6320000" maxlon="101.7380000"/>
 <node id="369938263" visible="true" version="6" changeset="123818368" timestamp="2022-07-19T17:30:36Z" user="Maps Man" uid="10216874" lat="36.6344366" lon="101.7294237"/>
 <node id="369938265" visible="true" version="6" changeset="123818368" timestamp="2022-07-19T17:30:36Z" user="Maps Man" uid="10216874" lat="36.6343450" lon="101.7298684"/>
 <node id="369938266" visible="true" version="6" changeset="123818368" timestamp="2022-07-19T17:30:36Z" user="Maps Man" uid="10216874" lat="36.6339853" lon="101.7311854"/>
 <node id="369938269" visible="true" version="6" changeset="123818368" timestamp="2022-07-19T17:30:36Z" user="Maps Man" uid="10216874" lat="36.6335322" lon="101.7323760">
  <tag k="highway" v="crossing"/>
 </node>
 <node id="369938270" visible="true" version="4" changeset="204933" timestamp="2009-04-05T09:24:18Z" user="katpatuka" uid="17497" lat="36.6307576" lon="101.7394400"/>
 <node id="369938271" visible="true" version="4" changeset="204933" timestamp="2009-04-05T09:24:18Z" user="katpatuka" uid="17497" lat="36.6286985" lon="101.7444431"/>
 <node id="369938272" visible="true" version="5" changeset="17837678" timestamp="2013-09-14T18:17:56Z" user="Popolon" uid="27454" lat="36.6274006" lon="101.7477163">
  <tag k="highway" v="crossing"/>
 </node>
 <node id="369939582" visible="true" version="6" changeset="123818368" timestamp="2022-07-19T17:30:36Z" user="Maps Man" uid="10216874" lat="36.6336391" lon="101.7321119"/>
 <node id="369939652" visible="true" version="4" changeset="123818368" timestamp="2022-07-19T17:30:36Z" user="Maps Man" uid="10216874" lat="36.6337833" lon="101.7317474"/>
 <node id="2037375419" visible="true" version="2" changeset="17837678" timestamp="2013-09-14T18:17:55Z" user="Popolon" uid="27454" lat="36.6264288" lon="101.7496139"/>
 <node id="2037375430" visible="true" version="3" changeset="82067741" timestamp="2020-03-11T15:26:45Z" user="lorenzo23622" uid="476483" lat="36.6335866" lon="101.7320904"/>
 <node id="2037375433" visible="true" version="3" changeset="73423121" timestamp="2019-08-16T16:34:41Z" user="takje" uid="9291395" lat="36.6283643" lon="101.7291448"/>
 <node id="2037375478" visible="true" version="3" changeset="113511331" timestamp="2021-11-08T08:44:09Z" user="ff5722" uid="3450290" lat="36.6284976" lon="101.7447953"/>
 <node id="2037375488" visible="true" version="4" changeset="55155969" timestamp="2018-01-04T12:16:42Z" user="jamesks" uid="2500" lat="36.6237470" lon="101.7556665"/>
 <node id="2037375491" visible="true" version="2" changeset="73423121" timestamp="2019-08-16T16:34:41Z" user="takje" uid="9291395" lat="36.6298364" lon="101.7298609"/>
 <node id="2037375500" visible="true" version="2" changeset="17837678" timestamp="2013-09-14T18:17:55Z" user="Popolon" uid="27454" lat="36.6247510" lon="101.7283533"/>
 <node id="2037375506" visible="true" version="2" changeset="17837678" timestamp="2013-09-14T18:17:55Z" user="Popolon" uid="27454" lat="36.6255839" lon="101.7515626"/>
 <node id="2037375524" visible="true" version="2" changeset="17837678" timestamp="2013-09-14T18:17:55Z" user="Popolon" uid="27454" lat="36.6259121" lon="101.7282838"/>
 <node id="2037375556" visible="true" version="2" changeset="17837678" timestamp="2013-09-14T18:17:55Z" user="Popolon" uid="27454" lat="36.6277791" lon="101.7289442"/>
 <node id="2037375559" visible="true" version="2" changeset="17837678" timestamp="2013-09-14T18:17:54Z" user="Popolon" uid="27454" lat="36.6271340" lon="101.7480800"/>
 <node id="2037375568" visible="true" version="2" changeset="17837678" timestamp="2013-09-14T18:17:55Z" user="Popolon" uid="27454" lat="36.6238166" lon="101.7555180"/>
 <node id="2037375571" visible="true" version="2" changeset="17837678" timestamp="2013-09-14T18:17:55Z" user="Popolon" uid="27454" lat="36.6252750" lon="101.7302983"/>
 <node id="2037375591" visible="true" version="1" changeset="14065874" timestamp="2012-11-27T22:56:00Z" user="jamesks" uid="2500" lat="36.6246812" lon="101.7534533"/>
 <node id="2037375607" visible="true" version="2" changeset="73423121" timestamp="2019-08-16T16:34:41Z" user="takje" uid="9291395" lat="36.6299191" lon="101.7292769"/>
 <node id="2037375613" visible="true" version="2" changeset="73423121" timestamp="2019-08-16T16:34:41Z" user="takje" uid="9291395" lat="36.6291052" lon="101.7291551"/>
 <node id="2037375621" visible="true" version="2" changeset="17837678" timestamp="2013-09-14T18:17:55Z" user="Popolon" uid="27454" lat="36.6244527" lon="101.7286558"/>
 <node id="2037375624" visible="true" version="2" changeset="17837678" timestamp="2013-09-14T18:17:56Z" user="Popolon" uid="27454" lat="36.6318390" lon="101.7365313">
  <tag k="highway" v="crossing"/>
 </node>
 <node id="2037375637" visible="true" version="2" changeset="17837678" timestamp="2013-09-14T18:17:55Z" user="Popolon" uid="27454" lat="36.6247173" lon="101.7292286"/>
 <node id="2037375640" visible="true" version="2" changeset="17837678" timestamp="2013-09-14T18:17:55Z" user="Popolon" uid="27454" lat="36.6245113" lon="101.7288229"/>
 <node id="2037375643" visible="true" version="2" changeset="17837678" timestamp="2013-09-14T18:17:56Z" user="Popolon" uid="27454" lat="36.6299963" lon="101.7411589"/>
 <node id="2037375655" visible="true" version="3" changeset="184569307" timestamp="2026-06-25T10:04:46Z" user="GeoSylvaris" uid="24237008" lat="36.6252823" lon="101.7297192"/>
 <node id="2037375664" visible="true" version="2" changeset="73423121" timestamp="2019-08-16T16:34:41Z" user="takje" uid="9291395" lat="36.6294042" lon="101.7289855"/>
 <node id="2037375670" visible="true" version="2" changeset="17837678" timestamp="2013-09-14T18:17:55Z" user="Popolon" uid="27454" lat="36.6255771" lon="101.7283366"/>
 <node id="2037375672" visible="true" version="2" changeset="17837678" timestamp="2013-09-14T18:17:55Z" user="Popolon" uid="27454" lat="36.6253165" lon="101.7284470"/>
 <node id="2037375674" visible="true" version="2" changeset="17837678" timestamp="2013-09-14T18:17:55Z" user="Popolon" uid="27454" lat="36.6245260" lon="101.7283979"/>
 <node id="2037375691" visible="true" version="2" changeset="17837678" timestamp="2013-09-14T18:17:55Z" user="Popolon" uid="27454" lat="36.6273168" lon="101.7476755"/>
 <node id="2037375700" visible="true" version="2" changeset="17837678" timestamp="2013-09-14T18:17:55Z" user="Popolon" uid="27454" lat="36.6253559" lon="101.7300904"/>
 <node id="2037375706" visible="true" version="2" changeset="17837678" timestamp="2013-09-14T18:17:55Z" user="Popolon" uid="27454" lat="36.6306522" lon="101.7394977"/>
 <node id="2037375733" visible="true" version="3" changeset="123818368" timestamp="2022-07-19T17:30:36Z" user="Maps Man" uid="10216874" lat="36.6334847" lon="101.7323502">
  <tag k="highway" v="crossing"/>
 </node>
 <node id="2458348392" visible="true" version="1" changeset="17837678" timestamp="2013-09-14T18:17:47Z" user="Popolon" uid="27454" lat="36.6266955" lon="101.7335681"/>
 <node id="2458348394" visible="true" version="2" changeset="184532253" timestamp="2026-06-24T16:12:07Z" user="GeoSylvaris" uid="24237008" lat="36.6288485" lon="101.7312259"/>
 <node id="2458348401" visible="true" version="1" changeset="17837678" timestamp="2013-09-14T18:17:47Z" user="Popolon" uid="27454" lat="36.6250030" lon="101.7284567"/>
 <node id="2458348405" visible="true" version="1" changeset="17837678" timestamp="2013-09-14T18:17:48Z" user="Popolon" uid="27454" lat="36.6273094" lon="101.7327655"/>
 <node id="2458348408" visible="true" version="1" changeset="17837678" timestamp="2013-09-14T18:17:48Z" user="Popolon" uid="27454" lat="36.6342701" lon="101.7300142"/>
 <node id="2458348409" visible="true" version="1" changeset="17837678" timestamp="2013-09-14T18:17:48Z" user="Popolon" uid="27454" lat="36.6243061" lon="101.7314868"/>
 <node id="2458348410" visible="true" version="3" changeset="184569307" timestamp="2026-06-25T07:55:41Z" user="GeoSylvaris" uid="24237008" lat="36.6271650" lon="101.7365177"/>
 <node id="2458348411" visible="true" version="1" changeset="17837678" timestamp="2013-09-14T18:17:48Z" user="Popolon" uid="27454" lat="36.6237529" lon="101.7325704"/>
 <node id="2458348412" visible="true" version="1" changeset="17837678" timestamp="2013-09-14T18:17:48Z" user="Popolon" uid="27454" lat="36.6254281" lon="101.7341763"/>
 <node id="2458348413" visible="true" version="1" changeset="17837678" timestamp="2013-09-14T18:17:48Z" user="Popolon" uid="27454" lat="36.6266185" lon="101.7334816"/>
 <node id="2458348415" visible="true" version="1" changeset="17837678" timestamp="2013-09-14T18:17:48Z" user="Popolon" uid="27454" lat="36.6282716" lon="101.7309979"/>
 <node id="2458348417" visible="true" version="1" changeset="17837678" timestamp="2013-09-14T18:17:48Z" user="Popolon" uid="27454" lat="36.6306132" lon="101.7395965"/>
 <node id="2458348420" visible="true" version="1" changeset="17837678" timestamp="2013-09-14T18:17:48Z" user="Popolon" uid="27454" lat="36.6249196" lon="101.7332651"/>
 <node id="2458348422" visible="true" version="1" changeset="17837678" timestamp="2013-09-14T18:17:48Z" user="Popolon" uid="27454" lat="36.6272100" lon="101.7329459"/>
 <node id="2458348423" visible="true" version="1" changeset="17837678" timestamp="2013-09-14T18:17:48Z" user="Popolon" uid="27454" lat="36.6260971" lon="101.7340349"/>
 <node id="2458348426" visible="true" version="1" changeset="17837678" timestamp="2013-09-14T18:17:48Z" user="Popolon" uid="27454" lat="36.6247906" lon="101.7293128"/>
 <node id="2458348427" visible="true" version="1" changeset="17837678" timestamp="2013-09-14T18:17:48Z" user="Popolon" uid="27454" lat="36.6260502" lon="101.7344875"/>
 <node id="2458348429" visible="true" version="1" changeset="17837678" timestamp="2013-09-14T18:17:48Z" user="Popolon" uid="27454" lat="36.6376172" lon="101.7161783"/>
 <node id="2458348430" visible="true" version="1" changeset="17837678" timestamp="2013-09-14T18:17:48Z" user="Popolon" uid="27454" lat="36.6273740" lon="101.7327601"/>
 <node id="2458348431" visible="true" version="1" changeset="17837678" timestamp="2013-09-14T18:17:48Z" user="Popolon" uid="27454" lat="36.6274235" lon="101.7341951"/>
 <node id="2458348432" visible="true" version="1" changeset="17837678" timestamp="2013-09-14T18:17:48Z" user="Popolon" uid="27454" lat="36.6288786" lon="101.7298231"/>
 <node id="2458348433" visible="true" version="1" changeset="17837678" timestamp="2013-09-14T18:17:48Z" user="Popolon" uid="27454" lat="36.6265216" lon="101.7334790"/>
 <node id="2458348436" visible="true" version="1" changeset="17837678" timestamp="2013-09-14T18:17:48Z" user="Popolon" uid="27454" lat="36.6289579" lon="101.7300035"/>
 <node id="2458348439" visible="true" version="1" changeset="17837678" timestamp="2013-09-14T18:17:48Z" user="Popolon" uid="27454" lat="36.6306387" lon="101.7397289"/>
 <node id="2458348441" visible="true" version="1" changeset="17837678" timestamp="2013-09-14T18:17:48Z" user="Popolon" uid="27454" lat="36.6254255" lon="101.7332195"/>
 <node id="2458348442" visible="true" version="1" changeset="17837678" timestamp="2013-09-14T18:17:48Z" user="Popolon" uid="27454" lat="36.6254539" lon="101.7340771"/>
 <node id="2458348443" visible="true" version="1" changeset="17837678" timestamp="2013-09-14T18:17:48Z" user="Popolon" uid="27454" lat="36.6281722" lon="101.7311729"/>
 <node id="2458348444" visible="true" version="1" changeset="17837678" timestamp="2013-09-14T18:17:48Z" user="Popolon" uid="27454" lat="36.6286419" lon="101.7296112"/>
 <node id="2458348445" visible="true" version="2" changeset="123818368" timestamp="2022-07-19T17:30:36Z" user="Maps Man" uid="10216874" lat="36.6342317" lon="101.7303444"/>
 <node id="2458348446" visible="true" version="1" changeset="17837678" timestamp="2013-09-14T18:17:48Z" user="Popolon" uid="27454" lat="36.6285988" lon="101.7295308"/>
 <node id="2458348447" visible="true" version="1" changeset="17837678" timestamp="2013-09-14T18:17:48Z" user="Popolon" uid="27454" lat="36.6253893" lon="101.7333422"/>
 <node id="2458348448" visible="true" version="2" changeset="184532253" timestamp="2026-06-24T16:12:07Z" user="GeoSylvaris" uid="24237008" lat="36.6283082" lon="101.7311267"/>
 <node id="2458348450" visible="true" version="2" changeset="184532253" timestamp="2026-06-24T16:12:07Z" user="GeoSylvaris" uid="24237008" lat="36.6281898" lon="101.7317704"/>
 <node id="2458348451" visible="true" version="1" changeset="17837678" timestamp="2013-09-14T18:17:48Z" user="Popolon" uid="27454" lat="36.6246274" lon="101.7283360"/>
 <node id="2458348455" visible="true" version="1" changeset="17837678" timestamp="2013-09-14T18:17:49Z" user="Popolon" uid="27454" lat="36.6254905" lon="101.7331812"/>
 <node id="2458348457" visible="true" version="1" changeset="17837678" timestamp="2013-09-14T18:17:49Z" user="Popolon" uid="27454" lat="36.6267003" lon="101.7339028"/>
 <node id="2458348458" visible="true" version="1" changeset="17837678" timestamp="2013-09-14T18:17:49Z" user="Popolon" uid="27454" lat="36.6289346" lon="101.7300860"/>
 <node id="2458348460" visible="true" version="2" changeset="184532253" timestamp="2026-06-24T16:12:07Z" user="GeoSylvaris" uid="24237008" lat="36.6282496" lon="101.7318086"/>
 <node id="2458348462" visible="true" version="1" changeset="17837678" timestamp="2013-09-14T18:17:49Z" user="Popolon" uid="27454" lat="36.6357703" lon="101.7223136"/>
 <node id="2458348466" visible="true" version="1" changeset="17837678" timestamp="2013-09-14T18:17:49Z" user="Popolon" uid="27454" lat="36.6251911" lon="101.7284666"/>
 <node id="2458348469" visible="true" version="1" changeset="17837678" timestamp="2013-09-14T18:17:49Z" user="Popolon" uid="27454" lat="36.6345736" lon="101.7284022"/>
 <node id="2458348470" visible="true" version="1" changeset="17837678" timestamp="2013-09-14T18:17:49Z" user="Popolon" uid="27454" lat="36.6249588" lon="101.7308853"/>
 <node id="2458348471" visible="true" version="1" changeset="17837678" timestamp="2013-09-14T18:17:49Z" user="Popolon" uid="27454" lat="36.6344057" lon="101.7294161"/>
 <node id="2458348472" visible="true" version="2" changeset="184532253" timestamp="2026-06-24T16:12:07Z" user="GeoSylvaris" uid="24237008" lat="36.6283659" lon="101.7310281"/>
 <node id="2458348473" visible="true" version="1" changeset="17837678" timestamp="2013-09-14T18:17:49Z" user="Popolon" uid="27454" lat="36.6274773" lon="101.7346135"/>
 <node id="2458348475" visible="true" version="1" changeset="17837678" timestamp="2013-09-14T18:17:49Z" user="Popolon" uid="27454" lat="36.6237404" lon="101.7317302"/>
 <node id="2458348478" visible="true" version="1" changeset="17837678" timestamp="2013-09-14T18:17:49Z" user="Popolon" uid="27454" lat="36.6353742" lon="101.7237754"/>
 <node id="2458348480" visible="true" version="1" changeset="17837678" timestamp="2013-09-14T18:17:49Z" user="Popolon" uid="27454" lat="36.6269069" lon="101.7338652"/>
 <node id="2458348481" visible="true" version="2" changeset="184532253" timestamp="2026-06-24T16:12:07Z" user="GeoSylvaris" uid="24237008" lat="36.6284993" lon="101.7319079"/>
 <node id="2458348482" visible="true" version="1" changeset="17837678" timestamp="2013-09-14T18:17:49Z" user="Popolon" uid="27454" lat="36.6283315" lon="101.7322324"/>
 <node id="2458348483" visible="true" version="1" changeset="17837678" timestamp="2013-09-14T18:17:49Z" user="Popolon" uid="27454" lat="36.6267084" lon="101.7337184"/>
 <node id="2458348484" visible="true" version="1" changeset="17837678" timestamp="2013-09-14T18:17:49Z" user="Popolon" uid="27454" lat="36.6277998" lon="101.7371489"/>
 <node id="2458348485" visible="true" version="1" changeset="17837678" timestamp="2013-09-14T18:17:49Z" user="Popolon" uid="27454" lat="36.6236887" lon="101.7322371"/>
 <node id="2458348486" visible="true" version="2" changeset="184532253" timestamp="2026-06-24T16:12:07Z" user="GeoSylvaris" uid="24237008" lat="36.6287124" lon="101.7322324"/>
 <node id="2458348488" visible="true" version="1" changeset="17837678" timestamp="2013-09-14T18:17:49Z" user="Popolon" uid="27454" lat="36.6275329" lon="101.7347456"/>
 <node id="2458348489" visible="true" version="2" changeset="184569307" timestamp="2026-06-25T07:55:41Z" user="GeoSylvaris" uid="24237008" lat="36.6269349" lon="101.7362899"/>
 <node id="2458348491" visible="true" version="1" changeset="17837678" timestamp="2013-09-14T18:17:49Z" user="Popolon" uid="27454" lat="36.6279785" lon="101.7318381"/>
 <node id="2458348495" visible="true" version="1" changeset="17837678" timestamp="2013-09-14T18:17:49Z" user="Popolon" uid="27454" lat="36.6260863" lon="101.7345552"/>
 <node id="2458348496" visible="true" version="1" changeset="17837678" timestamp="2013-09-14T18:17:49Z" user="Popolon" uid="27454" lat="36.6279896" lon="101.7319447"/>
 <node id="2458348498" visible="true" version="1" changeset="17837678" timestamp="2013-09-14T18:17:49Z" user="Popolon" uid="27454" lat="36.6265395" lon="101.7283498"/>
 <node id="2458348499" visible="true" version="1" changeset="17837678" timestamp="2013-09-14T18:17:49Z" user="Popolon" uid="27454" lat="36.6244120" lon="101.7314271"/>
 <node id="2458348500" visible="true" version="1" changeset="17837678" timestamp="2013-09-14T18:17:49Z" user="Popolon" uid="27454" lat="36.6351375" lon="101.7251219"/>
 <node id="2458348501" visible="true" version="1" changeset="17837678" timestamp="2013-09-14T18:17:49Z" user="Popolon" uid="27454" lat="36.6261186" lon="101.7341314"/>
 <node id="2458348505" visible="true" version="1" changeset="17837678" timestamp="2013-09-14T18:17:49Z" user="Popolon" uid="27454" lat="36.6289428" lon="101.7299069"/>
 <node id="2458348506" visible="true" version="2" changeset="184532253" timestamp="2026-06-24T16:12:07Z" user="GeoSylvaris" uid="24237008" lat="36.6285988" lon="101.7320306"/>
 <node id="2458348507" visible="true" version="1" changeset="17837678" timestamp="2013-09-14T18:17:50Z" user="Popolon" uid="27454" lat="36.6238132" lon="101.7326240"/>
 <node id="2458348509" visible="true" version="1" changeset="17837678" timestamp="2013-09-14T18:17:50Z" user="Popolon" uid="27454" lat="36.6273934" lon="101.7334521"/>
 <node id="2458348510" visible="true" version="1" changeset="17837678" timestamp="2013-09-14T18:17:50Z" user="Popolon" uid="27454" lat="36.6237038" lon="101.7324061"/>
 <node id="2458348514" visible="true" version="1" changeset="17837678" timestamp="2013-09-14T18:17:50Z" user="Popolon" uid="27454" lat="36.6248146" lon="101.7331356"/>
 <node id="2458348515" visible="true" version="1" changeset="17837678" timestamp="2013-09-14T18:17:50Z" user="Popolon" uid="27454" lat="36.6389384" lon="101.7123090"/>
 <node id="2458348517" visible="true" version="1" changeset="17837678" timestamp="2013-09-14T18:17:50Z" user="Popolon" uid="27454" lat="36.6265776" lon="101.7344177"/>
 <node id="2458348518" visible="true" version="1" changeset="17837678" timestamp="2013-09-14T18:17:50Z" user="Popolon" uid="27454" lat="36.6285941" lon="101.7380126"/>
 <node id="2458348520" visible="true" version="1" changeset="17837678" timestamp="2013-09-14T18:17:50Z" user="Popolon" uid="27454" lat="36.6253695" lon="101.7342307"/>
 <node id="2458348521" visible="true" version="2" changeset="184532253" timestamp="2026-06-24T16:12:07Z" user="GeoSylvaris" uid="24237008" lat="36.6281506" lon="101.7317416"/>
 <node id="2458348523" visible="true" version="1" changeset="17837678" timestamp="2013-09-14T18:17:50Z" user="Popolon" uid="27454" lat="36.6284111" lon="101.7378946"/>
 <node id="2458348525" visible="true" version="1" changeset="17837678" timestamp="2013-09-14T18:17:50Z" user="Popolon" uid="27454" lat="36.6393021" lon="101.7111368"/>
 <node id="2458348527" visible="true" version="1" changeset="17837678" timestamp="2013-09-14T18:17:50Z" user="Popolon" uid="27454" lat="36.6266180" lon="101.7344667"/>
 <node id="2458348528" visible="true" version="2" changeset="184532253" timestamp="2026-06-24T16:12:07Z" user="GeoSylvaris" uid="24237008" lat="36.6284137" lon="101.7310033"/>
 <node id="2458348530" visible="true" version="1" changeset="17837678" timestamp="2013-09-14T18:17:50Z" user="Popolon" uid="27454" lat="36.6283444" lon="101.7378114"/>
 <node id="2458348531" visible="true" version="2" changeset="184564321" timestamp="2026-06-25T05:13:23Z" user="GeoSylvaris" uid="24237008" lat="36.6252059" lon="101.7340241"/>
 <node id="2458348533" visible="true" version="1" changeset="17837678" timestamp="2013-09-14T18:17:50Z" user="Popolon" uid="27454" lat="36.6248017" lon="101.7310703"/>
 <node id="2458348534" visible="true" version="1" changeset="17837678" timestamp="2013-09-14T18:17:50Z" user="Popolon" uid="27454" lat="36.6266073" lon="101.7342816"/>
 <node id="2458348536" visible="true" version="1" changeset="17837678" timestamp="2013-09-14T18:17:50Z" user="Popolon" uid="27454" lat="36.6356799" lon="101.7226167"/>
 <node id="2458348537" visible="true" version="1" changeset="17837678" timestamp="2013-09-14T18:17:50Z" user="Popolon" uid="27454" lat="36.6240181" lon="101.7314727"/>
 <node id="2458348538" visible="true" version="1" changeset="17837678" timestamp="2013-09-14T18:17:50Z" user="Popolon" uid="27454" lat="36.6263413" lon="101.7283042"/>
 <node id="2458348539" visible="true" version="1" changeset="17837678" timestamp="2013-09-14T18:17:50Z" user="Popolon" uid="27454" lat="36.6278751" lon="101.7372964"/>
 <node id="2458348540" visible="true" version="2" changeset="184532253" timestamp="2026-06-24T16:12:07Z" user="GeoSylvaris" uid="24237008" lat="36.6288205" lon="101.7323095"/>
 <node id="2458348541" visible="true" version="2" changeset="123818368" timestamp="2022-07-19T17:30:36Z" user="Maps Man" uid="10216874" lat="36.6341034" lon="101.7308284"/>
 <node id="2458348543" visible="true" version="2" changeset="184532253" timestamp="2026-06-24T16:12:07Z" user="GeoSylvaris" uid="24237008" lat="36.6285445" lon="101.7310174"/>
 <node id="2458348544" visible="true" version="1" changeset="17837678" timestamp="2013-09-14T18:17:50Z" user="Popolon" uid="27454" lat="36.6274106" lon="101.7328165"/>
 <node id="2458348547" visible="true" version="1" changeset="17837678" timestamp="2013-09-14T18:17:50Z" user="Popolon" uid="27454" lat="36.6283814" lon="101.7323095"/>
 <node id="2458348550" visible="true" version="1" changeset="17837678" timestamp="2013-09-14T18:17:50Z" user="Popolon" uid="27454" lat="36.6266895" lon="101.7344821"/>
 <node id="2458348553" visible="true" version="2" changeset="184564321" timestamp="2026-06-25T05:13:23Z" user="GeoSylvaris" uid="24237008" lat="36.6253226" lon="101.7342059"/>
 <node id="2458348557" visible="true" version="1" changeset="17837678" timestamp="2013-09-14T18:17:50Z" user="Popolon" uid="27454" lat="36.6357341" lon="101.7224150"/>
 <node id="2458348563" visible="true" version="1" changeset="17837678" timestamp="2013-09-14T18:17:50Z" user="Popolon" uid="27454" lat="36.6274214" lon="101.7329506"/>
 <node id="2458348565" visible="true" version="2" changeset="71472209" timestamp="2019-06-21T08:30:55Z" user="lorenzo23622" uid="476483" lat="36.6275268" lon="101.7368542"/>
 <node id="2458348567" visible="true" version="1" changeset="17837678" timestamp="2013-09-14T18:17:51Z" user="Popolon" uid="27454" lat="36.6375739" lon="101.7162920"/>
 <node id="2458348571" visible="true" version="1" changeset="17837678" timestamp="2013-09-14T18:17:51Z" user="Popolon" uid="27454" lat="36.6280366" lon="101.7375003"/>
 <node id="2458348574" visible="true" version="1" changeset="17837678" timestamp="2013-09-14T18:17:51Z" user="Popolon" uid="27454" lat="36.6283706" lon="101.7325456"/>
 <node id="2458348576" visible="true" version="1" changeset="17837678" timestamp="2013-09-14T18:17:51Z" user="Popolon" uid="27454" lat="36.6261470" lon="101.7345787"/>
 <node id="2458348580" visible="true" version="2" changeset="184532253" timestamp="2026-06-24T16:12:07Z" user="GeoSylvaris" uid="24237008" lat="36.6287017" lon="101.7310817"/>
 <node id="2458348586" visible="true" version="1" changeset="17837678" timestamp="2013-09-14T18:17:51Z" user="Popolon" uid="27454" lat="36.6340742" lon="101.7308083"/>
 <node id="2458348590" visible="true" version="2" changeset="73423121" timestamp="2019-08-16T16:34:41Z" user="takje" uid="9291395" lat="36.6281431" lon="101.7290690"/>
 <node id="2458348594" visible="true" version="1" changeset="17837678" timestamp="2013-09-14T18:17:51Z" user="Popolon" uid="27454" lat="36.6282540" lon="101.7321627"/>
 <node id="2458348596" visible="true" version="1" changeset="17837678" timestamp="2013-09-14T18:17:51Z" user="Popolon" uid="27454" lat="36.6261159" lon="101.7282716"/>
 <node id="2458348600" visible="true" version="2" changeset="184532253" timestamp="2026-06-24T16:12:07Z" user="GeoSylvaris" uid="24237008" lat="36.6281316" lon="101.7316903"/>
 <node id="2458348604" visible="true" version="1" changeset="17837678" timestamp="2013-09-14T18:17:51Z" user="Popolon" uid="27454" lat="36.6262977" lon="101.7342970"/>
 <node id="2458348606" visible="true" version="2" changeset="184532253" timestamp="2026-06-24T16:12:07Z" user="GeoSylvaris" uid="24237008" lat="36.6288442" lon="101.7322666"/>
 <node id="2458348610" visible="true" version="1" changeset="17837678" timestamp="2013-09-14T18:17:51Z" user="Popolon" uid="27454" lat="36.6255615" lon="101.7332054"/>
 <node id="2458348612" visible="true" version="2" changeset="123818368" timestamp="2022-07-19T17:30:36Z" user="Maps Man" uid="10216874" lat="36.6337320" lon="101.7317282"/>
 <node id="2458348616" visible="true" version="1" changeset="17837678" timestamp="2013-09-14T18:17:51Z" user="Popolon" uid="27454" lat="36.6285816" lon="101.7294288"/>
 <node id="2458348620" visible="true" version="1" changeset="17837678" timestamp="2013-09-14T18:17:51Z" user="Popolon" uid="27454" lat="36.6349309" lon="101.7263476"/>
 <node id="2458348622" visible="true" version="2" changeset="184532253" timestamp="2026-06-24T16:12:07Z" user="GeoSylvaris" uid="24237008" lat="36.6288937" lon="101.7316229"/>
 <node id="2458348624" visible="true" version="1" changeset="17837678" timestamp="2013-09-14T18:17:51Z" user="Popolon" uid="27454" lat="36.6253396" lon="101.7298737"/>
 <node id="2458348626" visible="true" version="1" changeset="17837678" timestamp="2013-09-14T18:17:51Z" user="Popolon" uid="27454" lat="36.6248759" lon="101.7284147"/>
 <node id="2458348628" visible="true" version="1" changeset="17837678" timestamp="2013-09-14T18:17:51Z" user="Popolon" uid="27454" lat="36.6280064" lon="101.7317201"/>
 <node id="2458348629" visible="true" version="1" changeset="17837678" timestamp="2013-09-14T18:17:51Z" user="Popolon" uid="27454" lat="36.6241774" lon="101.7327548"/>
 <node id="2458348631" visible="true" version="2" changeset="184532253" timestamp="2026-06-24T16:12:07Z" user="GeoSylvaris" uid="24237008" lat="36.6287624" lon="101.7322934"/>
 <node id="2458348637" visible="true" version="1" changeset="17837678" timestamp="2013-09-14T18:17:52Z" user="Popolon" uid="27454" lat="36.6256343" lon="101.7332731"/>
 <node id="2458348638" visible="true" version="1" changeset="17837678" timestamp="2013-09-14T18:17:52Z" user="Popolon" uid="27454" lat="36.6355314" lon="101.7231022"/>
 <node id="2458348641" visible="true" version="1" changeset="17837678" timestamp="2013-09-14T18:17:52Z" user="Popolon" uid="27454" lat="36.6289191" lon="101.7382271"/>
 <node id="2458348644" visible="true" version="1" changeset="17837678" timestamp="2013-09-14T18:17:52Z" user="Popolon" uid="27454" lat="36.6262090" lon="101.7345364"/>
 <node id="2458348645" visible="true" version="1" changeset="17837678" timestamp="2013-09-14T18:17:52Z" user="Popolon" uid="27454" lat="36.6273869" lon="101.7337070"/>
 <node id="2458348647" visible="true" version="3" changeset="184569307" timestamp="2026-06-25T07:55:41Z" user="GeoSylvaris" uid="24237008" lat="36.6269985" lon="101.7365641"/>
 <node id="2458348649" visible="true" version="1" changeset="17837678" timestamp="2013-09-14T18:17:52Z" user="Popolon" uid="27454" lat="36.6360845" lon="101.7212300"/>
 <node id="2458348653" visible="true" version="1" changeset="17837678" timestamp="2013-09-14T18:17:52Z" user="Popolon" uid="27454" lat="36.6283917" lon="101.7324148"/>
 <node id="2458348655" visible="true" version="1" changeset="17837678" timestamp="2013-09-14T18:17:52Z" user="Popolon" uid="27454" lat="36.6319206" lon="101.7365769">
  <tag k="highway" v="crossing"/>
 </node>
 <node id="2458348656" visible="true" version="1" changeset="17837678" timestamp="2013-09-14T18:17:52Z" user="Popolon" uid="27454" lat="36.6267498" lon="101.7344472"/>
 <node id="2458348657" visible="true" version="1" changeset="17837678" timestamp="2013-09-14T18:17:52Z" user="Popolon" uid="27454" lat="36.6282867" lon="101.7327575"/>
 <node id="2458348658" visible="true" version="1" changeset="17837678" timestamp="2013-09-14T18:17:52Z" user="Popolon" uid="27454" lat="36.6352279" lon="101.7246069"/>
 <node id="2458348660" visible="true" version="1" changeset="17837678" timestamp="2013-09-14T18:17:52Z" user="Popolon" uid="27454" lat="36.6237792" lon="101.7315987"/>
 <node id="2458348662" visible="true" version="1" changeset="17837678" timestamp="2013-09-14T18:17:52Z" user="Popolon" uid="27454" lat="36.6280499" lon="101.7320306"/>
 <node id="2458348663" visible="true" version="2" changeset="184564321" timestamp="2026-06-25T05:13:23Z" user="GeoSylvaris" uid="24237008" lat="36.6252795" lon="101.7341629"/>
 <node id="2458348668" visible="true" version="1" changeset="17837678" timestamp="2013-09-14T18:17:52Z" user="Popolon" uid="27454" lat="36.6279246" lon="101.7335842"/>
 <node id="2458348669" visible="true" version="1" changeset="17837678" timestamp="2013-09-14T18:17:52Z" user="Popolon" uid="27454" lat="36.6260782" lon="101.7342863"/>
 <node id="2458348670" visible="true" version="1" changeset="17837678" timestamp="2013-09-14T18:17:52Z" user="Popolon" uid="27454" lat="36.6244646" lon="101.7285155"/>
 <node id="2458348672" visible="true" version="1" changeset="17837678" timestamp="2013-09-14T18:17:52Z" user="Popolon" uid="27454" lat="36.6268204" lon="101.7342307"/>
 <node id="2458348677" visible="true" version="2" changeset="184532253" timestamp="2026-06-24T16:12:07Z" user="GeoSylvaris" uid="24237008" lat="36.6281528" lon="101.7316128"/>
 <node id="2458348678" visible="true" version="2" changeset="184532253" timestamp="2026-06-24T16:12:07Z" user="GeoSylvaris" uid="24237008" lat="36.6289260" lon="101.7318616"/>
 <node id="2458348680" visible="true" version="1" changeset="17837678" timestamp="2013-09-14T18:17:52Z" user="Popolon" uid="27454" lat="36.6238567" lon="101.7315156"/>
 <node id="2458348681" visible="true" version="2" changeset="184532253" timestamp="2026-06-24T16:12:07Z" user="GeoSylvaris" uid="24237008" lat="36.6288954" lon="101.7314009"/>
 <node id="2458348682" visible="true" version="3" changeset="184569307" timestamp="2026-06-25T07:55:41Z" user="GeoSylvaris" uid="24237008" lat="36.6272059" lon="101.7365537">
  <tag k="entrance" v="service"/>
  <tag k="name" v="西野东门"/>
 </node>
 <node id="2458348683" visible="true" version="1" changeset="17837678" timestamp="2013-09-14T18:17:52Z" user="Popolon" uid="27454" lat="36.6246488" lon="101.7330203"/>
 <node id="2458348685" visible="true" version="1" changeset="17837678" timestamp="2013-09-14T18:17:53Z" user="Popolon" uid="27454" lat="36.6242011" lon="101.7314834"/>
 <node id="2458348686" visible="true" version="1" changeset="17837678" timestamp="2013-09-14T18:17:53Z" user="Popolon" uid="27454" lat="36.6264699" lon="101.7335782"/>
 <node id="2458348687" visible="true" version="2" changeset="73423121" timestamp="2019-08-16T16:34:41Z" user="takje" uid="9291395" lat="36.6286214" lon="101.7292101"/>
 <node id="2986745623" visible="true" version="3" changeset="113511331" timestamp="2021-11-08T08:44:09Z" user="ff5722" uid="3450290" lat="36.6393943" lon="101.7110566"/>
 <node id="3184595298" visible="true" version="1" changeset="26757106" timestamp="2014-11-13T14:10:44Z" user="guanchzhou" uid="348939" lat="36.6389198" lon="101.7123636"/>
 <node id="3385660924" visible="true" version="1" changeset="29285238" timestamp="2015-03-06T09:21:14Z" user="风中的雪花" uid="2728141" lat="36.6293094" lon="101.7373262">
  <tag k="natural" v="tree"/>
 </node>
 <node id="3851472585" visible="true" version="1" changeset="35506424" timestamp="2015-11-22T11:39:37Z" user="katpatuka" uid="17497" lat="36.6188459" lon="101.7235084"/>
 <node id="5320152146" visible="true" version="2" changeset="122499906" timestamp="2022-06-17T09:31:31Z" user="user_8291442" uid="8291442" lat="36.6273687" lon="101.7477834"/>
 <node id="5320152451" visible="true" version="1" changeset="55155969" timestamp="2018-01-04T12:16:28Z" user="jamesks" uid="2500" lat="36.6234133" lon="101.7564601"/>
 <node id="6138541383" visible="true" version="1" changeset="65491713" timestamp="2018-12-15T05:41:10Z" user="katpatuka" uid="17497" lat="36.6189733" lon="101.7225447"/>
 <node id="6138541384" visible="true" version="1" changeset="65491713" timestamp="2018-12-15T05:41:10Z" user="katpatuka" uid="17497" lat="36.6190714" lon="101.7213988"/>
 <node id="6138541785" visible="true" version="1" changeset="65491713" timestamp="2018-12-15T05:41:10Z" user="katpatuka" uid="17497" lat="36.6195251" lon="101.7167234"/>
 <node id="6138541786" visible="true" version="1" changeset="65491713" timestamp="2018-12-15T05:41:10Z" user="katpatuka" uid="17497" lat="36.6196968" lon="101.7206959"/>
 <node id="6138541787" visible="true" version="1" changeset="65491713" timestamp="2018-12-15T05:41:10Z" user="katpatuka" uid="17497" lat="36.6197213" lon="101.7189388"/>
 <node id="6138541788" visible="true" version="1" changeset="65491713" timestamp="2018-12-15T05:41:10Z" user="katpatuka" uid="17497" lat="36.6198194" lon="101.7199473"/>
 <node id="6138541789" visible="true" version="1" changeset="65491713" timestamp="2018-12-15T05:41:10Z" user="katpatuka" uid="17497" lat="36.6199053" lon="101.7176401"/>
 <node id="6138541790" visible="true" version="1" changeset="65491713" timestamp="2018-12-15T05:41:10Z" user="katpatuka" uid="17497" lat="36.6199421" lon="101.7170595"/>
 <node id="6138541791" visible="true" version="1" changeset="65491713" timestamp="2018-12-15T05:41:10Z" user="katpatuka" uid="17497" lat="36.6201628" lon="101.7150885"/>
 <node id="6138541792" visible="true" version="1" changeset="65491713" timestamp="2018-12-15T05:41:10Z" user="katpatuka" uid="17497" lat="36.6206778" lon="101.7163261"/>
 <node id="6138541793" visible="true" version="1" changeset="65491713" timestamp="2018-12-15T05:41:10Z" user="katpatuka" uid="17497" lat="36.6208373" lon="101.7172581"/>
 <node id="6138541794" visible="true" version="1" changeset="65491713" timestamp="2018-12-15T05:41:10Z" user="katpatuka" uid="17497" lat="36.6220758" lon="101.7178540"/>
 <node id="6138541795" visible="true" version="1" changeset="65491713" timestamp="2018-12-15T05:41:10Z" user="katpatuka" uid="17497" lat="36.6235023" lon="101.7185403"/>
 <node id="6138541796" visible="true" version="1" changeset="65491713" timestamp="2018-12-15T05:41:10Z" user="katpatuka" uid="17497" lat="36.6239643" lon="101.7169067"/>
 <node id="6138541797" visible="true" version="1" changeset="65491713" timestamp="2018-12-15T05:41:10Z" user="katpatuka" uid="17497" lat="36.6253131" lon="101.7167386"/>
 <node id="6138541798" visible="true" version="1" changeset="65491713" timestamp="2018-12-15T05:41:10Z" user="katpatuka" uid="17497" lat="36.6265025" lon="101.7165859"/>
 <node id="6138541799" visible="true" version="1" changeset="65491713" timestamp="2018-12-15T05:41:10Z" user="katpatuka" uid="17497" lat="36.6271647" lon="101.7168609"/>
 <node id="6138541800" visible="true" version="1" changeset="65491713" timestamp="2018-12-15T05:41:10Z" user="katpatuka" uid="17497" lat="36.6279985" lon="101.7167386"/>
 <node id="6138541801" visible="true" version="1" changeset="65491713" timestamp="2018-12-15T05:41:10Z" user="katpatuka" uid="17497" lat="36.6293718" lon="101.7169984"/>
 <node id="6138541802" visible="true" version="2" changeset="73423121" timestamp="2019-08-16T16:34:41Z" user="takje" uid="9291395" lat="36.6309633" lon="101.7236382"/>
 <node id="6138541803" visible="true" version="1" changeset="65491713" timestamp="2018-12-15T05:41:10Z" user="katpatuka" uid="17497" lat="36.6308187" lon="101.7167998"/>
 <node id="6138541804" visible="true" version="1" changeset="65491713" timestamp="2018-12-15T05:41:10Z" user="katpatuka" uid="17497" lat="36.6309536" lon="101.7228808"/>
 <node id="6138541805" visible="true" version="2" changeset="73423121" timestamp="2019-08-16T16:34:41Z" user="takje" uid="9291395" lat="36.6311776" lon="101.7217151"/>
 <node id="6138541806" visible="true" version="1" changeset="65491713" timestamp="2018-12-15T05:41:10Z" user="katpatuka" uid="17497" lat="36.6314931" lon="101.7206348"/>
 <node id="6138541807" visible="true" version="1" changeset="65491713" timestamp="2018-12-15T05:41:10Z" user="katpatuka" uid="17497" lat="36.6317873" lon="101.7253408"/>
 <node id="6138541808" visible="true" version="1" changeset="65491713" timestamp="2018-12-15T05:41:10Z" user="katpatuka" uid="17497" lat="36.6319467" lon="101.7246532"/>
 <node id="6138541809" visible="true" version="1" changeset="65491713" timestamp="2018-12-15T05:41:10Z" user="katpatuka" uid="17497" lat="36.6319712" lon="101.7177471"/>
 <node id="6138541810" visible="true" version="1" changeset="65491713" timestamp="2018-12-15T05:41:10Z" user="katpatuka" uid="17497" lat="36.6319958" lon="101.7187096"/>
 <node id="6138541811" visible="true" version="1" changeset="65491713" timestamp="2018-12-15T05:41:10Z" user="katpatuka" uid="17497" lat="36.6320571" lon="101.7238893"/>
 <node id="6138541814" visible="true" version="1" changeset="65491713" timestamp="2018-12-15T05:41:10Z" user="katpatuka" uid="17497" lat="36.6322533" lon="101.7168914"/>
 <node id="6138541815" visible="true" version="1" changeset="65491713" timestamp="2018-12-15T05:41:10Z" user="katpatuka" uid="17497" lat="36.6322533" lon="101.7255241"/>
 <node id="6138541817" visible="true" version="1" changeset="65491713" timestamp="2018-12-15T05:41:10Z" user="katpatuka" uid="17497" lat="36.6326947" lon="101.7240420"/>
 <node id="6138541822" visible="true" version="1" changeset="65491713" timestamp="2018-12-15T05:41:10Z" user="katpatuka" uid="17497" lat="36.6349261" lon="101.7263033"/>
 <node id="6138541823" visible="true" version="1" changeset="65491713" timestamp="2018-12-15T05:41:10Z" user="katpatuka" uid="17497" lat="36.6351223" lon="101.7251269"/>
 <node id="6138541824" visible="true" version="1" changeset="65491713" timestamp="2018-12-15T05:41:10Z" user="katpatuka" uid="17497" lat="36.6352817" lon="101.7276021"/>
 <node id="6138541826" visible="true" version="1" changeset="65491713" timestamp="2018-12-15T05:41:10Z" user="katpatuka" uid="17497" lat="36.6355024" lon="101.7265020"/>
 <node id="6138541827" visible="true" version="1" changeset="65491713" timestamp="2018-12-15T05:41:10Z" user="katpatuka" uid="17497" lat="36.6357476" lon="101.7276937"/>
 <node id="6138541829" visible="true" version="1" changeset="65491713" timestamp="2018-12-15T05:41:10Z" user="katpatuka" uid="17497" lat="36.6371208" lon="101.7336679"/>
 <node id="6138541830" visible="true" version="1" changeset="65491713" timestamp="2018-12-15T05:41:10Z" user="katpatuka" uid="17497" lat="36.6371576" lon="101.7277549"/>
 <node id="6138541831" visible="true" version="1" changeset="65491713" timestamp="2018-12-15T05:41:10Z" user="katpatuka" uid="17497" lat="36.6387269" lon="101.7282896"/>
 <node id="6138541832" visible="true" version="1" changeset="65491713" timestamp="2018-12-15T05:41:10Z" user="katpatuka" uid="17497" lat="36.6423190" lon="101.7366320"/>
 <node id="6138541833" visible="true" version="1" changeset="65491713" timestamp="2018-12-15T05:41:10Z" user="katpatuka" uid="17497" lat="36.6430301" lon="101.7345388"/>
 <node id="6138541834" visible="true" version="1" changeset="65491713" timestamp="2018-12-15T05:41:10Z" user="katpatuka" uid="17497" lat="36.6445380" lon="101.7354249"/>
 <node id="6138541835" visible="true" version="1" changeset="65491713" timestamp="2018-12-15T05:41:10Z" user="katpatuka" uid="17497" lat="36.6455187" lon="101.7327511"/>
 <node id="6138541836" visible="true" version="1" changeset="65491713" timestamp="2018-12-15T05:41:10Z" user="katpatuka" uid="17497" lat="36.6460704" lon="101.7330567"/>
 <node id="6138541837" visible="true" version="1" changeset="65491713" timestamp="2018-12-15T05:41:10Z" user="katpatuka" uid="17497" lat="36.6462420" lon="101.7325372"/>
 <node id="6138541838" visible="true" version="1" changeset="65491713" timestamp="2018-12-15T05:41:10Z" user="katpatuka" uid="17497" lat="36.6471369" lon="101.7330109"/>
 <node id="6138541839" visible="true" version="1" changeset="65491713" timestamp="2018-12-15T05:41:10Z" user="katpatuka" uid="17497" lat="36.6473453" lon="101.7324761"/>
 <node id="6138541840" visible="true" version="1" changeset="65491713" timestamp="2018-12-15T05:41:10Z" user="katpatuka" uid="17497" lat="36.6477008" lon="101.7325678"/>
 <node id="6138541841" visible="true" version="1" changeset="65491713" timestamp="2018-12-15T05:41:10Z" user="katpatuka" uid="17497" lat="36.6485178" lon="101.7323789"/>
 <node id="6138656976" visible="true" version="6" changeset="141655269" timestamp="2023-09-23T17:43:45Z" user="Rukkhadevata" uid="13203370" lat="36.6297021" lon="101.7372889">
  <tag k="alt_name" v="虎台;Hutai Subdistrict"/>
  <tag k="capital" v="8"/>
  <tag k="name" v="虎台街道"/>
  <tag k="name:en" v="Hutai"/>
  <tag k="name:zh" v="虎台街道"/>
  <tag k="name:zh-Latn-pinyin" v="hǔtái jiēdào"/>
  <tag k="official_name" v="虎台街道"/>
  <tag k="place" v="suburb"/>
  <tag k="place:CN" v="subdistrict"/>
  <tag k="population" v="68308"/>
  <tag k="wikidata" v="Q14034961"/>
  <tag k="wikipedia" v="zh:虎台街道"/>
 </node>
 <node id="6716130702" visible="true" version="2" changeset="82067741" timestamp="2020-03-11T15:26:45Z" user="lorenzo23622" uid="476483" lat="36.6322471" lon="101.7121658"/>
 <node id="6716130703" visible="true" version="1" changeset="73423121" timestamp="2019-08-16T16:34:41Z" user="takje" uid="9291395" lat="36.6317890" lon="101.7134828"/>
 <node id="6716130704" visible="true" version="1" changeset="73423121" timestamp="2019-08-16T16:34:41Z" user="takje" uid="9291395" lat="36.6315438" lon="101.7143791"/>
 <node id="6716130705" visible="true" version="1" changeset="73423121" timestamp="2019-08-16T16:34:41Z" user="takje" uid="9291395" lat="36.6312904" lon="101.7153874"/>
 <node id="6716130706" visible="true" version="1" changeset="73423121" timestamp="2019-08-16T16:34:41Z" user="takje" uid="9291395" lat="36.6311637" lon="101.7160189"/>
 <node id="6716130707" visible="true" version="2" changeset="82067741" timestamp="2020-03-11T15:26:45Z" user="lorenzo23622" uid="476483" lat="36.6310133" lon="101.7169710"/>
 <node id="6716130708" visible="true" version="2" changeset="82067741" timestamp="2020-03-11T15:26:45Z" user="lorenzo23622" uid="476483" lat="36.6309400" lon="101.7179785"/>
 <node id="6716130709" visible="true" version="2" changeset="82067741" timestamp="2020-03-11T15:26:45Z" user="lorenzo23622" uid="476483" lat="36.6308952" lon="101.7190765"/>
 <node id="6716130710" visible="true" version="2" changeset="82067741" timestamp="2020-03-11T15:26:45Z" user="lorenzo23622" uid="476483" lat="36.6308707" lon="101.7197069"/>
 <node id="6716130711" visible="true" version="1" changeset="73423121" timestamp="2019-08-16T16:34:41Z" user="takje" uid="9291395" lat="36.6308245" lon="101.7209894"/>
 <node id="6716130712" visible="true" version="1" changeset="73423121" timestamp="2019-08-16T16:34:41Z" user="takje" uid="9291395" lat="36.6307428" lon="101.7224561"/>
 <node id="6716130713" visible="true" version="2" changeset="82067741" timestamp="2020-03-11T15:26:45Z" user="lorenzo23622" uid="476483" lat="36.6306655" lon="101.7239333"/>
 <node id="6716130714" visible="true" version="2" changeset="82067741" timestamp="2020-03-11T15:26:45Z" user="lorenzo23622" uid="476483" lat="36.6305912" lon="101.7253521"/>
 <node id="6716130715" visible="true" version="1" changeset="73423121" timestamp="2019-08-16T16:34:41Z" user="takje" uid="9291395" lat="36.6305548" lon="101.7269427"/>
 <node id="6716130716" visible="true" version="1" changeset="73423121" timestamp="2019-08-16T16:34:41Z" user="takje" uid="9291395" lat="36.6304485" lon="101.7278645"/>
 <node id="6716130717" visible="true" version="1" changeset="73423121" timestamp="2019-08-16T16:34:41Z" user="takje" uid="9291395" lat="36.6302728" lon="101.7287557"/>
 <node id="6716130718" visible="true" version="1" changeset="73423121" timestamp="2019-08-16T16:34:41Z" user="takje" uid="9291395" lat="36.6300194" lon="101.7295705"/>
 <node id="6716130719" visible="true" version="1" changeset="73423121" timestamp="2019-08-16T16:34:41Z" user="takje" uid="9291395" lat="36.6297170" lon="101.7303344"/>
 <node id="6716130720" visible="true" version="1" changeset="73423121" timestamp="2019-08-16T16:34:41Z" user="takje" uid="9291395" lat="36.6294472" lon="101.7309150"/>
 <node id="6716130721" visible="true" version="1" changeset="73423121" timestamp="2019-08-16T16:34:41Z" user="takje" uid="9291395" lat="36.6292102" lon="101.7315261"/>
 <node id="6716130722" visible="true" version="1" changeset="73423121" timestamp="2019-08-16T16:34:41Z" user="takje" uid="9291395" lat="36.6289813" lon="101.7322798"/>
 <node id="6716130723" visible="true" version="1" changeset="73423121" timestamp="2019-08-16T16:34:41Z" user="takje" uid="9291395" lat="36.6287811" lon="101.7331660"/>
 <node id="6716130724" visible="true" version="1" changeset="73423121" timestamp="2019-08-16T16:34:41Z" user="takje" uid="9291395" lat="36.6285195" lon="101.7340775"/>
 <node id="6716130725" visible="true" version="1" changeset="73423121" timestamp="2019-08-16T16:34:41Z" user="takje" uid="9291395" lat="36.6282825" lon="101.7347039"/>
 <node id="6716130726" visible="true" version="1" changeset="73423121" timestamp="2019-08-16T16:34:41Z" user="takje" uid="9291395" lat="36.6279187" lon="101.7353864"/>
 <node id="6716130727" visible="true" version="1" changeset="73423121" timestamp="2019-08-16T16:34:41Z" user="takje" uid="9291395" lat="36.6275345" lon="101.7361604"/>
 <node id="6716130728" visible="true" version="1" changeset="73423121" timestamp="2019-08-16T16:34:41Z" user="takje" uid="9291395" lat="36.6271790" lon="101.7368530"/>
 <node id="6716130729" visible="true" version="1" changeset="73423121" timestamp="2019-08-16T16:34:41Z" user="takje" uid="9291395" lat="36.6265986" lon="101.7379225"/>
 <node id="6716130730" visible="true" version="1" changeset="73423121" timestamp="2019-08-16T16:34:41Z" user="takje" uid="9291395" lat="36.6262185" lon="101.7386558"/>
 <node id="6716130731" visible="true" version="1" changeset="73423121" timestamp="2019-08-16T16:34:41Z" user="takje" uid="9291395" lat="36.6258302" lon="101.7393332"/>
 <node id="6716130755" visible="true" version="1" changeset="73423121" timestamp="2019-08-16T16:34:41Z" user="takje" uid="9291395" lat="36.6321856" lon="101.7127282"/>
 <node id="6716130756" visible="true" version="1" changeset="73423121" timestamp="2019-08-16T16:34:41Z" user="takje" uid="9291395" lat="36.6319033" lon="101.7136548"/>
 <node id="6716130757" visible="true" version="1" changeset="73423121" timestamp="2019-08-16T16:34:41Z" user="takje" uid="9291395" lat="36.6317174" lon="101.7143412"/>
 <node id="6716130758" visible="true" version="1" changeset="73423121" timestamp="2019-08-16T16:34:41Z" user="takje" uid="9291395" lat="36.6314695" lon="101.7153192"/>
 <node id="6716130759" visible="true" version="1" changeset="73423121" timestamp="2019-08-16T16:34:41Z" user="takje" uid="9291395" lat="36.6313146" lon="101.7160785"/>
 <node id="6716130760" visible="true" version="2" changeset="82067741" timestamp="2020-03-11T15:26:45Z" user="lorenzo23622" uid="476483" lat="36.6311612" lon="101.7170779"/>
 <node id="6716130761" visible="true" version="2" changeset="82067741" timestamp="2020-03-11T15:26:45Z" user="lorenzo23622" uid="476483" lat="36.6310559" lon="101.7181106"/>
 <node id="6716130762" visible="true" version="2" changeset="82067741" timestamp="2020-03-11T15:26:45Z" user="lorenzo23622" uid="476483" lat="36.6309974" lon="101.7191209"/>
 <node id="6716130764" visible="true" version="2" changeset="82067741" timestamp="2020-03-11T15:26:45Z" user="lorenzo23622" uid="476483" lat="36.6309335" lon="101.7209292"/>
 <node id="6716130766" visible="true" version="2" changeset="82067741" timestamp="2020-03-11T15:26:45Z" user="lorenzo23622" uid="476483" lat="36.6308184" lon="101.7234979"/>
 <node id="6716130767" visible="true" version="2" changeset="82067741" timestamp="2020-03-11T15:26:45Z" user="lorenzo23622" uid="476483" lat="36.6307839" lon="101.7242803"/>
 <node id="6716130768" visible="true" version="2" changeset="82067741" timestamp="2020-03-11T15:26:45Z" user="lorenzo23622" uid="476483" lat="36.6307238" lon="101.7255388"/>
 <node id="6716130769" visible="true" version="2" changeset="82067741" timestamp="2020-03-11T15:26:45Z" user="lorenzo23622" uid="476483" lat="36.6306912" lon="101.7263597"/>
 <node id="6716130770" visible="true" version="1" changeset="73423121" timestamp="2019-08-16T16:34:41Z" user="takje" uid="9291395" lat="36.6306571" lon="101.7273780"/>
 <node id="6716130771" visible="true" version="1" changeset="73423121" timestamp="2019-08-16T16:34:41Z" user="takje" uid="9291395" lat="36.6305469" lon="101.7282231"/>
 <node id="6716130772" visible="true" version="1" changeset="73423121" timestamp="2019-08-16T16:34:41Z" user="takje" uid="9291395" lat="36.6303645" lon="101.7290381"/>
 <node id="6716130773" visible="true" version="1" changeset="73423121" timestamp="2019-08-16T16:34:41Z" user="takje" uid="9291395" lat="36.6300581" lon="101.7298746"/>
 <node id="6716130774" visible="true" version="1" changeset="73423121" timestamp="2019-08-16T16:34:41Z" user="takje" uid="9291395" lat="36.6297379" lon="101.7306039"/>
 <node id="6716130775" visible="true" version="1" changeset="73423121" timestamp="2019-08-16T16:34:41Z" user="takje" uid="9291395" lat="36.6293592" lon="101.7314833"/>
 <node id="6716130776" visible="true" version="1" changeset="73423121" timestamp="2019-08-16T16:34:41Z" user="takje" uid="9291395" lat="36.6291182" lon="101.7323070"/>
 <node id="6716130777" visible="true" version="1" changeset="73423121" timestamp="2019-08-16T16:34:41Z" user="takje" uid="9291395" lat="36.6289048" lon="101.7332336"/>
 <node id="6716130778" visible="true" version="1" changeset="73423121" timestamp="2019-08-16T16:34:41Z" user="takje" uid="9291395" lat="36.6287292" lon="101.7338556"/>
 <node id="6716130779" visible="true" version="1" changeset="73423121" timestamp="2019-08-16T16:34:41Z" user="takje" uid="9291395" lat="36.6285158" lon="101.7346407"/>
 <node id="6716130780" visible="true" version="1" changeset="73423121" timestamp="2019-08-16T16:34:41Z" user="takje" uid="9291395" lat="36.6281921" lon="101.7353184"/>
 <node id="6716130781" visible="true" version="1" changeset="73423121" timestamp="2019-08-16T16:34:41Z" user="takje" uid="9291395" lat="36.6278272" lon="101.7359533"/>
 <node id="6716130782" visible="true" version="1" changeset="73423121" timestamp="2019-08-16T16:34:41Z" user="takje" uid="9291395" lat="36.6273900" lon="101.7368027"/>
 <node id="6716130783" visible="true" version="1" changeset="73423121" timestamp="2019-08-16T16:34:41Z" user="takje" uid="9291395" lat="36.6269252" lon="101.7377079"/>
 <node id="6716130784" visible="true" version="1" changeset="73423121" timestamp="2019-08-16T16:34:41Z" user="takje" uid="9291395" lat="36.6259544" lon="101.7394796"/>
 <node id="6716130785" visible="true" version="1" changeset="73423121" timestamp="2019-08-16T16:34:41Z" user="takje" uid="9291395" lat="36.6300845" lon="101.7300555"/>
 <node id="6716130786" visible="true" version="1" changeset="73423121" timestamp="2019-08-16T16:34:41Z" user="takje" uid="9291395" lat="36.6298143" lon="101.7297729"/>
 <node id="6716130787" visible="true" version="1" changeset="73423121" timestamp="2019-08-16T16:34:41Z" user="takje" uid="9291395" lat="36.6299136" lon="101.7293810"/>
 <node id="6716130788" visible="true" version="2" changeset="82067741" timestamp="2020-03-11T15:26:45Z" user="lorenzo23622" uid="476483" lat="36.6303768" lon="101.7302605"/>
 <node id="6716130790" visible="true" version="1" changeset="73423121" timestamp="2019-08-16T16:34:41Z" user="takje" uid="9291395" lat="36.6297303" lon="101.7291614"/>
 <node id="6716130791" visible="true" version="1" changeset="73423121" timestamp="2019-08-16T16:34:41Z" user="takje" uid="9291395" lat="36.6291976" lon="101.7290450"/>
 <node id="6716130792" visible="true" version="1" changeset="73423121" timestamp="2019-08-16T16:34:41Z" user="takje" uid="9291395" lat="36.6289222" lon="101.7292151"/>
 <node id="6716130793" visible="true" version="1" changeset="73423121" timestamp="2019-08-16T16:34:41Z" user="takje" uid="9291395" lat="36.6287428" lon="101.7291837"/>
 <node id="6716130794" visible="true" version="1" changeset="73423121" timestamp="2019-08-16T16:34:41Z" user="takje" uid="9291395" lat="36.6288187" lon="101.7290957"/>
 <node id="6716130795" visible="true" version="1" changeset="73423121" timestamp="2019-08-16T16:34:41Z" user="takje" uid="9291395" lat="36.6289579" lon="101.7289729"/>
 <node id="6716130796" visible="true" version="1" changeset="73423121" timestamp="2019-08-16T16:34:41Z" user="takje" uid="9291395" lat="36.6290816" lon="101.7288669"/>
 <node id="6716130797" visible="true" version="1" changeset="73423121" timestamp="2019-08-16T16:34:41Z" user="takje" uid="9291395" lat="36.6292421" lon="101.7287777"/>
 <node id="6716130798" visible="true" version="1" changeset="73423121" timestamp="2019-08-16T16:34:41Z" user="takje" uid="9291395" lat="36.6293542" lon="101.7287561"/>
 <node id="6716130799" visible="true" version="1" changeset="73423121" timestamp="2019-08-16T16:34:41Z" user="takje" uid="9291395" lat="36.6295475" lon="101.7288187"/>
 <node id="6716130800" visible="true" version="1" changeset="73423121" timestamp="2019-08-16T16:34:41Z" user="takje" uid="9291395" lat="36.6297215" lon="101.7288548"/>
 <node id="6716130801" visible="true" version="1" changeset="73423121" timestamp="2019-08-16T16:34:41Z" user="takje" uid="9291395" lat="36.6298317" lon="101.7287681"/>
 <node id="6716130802" visible="true" version="1" changeset="73423121" timestamp="2019-08-16T16:34:41Z" user="takje" uid="9291395" lat="36.6299226" lon="101.7286043"/>
 <node id="6716130803" visible="true" version="1" changeset="73423121" timestamp="2019-08-16T16:34:41Z" user="takje" uid="9291395" lat="36.6300096" lon="101.7283803"/>
 <node id="6716130804" visible="true" version="1" changeset="73423121" timestamp="2019-08-16T16:34:41Z" user="takje" uid="9291395" lat="36.6301140" lon="101.7280767"/>
 <node id="6716130805" visible="true" version="1" changeset="73423121" timestamp="2019-08-16T16:34:41Z" user="takje" uid="9291395" lat="36.6301294" lon="101.7278840"/>
 <node id="6716130806" visible="true" version="1" changeset="73423121" timestamp="2019-08-16T16:34:41Z" user="takje" uid="9291395" lat="36.6300985" lon="101.7276479"/>
 <node id="6716130807" visible="true" version="1" changeset="73423121" timestamp="2019-08-16T16:34:41Z" user="takje" uid="9291395" lat="36.6300386" lon="101.7272649"/>
 <node id="6716130808" visible="true" version="1" changeset="73423121" timestamp="2019-08-16T16:34:41Z" user="takje" uid="9291395" lat="36.6299767" lon="101.7268867"/>
 <node id="6716130809" visible="true" version="1" changeset="73423121" timestamp="2019-08-16T16:34:41Z" user="takje" uid="9291395" lat="36.6299284" lon="101.7264507"/>
 <node id="6716130810" visible="true" version="1" changeset="73423121" timestamp="2019-08-16T16:34:41Z" user="takje" uid="9291395" lat="36.6299052" lon="101.7259400"/>
 <node id="6716130811" visible="true" version="1" changeset="73423121" timestamp="2019-08-16T16:34:41Z" user="takje" uid="9291395" lat="36.6299226" lon="101.7256629"/>
 <node id="6716130812" visible="true" version="1" changeset="73423121" timestamp="2019-08-16T16:34:41Z" user="takje" uid="9291395" lat="36.6299168" lon="101.7252968"/>
 <node id="6716130813" visible="true" version="1" changeset="73423121" timestamp="2019-08-16T16:34:41Z" user="takje" uid="9291395" lat="36.6298298" lon="101.7249884"/>
 <node id="6716130814" visible="true" version="1" changeset="73423121" timestamp="2019-08-16T16:34:41Z" user="takje" uid="9291395" lat="36.6297061" lon="101.7248656"/>
 <node id="6716130815" visible="true" version="1" changeset="73423121" timestamp="2019-08-16T16:34:41Z" user="takje" uid="9291395" lat="36.6295843" lon="101.7248150"/>
 <node id="6716130816" visible="true" version="1" changeset="73423121" timestamp="2019-08-16T16:34:41Z" user="takje" uid="9291395" lat="36.6294663" lon="101.7248463"/>
 <node id="6716130817" visible="true" version="1" changeset="73423121" timestamp="2019-08-16T16:34:41Z" user="takje" uid="9291395" lat="36.6292459" lon="101.7250246"/>
 <node id="6716130818" visible="true" version="1" changeset="73423121" timestamp="2019-08-16T16:34:41Z" user="takje" uid="9291395" lat="36.6289482" lon="101.7253064"/>
 <node id="6716130819" visible="true" version="1" changeset="73423121" timestamp="2019-08-16T16:34:41Z" user="takje" uid="9291395" lat="36.6286853" lon="101.7255497"/>
 <node id="6716130820" visible="true" version="1" changeset="73423121" timestamp="2019-08-16T16:34:41Z" user="takje" uid="9291395" lat="36.6285171" lon="101.7256967"/>
 <node id="6716130821" visible="true" version="1" changeset="73423121" timestamp="2019-08-16T16:34:41Z" user="takje" uid="9291395" lat="36.6283296" lon="101.7258003"/>
 <node id="6716130822" visible="true" version="1" changeset="73423121" timestamp="2019-08-16T16:34:41Z" user="takje" uid="9291395" lat="36.6281691" lon="101.7257858"/>
 <node id="6716130823" visible="true" version="1" changeset="73423121" timestamp="2019-08-16T16:34:41Z" user="takje" uid="9291395" lat="36.6279429" lon="101.7257328"/>
 <node id="6716130824" visible="true" version="1" changeset="73423121" timestamp="2019-08-16T16:34:41Z" user="takje" uid="9291395" lat="36.6275157" lon="101.7256437"/>
 <node id="6716130825" visible="true" version="1" changeset="73423121" timestamp="2019-08-16T16:34:41Z" user="takje" uid="9291395" lat="36.6273765" lon="101.7256148"/>
 <node id="6716130826" visible="true" version="1" changeset="73423121" timestamp="2019-08-16T16:34:41Z" user="takje" uid="9291395" lat="36.6272682" lon="101.7256220"/>
 <node id="6716130827" visible="true" version="1" changeset="73423121" timestamp="2019-08-16T16:34:41Z" user="takje" uid="9291395" lat="36.6271580" lon="101.7256678"/>
 <node id="6716130828" visible="true" version="1" changeset="73423121" timestamp="2019-08-16T16:34:41Z" user="takje" uid="9291395" lat="36.6270981" lon="101.7257810"/>
 <node id="6716130829" visible="true" version="1" changeset="73423121" timestamp="2019-08-16T16:34:41Z" user="takje" uid="9291395" lat="36.6271213" lon="101.7259327"/>
 <node id="6716130830" visible="true" version="1" changeset="73423121" timestamp="2019-08-16T16:34:41Z" user="takje" uid="9291395" lat="36.6272334" lon="101.7260267"/>
 <node id="6716130831" visible="true" version="1" changeset="73423121" timestamp="2019-08-16T16:34:41Z" user="takje" uid="9291395" lat="36.6274152" lon="101.7261182"/>
 <node id="6716130832" visible="true" version="1" changeset="73423121" timestamp="2019-08-16T16:34:41Z" user="takje" uid="9291395" lat="36.6275717" lon="101.7262820"/>
 <node id="6716130833" visible="true" version="2" changeset="113511331" timestamp="2021-11-08T08:44:09Z" user="ff5722" uid="3450290" lat="36.6277410" lon="101.7263971"/>
 <node id="7285295659" visible="true" version="1" changeset="82067741" timestamp="2020-03-11T15:26:45Z" user="lorenzo23622" uid="476483" lat="36.6323618" lon="101.7122332"/>
 <node id="7285300088" visible="true" version="1" changeset="82067741" timestamp="2020-03-11T15:26:45Z" user="lorenzo23622" uid="476483" lat="36.6314809" lon="101.7152743"/>
 <node id="7285300108" visible="true" version="1" changeset="82067741" timestamp="2020-03-11T15:26:45Z" user="lorenzo23622" uid="476483" lat="36.6287715" lon="101.7337058"/>
 <node id="7285300109" visible="true" version="1" changeset="82067741" timestamp="2020-03-11T15:26:45Z" user="lorenzo23622" uid="476483" lat="36.6290221" lon="101.7330408"/>
 <node id="7285300110" visible="true" version="1" changeset="82067741" timestamp="2020-03-11T15:26:45Z" user="lorenzo23622" uid="476483" lat="36.6291495" lon="101.7325271"/>
 <node id="7285300111" visible="true" version="1" changeset="82067741" timestamp="2020-03-11T15:26:45Z" user="lorenzo23622" uid="476483" lat="36.6293556" lon="101.7318360"/>
 <node id="7285300112" visible="true" version="1" changeset="82067741" timestamp="2020-03-11T15:26:45Z" user="lorenzo23622" uid="476483" lat="36.6296704" lon="101.7310514"/>
 <node id="7285300113" visible="true" version="1" changeset="82067741" timestamp="2020-03-11T15:26:45Z" user="lorenzo23622" uid="476483" lat="36.6299328" lon="101.7304817"/>
 <node id="7285300114" visible="true" version="1" changeset="82067741" timestamp="2020-03-11T15:26:45Z" user="lorenzo23622" uid="476483" lat="36.6300602" lon="101.7303603"/>
 <node id="7285300115" visible="true" version="1" changeset="82067741" timestamp="2020-03-11T15:26:45Z" user="lorenzo23622" uid="476483" lat="36.6302176" lon="101.7302902"/>
 <node id="7285300116" visible="true" version="1" changeset="82067741" timestamp="2020-03-11T15:26:45Z" user="lorenzo23622" uid="476483" lat="36.6303637" lon="101.7299540"/>
 <node id="7285300117" visible="true" version="1" changeset="82067741" timestamp="2020-03-11T15:26:45Z" user="lorenzo23622" uid="476483" lat="36.6303712" lon="101.7297158"/>
 <node id="7285300118" visible="true" version="1" changeset="82067741" timestamp="2020-03-11T15:26:45Z" user="lorenzo23622" uid="476483" lat="36.6304125" lon="101.7294963"/>
 <node id="7285300119" visible="true" version="1" changeset="82067741" timestamp="2020-03-11T15:26:45Z" user="lorenzo23622" uid="476483" lat="36.6305736" lon="101.7289546"/>
 <node id="7285300120" visible="true" version="1" changeset="82067741" timestamp="2020-03-11T15:26:45Z" user="lorenzo23622" uid="476483" lat="36.6307460" lon="101.7281327"/>
 <node id="7285300121" visible="true" version="1" changeset="82067741" timestamp="2020-03-11T15:26:45Z" user="lorenzo23622" uid="476483" lat="36.6308397" lon="101.7274182"/>
 <node id="7285300122" visible="true" version="1" changeset="82067741" timestamp="2020-03-11T15:26:45Z" user="lorenzo23622" uid="476483" lat="36.6309709" lon="101.7260919"/>
 <node id="7285300123" visible="true" version="1" changeset="82067741" timestamp="2020-03-11T15:26:45Z" user="lorenzo23622" uid="476483" lat="36.6309709" lon="101.7257650"/>
 <node id="7285300124" visible="true" version="1" changeset="82067741" timestamp="2020-03-11T15:26:45Z" user="lorenzo23622" uid="476483" lat="36.6309334" lon="101.7255548"/>
 <node id="7285300125" visible="true" version="1" changeset="82067741" timestamp="2020-03-11T15:26:45Z" user="lorenzo23622" uid="476483" lat="36.6308734" lon="101.7253774"/>
 <node id="7285300126" visible="true" version="1" changeset="82067741" timestamp="2020-03-11T15:26:45Z" user="lorenzo23622" uid="476483" lat="36.6307423" lon="101.7251532"/>
 <node id="7285300127" visible="true" version="1" changeset="82067741" timestamp="2020-03-11T15:26:45Z" user="lorenzo23622" uid="476483" lat="36.6305586" lon="101.7249898"/>
 <node id="7285300128" visible="true" version="1" changeset="82067741" timestamp="2020-03-11T15:26:45Z" user="lorenzo23622" uid="476483" lat="36.6303525" lon="101.7248590"/>
 <node id="7285300129" visible="true" version="1" changeset="82067741" timestamp="2020-03-11T15:26:45Z" user="lorenzo23622" uid="476483" lat="36.6300939" lon="101.7246862"/>
 <node id="7285300130" visible="true" version="1" changeset="82067741" timestamp="2020-03-11T15:26:45Z" user="lorenzo23622" uid="476483" lat="36.6300002" lon="101.7245648"/>
 <node id="7285300131" visible="true" version="1" changeset="82067741" timestamp="2020-03-11T15:26:45Z" user="lorenzo23622" uid="476483" lat="36.6299515" lon="101.7244060"/>
 <node id="7285300132" visible="true" version="1" changeset="82067741" timestamp="2020-03-11T15:26:45Z" user="lorenzo23622" uid="476483" lat="36.6299440" lon="101.7242706"/>
 <node id="7285300133" visible="true" version="1" changeset="82067741" timestamp="2020-03-11T15:26:45Z" user="lorenzo23622" uid="476483" lat="36.6299702" lon="101.7241398"/>
 <node id="7285300134" visible="true" version="1" changeset="82067741" timestamp="2020-03-11T15:26:45Z" user="lorenzo23622" uid="476483" lat="36.6300864" lon="101.7239997"/>
 <node id="7285300135" visible="true" version="1" changeset="82067741" timestamp="2020-03-11T15:26:45Z" user="lorenzo23622" uid="476483" lat="36.6301951" lon="101.7239624"/>
 <node id="7285300136" visible="true" version="1" changeset="82067741" timestamp="2020-03-11T15:26:45Z" user="lorenzo23622" uid="476483" lat="36.6302925" lon="101.7239577"/>
 <node id="7285300137" visible="true" version="1" changeset="82067741" timestamp="2020-03-11T15:26:45Z" user="lorenzo23622" uid="476483" lat="36.6304012" lon="101.7240044"/>
 <node id="7285300138" visible="true" version="1" changeset="82067741" timestamp="2020-03-11T15:26:45Z" user="lorenzo23622" uid="476483" lat="36.6304799" lon="101.7241025"/>
 <node id="7285300139" visible="true" version="1" changeset="82067741" timestamp="2020-03-11T15:26:45Z" user="lorenzo23622" uid="476483" lat="36.6305886" lon="101.7243687"/>
 <node id="7285300140" visible="true" version="1" changeset="82067741" timestamp="2020-03-11T15:26:45Z" user="lorenzo23622" uid="476483" lat="36.6306224" lon="101.7247829"/>
 <node id="7285300141" visible="true" version="1" changeset="82067741" timestamp="2020-03-11T15:26:45Z" user="lorenzo23622" uid="476483" lat="36.6304973" lon="101.7249509"/>
 <node id="7285300142" visible="true" version="1" changeset="82067741" timestamp="2020-03-11T15:26:45Z" user="lorenzo23622" uid="476483" lat="36.6308301" lon="101.7253033"/>
 <node id="7285300143" visible="true" version="1" changeset="82067741" timestamp="2020-03-11T15:26:45Z" user="lorenzo23622" uid="476483" lat="36.6307744" lon="101.7218881"/>
 <node id="7285300144" visible="true" version="1" changeset="82067741" timestamp="2020-03-11T15:26:45Z" user="lorenzo23622" uid="476483" lat="36.6305961" lon="101.7228976"/>
 <node id="7285300145" visible="true" version="1" changeset="82067741" timestamp="2020-03-11T15:26:45Z" user="lorenzo23622" uid="476483" lat="36.6305249" lon="101.7232479"/>
 <node id="7285300146" visible="true" version="1" changeset="82067741" timestamp="2020-03-11T15:26:45Z" user="lorenzo23622" uid="476483" lat="36.6304087" lon="101.7234954"/>
 <node id="7285300147" visible="true" version="1" changeset="82067741" timestamp="2020-03-11T15:26:45Z" user="lorenzo23622" uid="476483" lat="36.6302438" lon="101.7237289"/>
 <node id="7285300148" visible="true" version="1" changeset="82067741" timestamp="2020-03-11T15:26:45Z" user="lorenzo23622" uid="476483" lat="36.6300227" lon="101.7239764"/>
 <node id="7285300149" visible="true" version="1" changeset="82067741" timestamp="2020-03-11T15:26:45Z" user="lorenzo23622" uid="476483" lat="36.6299028" lon="101.7241352"/>
 <node id="7285300150" visible="true" version="1" changeset="82067741" timestamp="2020-03-11T15:26:45Z" user="lorenzo23622" uid="476483" lat="36.6298541" lon="101.7243640"/>
 <node id="7285300151" visible="true" version="1" changeset="82067741" timestamp="2020-03-11T15:26:45Z" user="lorenzo23622" uid="476483" lat="36.6299065" lon="101.7245928"/>
 <node id="7285300152" visible="true" version="1" changeset="82067741" timestamp="2020-03-11T15:26:45Z" user="lorenzo23622" uid="476483" lat="36.6300414" lon="101.7247563"/>
 <node id="7285300153" visible="true" version="1" changeset="82067741" timestamp="2020-03-11T15:26:45Z" user="lorenzo23622" uid="476483" lat="36.6301988" lon="101.7248730"/>
 <node id="7285300154" visible="true" version="1" changeset="82067741" timestamp="2020-03-11T15:26:45Z" user="lorenzo23622" uid="476483" lat="36.6304724" lon="101.7250131"/>
 <node id="7285300155" visible="true" version="1" changeset="82067741" timestamp="2020-03-11T15:26:45Z" user="lorenzo23622" uid="476483" lat="36.6305661" lon="101.7250785"/>
 <node id="7285300156" visible="true" version="1" changeset="82067741" timestamp="2020-03-11T15:26:45Z" user="lorenzo23622" uid="476483" lat="36.6307085" lon="101.7252233"/>
 <node id="7285300157" visible="true" version="1" changeset="82067741" timestamp="2020-03-11T15:26:45Z" user="lorenzo23622" uid="476483" lat="36.6308210" lon="101.7254194"/>
 <node id="7285300158" visible="true" version="1" changeset="82067741" timestamp="2020-03-11T15:26:45Z" user="lorenzo23622" uid="476483" lat="36.6308509" lon="101.7255175"/>
 <node id="7285300159" visible="true" version="1" changeset="82067741" timestamp="2020-03-11T15:26:45Z" user="lorenzo23622" uid="476483" lat="36.6309034" lon="101.7257370"/>
 <node id="7285300160" visible="true" version="1" changeset="82067741" timestamp="2020-03-11T15:26:45Z" user="lorenzo23622" uid="476483" lat="36.6309109" lon="101.7259518"/>
 <node id="7285300161" visible="true" version="1" changeset="82067741" timestamp="2020-03-11T15:26:45Z" user="lorenzo23622" uid="476483" lat="36.6308772" lon="101.7263861"/>
 <node id="7285300162" visible="true" version="1" changeset="82067741" timestamp="2020-03-11T15:26:45Z" user="lorenzo23622" uid="476483" lat="36.6307947" lon="101.7272454"/>
 <node id="7285300163" visible="true" version="1" changeset="82067741" timestamp="2020-03-11T15:26:45Z" user="lorenzo23622" uid="476483" lat="36.6307010" lon="101.7279599"/>
 <node id="7285300164" visible="true" version="1" changeset="82067741" timestamp="2020-03-11T15:26:45Z" user="lorenzo23622" uid="476483" lat="36.6306111" lon="101.7285483"/>
 <node id="7285300165" visible="true" version="1" changeset="82067741" timestamp="2020-03-11T15:26:45Z" user="lorenzo23622" uid="476483" lat="36.6304912" lon="101.7290480"/>
 <node id="7285300166" visible="true" version="1" changeset="82067741" timestamp="2020-03-11T15:26:45Z" user="lorenzo23622" uid="476483" lat="36.6303375" lon="101.7295430"/>
 <node id="7285300167" visible="true" version="1" changeset="82067741" timestamp="2020-03-11T15:26:45Z" user="lorenzo23622" uid="476483" lat="36.6301422" lon="101.7300960"/>
 <node id="7285300168" visible="true" version="1" changeset="82067741" timestamp="2020-03-11T15:26:45Z" user="lorenzo23622" uid="476483" lat="36.6308553" lon="101.7272607"/>
 <node id="7285300169" visible="true" version="1" changeset="82067741" timestamp="2020-03-11T15:26:45Z" user="lorenzo23622" uid="476483" lat="36.6310271" lon="101.7265776"/>
 <node id="7285300170" visible="true" version="1" changeset="82067741" timestamp="2020-03-11T15:26:45Z" user="lorenzo23622" uid="476483" lat="36.6310870" lon="101.7261433"/>
 <node id="7285300171" visible="true" version="1" changeset="82067741" timestamp="2020-03-11T15:26:45Z" user="lorenzo23622" uid="476483" lat="36.6310870" lon="101.7255875"/>
 <node id="7285300172" visible="true" version="1" changeset="82067741" timestamp="2020-03-11T15:26:45Z" user="lorenzo23622" uid="476483" lat="36.6310383" lon="101.7250832"/>
 <node id="7285300173" visible="true" version="1" changeset="82067741" timestamp="2020-03-11T15:26:45Z" user="lorenzo23622" uid="476483" lat="36.6309259" lon="101.7242659"/>
 <node id="7285300174" visible="true" version="1" changeset="82067741" timestamp="2020-03-11T15:26:45Z" user="lorenzo23622" uid="476483" lat="36.6308847" lon="101.7237475"/>
 <node id="7285300175" visible="true" version="1" changeset="82067741" timestamp="2020-03-11T15:26:45Z" user="lorenzo23622" uid="476483" lat="36.6308503" lon="101.7226172"/>
 <node id="9234791649" visible="true" version="1" changeset="113511331" timestamp="2021-11-08T08:44:09Z" user="ff5722" uid="3450290" lat="36.6286390" lon="101.7233635"/>
 <node id="9234791650" visible="true" version="1" changeset="113511331" timestamp="2021-11-08T08:44:09Z" user="ff5722" uid="3450290" lat="36.6291332" lon="101.7234839"/>
 <node id="9234791651" visible="true" version="1" changeset="113511331" timestamp="2021-11-08T08:44:09Z" user="ff5722" uid="3450290" lat="36.6294740" lon="101.7234697"/>
 <node id="9234791652" visible="true" version="1" changeset="113511331" timestamp="2021-11-08T08:44:09Z" user="ff5722" uid="3450290" lat="36.6295308" lon="101.7235122"/>
 <node id="9234791653" visible="true" version="1" changeset="113511331" timestamp="2021-11-08T08:44:09Z" user="ff5722" uid="3450290" lat="36.6295820" lon="101.7236396"/>
 <node id="9234791654" visible="true" version="1" changeset="113511331" timestamp="2021-11-08T08:44:09Z" user="ff5722" uid="3450290" lat="36.6295308" lon="101.7244678"/>
 <node id="9234791655" visible="true" version="1" changeset="113511331" timestamp="2021-11-08T08:44:09Z" user="ff5722" uid="3450290" lat="36.6295990" lon="101.7245527"/>
 <node id="9234791656" visible="true" version="1" changeset="113511331" timestamp="2021-11-08T08:44:09Z" user="ff5722" uid="3450290" lat="36.6300648" lon="101.7251331"/>
 <node id="9234791657" visible="true" version="2" changeset="184532253" timestamp="2026-06-24T16:12:07Z" user="GeoSylvaris" uid="24237008" lat="36.6302230" lon="101.7256676"/>
 <node id="9234791658" visible="true" version="2" changeset="184532253" timestamp="2026-06-24T16:12:07Z" user="GeoSylvaris" uid="24237008" lat="36.6302190" lon="101.7261331"/>
 <node id="9234791659" visible="true" version="1" changeset="113511331" timestamp="2021-11-08T08:44:09Z" user="ff5722" uid="3450290" lat="36.6302807" lon="101.7265842"/>
 <node id="9234791660" visible="true" version="1" changeset="113511331" timestamp="2021-11-08T08:44:09Z" user="ff5722" uid="3450290" lat="36.6304227" lon="101.7270231"/>
 <node id="9234791661" visible="true" version="1" changeset="113511331" timestamp="2021-11-08T08:44:09Z" user="ff5722" uid="3450290" lat="36.6303829" lon="101.7276601"/>
 <node id="9234791662" visible="true" version="1" changeset="113511331" timestamp="2021-11-08T08:44:09Z" user="ff5722" uid="3450290" lat="36.6301614" lon="101.7287148"/>
 <node id="9234791663" visible="true" version="1" changeset="113511331" timestamp="2021-11-08T08:44:09Z" user="ff5722" uid="3450290" lat="36.6273475" lon="101.7298834"/>
 <node id="9234791664" visible="true" version="1" changeset="113511331" timestamp="2021-11-08T08:44:09Z" user="ff5722" uid="3450290" lat="36.6273475" lon="101.7300235"/>
 <node id="9234791665" visible="true" version="1" changeset="113511331" timestamp="2021-11-08T08:44:09Z" user="ff5722" uid="3450290" lat="36.6270702" lon="101.7301823"/>
 <node id="9234791666" visible="true" version="1" changeset="113511331" timestamp="2021-11-08T08:44:09Z" user="ff5722" uid="3450290" lat="36.6265829" lon="101.7300702"/>
 <node id="9234791667" visible="true" version="1" changeset="113511331" timestamp="2021-11-08T08:44:09Z" user="ff5722" uid="3450290" lat="36.6261932" lon="101.7296873"/>
 <node id="9234791668" visible="true" version="1" changeset="113511331" timestamp="2021-11-08T08:44:09Z" user="ff5722" uid="3450290" lat="36.6260432" lon="101.7293977"/>
 <node id="9234791669" visible="true" version="1" changeset="113511331" timestamp="2021-11-08T08:44:09Z" user="ff5722" uid="3450290" lat="36.6257359" lon="101.7292203"/>
 <node id="9234791670" visible="true" version="1" changeset="113511331" timestamp="2021-11-08T08:44:09Z" user="ff5722" uid="3450290" lat="36.6256834" lon="101.7290708"/>
 <node id="9234791671" visible="true" version="1" changeset="113511331" timestamp="2021-11-08T08:44:09Z" user="ff5722" uid="3450290" lat="36.6257584" lon="101.7287159"/>
 <node id="9234791672" visible="true" version="1" changeset="113511331" timestamp="2021-11-08T08:44:09Z" user="ff5722" uid="3450290" lat="36.6259233" lon="101.7287533"/>
 <node id="9234791673" visible="true" version="1" changeset="113511331" timestamp="2021-11-08T08:44:09Z" user="ff5722" uid="3450290" lat="36.6262756" lon="101.7291829"/>
 <node id="9234791674" visible="true" version="1" changeset="113511331" timestamp="2021-11-08T08:44:09Z" user="ff5722" uid="3450290" lat="36.6268903" lon="101.7296219"/>
 <node id="9234791675" visible="true" version="1" changeset="113511331" timestamp="2021-11-08T08:44:09Z" user="ff5722" uid="3450290" lat="36.6271676" lon="101.7296312"/>
 <node id="9234791676" visible="true" version="1" changeset="113511331" timestamp="2021-11-08T08:44:09Z" user="ff5722" uid="3450290" lat="36.6300983" lon="101.7283890"/>
 <node id="9234791677" visible="true" version="1" changeset="113511331" timestamp="2021-11-08T08:44:09Z" user="ff5722" uid="3450290" lat="36.6292364" lon="101.7307614"/>
 <node id="9234791678" visible="true" version="1" changeset="113511331" timestamp="2021-11-08T08:44:09Z" user="ff5722" uid="3450290" lat="36.6283069" lon="101.7340864"/>
 <node id="9234791679" visible="true" version="1" changeset="113511331" timestamp="2021-11-08T08:44:09Z" user="ff5722" uid="3450290" lat="36.6271901" lon="101.7363654"/>
 <node id="9234791680" visible="true" version="1" changeset="113511331" timestamp="2021-11-08T08:44:09Z" user="ff5722" uid="3450290" lat="36.6268903" lon="101.7366456"/>
 <node id="9234791681" visible="true" version="1" changeset="113511331" timestamp="2021-11-08T08:44:09Z" user="ff5722" uid="3450290" lat="36.6266654" lon="101.7364681"/>
 <node id="9234791682" visible="true" version="1" changeset="113511331" timestamp="2021-11-08T08:44:09Z" user="ff5722" uid="3450290" lat="36.6267179" lon="101.7358143"/>
 <node id="9234791683" visible="true" version="1" changeset="113511331" timestamp="2021-11-08T08:44:09Z" user="ff5722" uid="3450290" lat="36.6264855" lon="101.7350111"/>
 <node id="9234791684" visible="true" version="1" changeset="113511331" timestamp="2021-11-08T08:44:09Z" user="ff5722" uid="3450290" lat="36.6255185" lon="101.7344974"/>
 <node id="9234791685" visible="true" version="1" changeset="113511331" timestamp="2021-11-08T08:44:09Z" user="ff5722" uid="3450290" lat="36.6246715" lon="101.7343293"/>
 <node id="9234791686" visible="true" version="2" changeset="184569307" timestamp="2026-06-25T08:37:33Z" user="GeoSylvaris" uid="24237008" lat="36.6243434" lon="101.7342600">
  <tag k="barrier" v="gate"/>
  <tag k="name" v="西野小门(有人逃票)"/>
 </node>
 <node id="9234791687" visible="true" version="1" changeset="113511331" timestamp="2021-11-08T08:44:09Z" user="ff5722" uid="3450290" lat="36.6245291" lon="101.7335073"/>
 <node id="9234791688" visible="true" version="1" changeset="113511331" timestamp="2021-11-08T08:44:09Z" user="ff5722" uid="3450290" lat="36.6242292" lon="101.7330777"/>
 <node id="9234791689" visible="true" version="1" changeset="113511331" timestamp="2021-11-08T08:44:09Z" user="ff5722" uid="3450290" lat="36.6236296" lon="101.7327134"/>
 <node id="9234791690" visible="true" version="2" changeset="184543088" timestamp="2026-06-24T20:02:51Z" user="GeoSylvaris" uid="24237008" lat="36.6235883" lon="101.7313290"/>
 <node id="9234791691" visible="true" version="1" changeset="113511331" timestamp="2021-11-08T08:44:09Z" user="ff5722" uid="3450290" lat="36.6242442" lon="101.7312471"/>
 <node id="9234791692" visible="true" version="1" changeset="113511331" timestamp="2021-11-08T08:44:09Z" user="ff5722" uid="3450290" lat="36.6249488" lon="101.7306680"/>
 <node id="9234791693" visible="true" version="1" changeset="113511331" timestamp="2021-11-08T08:44:09Z" user="ff5722" uid="3450290" lat="36.6251962" lon="101.7299675"/>
 <node id="9234791694" visible="true" version="1" changeset="113511331" timestamp="2021-11-08T08:44:09Z" user="ff5722" uid="3450290" lat="36.6251287" lon="101.7297340"/>
 <node id="9234791695" visible="true" version="2" changeset="184543088" timestamp="2026-06-24T20:02:51Z" user="GeoSylvaris" uid="24237008" lat="36.6244291" lon="101.7294110"/>
 <node id="9234791696" visible="true" version="2" changeset="184543088" timestamp="2026-06-24T20:02:51Z" user="GeoSylvaris" uid="24237008" lat="36.6240630" lon="101.7293302"/>
 <node id="9234791697" visible="true" version="2" changeset="184543088" timestamp="2026-06-24T20:02:51Z" user="GeoSylvaris" uid="24237008" lat="36.6236007" lon="101.7291645"/>
 <node id="9234791698" visible="true" version="2" changeset="184543088" timestamp="2026-06-24T20:02:51Z" user="GeoSylvaris" uid="24237008" lat="36.6232604" lon="101.7287689"/>
 <node id="9234791700" visible="true" version="2" changeset="184543088" timestamp="2026-06-24T20:02:51Z" user="GeoSylvaris" uid="24237008" lat="36.6227696" lon="101.7273045"/>
 <node id="9234791701" visible="true" version="2" changeset="184543088" timestamp="2026-06-24T20:02:51Z" user="GeoSylvaris" uid="24237008" lat="36.6235532" lon="101.7262516"/>
 <node id="9234791704" visible="true" version="1" changeset="113511331" timestamp="2021-11-08T08:44:09Z" user="ff5722" uid="3450290" lat="36.6270627" lon="101.7254002"/>
 <node id="9234791705" visible="true" version="1" changeset="113511331" timestamp="2021-11-08T08:44:09Z" user="ff5722" uid="3450290" lat="36.6277298" lon="101.7253909"/>
 <node id="9234791706" visible="true" version="1" changeset="113511331" timestamp="2021-11-08T08:44:09Z" user="ff5722" uid="3450290" lat="36.6284868" lon="101.7254376"/>
 <node id="9234791707" visible="true" version="1" changeset="113511331" timestamp="2021-11-08T08:44:09Z" user="ff5722" uid="3450290" lat="36.6295212" lon="101.7246997"/>
 <node id="9234791708" visible="true" version="1" changeset="113511331" timestamp="2021-11-08T08:44:09Z" user="ff5722" uid="3450290" lat="36.6297086" lon="101.7247931"/>
 <node id="9234791709" visible="true" version="1" changeset="113511331" timestamp="2021-11-08T08:44:09Z" user="ff5722" uid="3450290" lat="36.6300159" lon="101.7251667"/>
 <node id="9234791710" visible="true" version="1" changeset="113511331" timestamp="2021-11-08T08:44:09Z" user="ff5722" uid="3450290" lat="36.6300309" lon="101.7262315"/>
 <node id="9234791711" visible="true" version="1" changeset="113511331" timestamp="2021-11-08T08:44:09Z" user="ff5722" uid="3450290" lat="36.6300609" lon="101.7269133"/>
 <node id="9234791712" visible="true" version="1" changeset="113511331" timestamp="2021-11-08T08:44:09Z" user="ff5722" uid="3450290" lat="36.6302782" lon="101.7271655"/>
 <node id="9234791713" visible="true" version="1" changeset="113511331" timestamp="2021-11-08T08:44:09Z" user="ff5722" uid="3450290" lat="36.6279346" lon="101.7265954"/>
 <node id="9234791714" visible="true" version="1" changeset="113511331" timestamp="2021-11-08T08:44:09Z" user="ff5722" uid="3450290" lat="36.6279908" lon="101.7268382"/>
 <node id="9234791715" visible="true" version="1" changeset="113511331" timestamp="2021-11-08T08:44:09Z" user="ff5722" uid="3450290" lat="36.6279646" lon="101.7272445"/>
 <node id="9234791716" visible="true" version="1" changeset="113511331" timestamp="2021-11-08T08:44:09Z" user="ff5722" uid="3450290" lat="36.6279983" lon="101.7274687"/>
 <node id="9234791817" visible="true" version="1" changeset="113511331" timestamp="2021-11-08T08:44:09Z" user="ff5722" uid="3450290" lat="36.6281445" lon="101.7275714"/>
 <node id="9234791818" visible="true" version="1" changeset="113511331" timestamp="2021-11-08T08:44:09Z" user="ff5722" uid="3450290" lat="36.6283506" lon="101.7277209"/>
 <node id="9234791819" visible="true" version="2" changeset="184561732" timestamp="2026-06-25T03:53:57Z" user="GeoSylvaris" uid="24237008" lat="36.6285355" lon="101.7280507"/>
 <node id="9234791820" visible="true" version="2" changeset="184561732" timestamp="2026-06-25T03:53:57Z" user="GeoSylvaris" uid="24237008" lat="36.6285632" lon="101.7283031"/>
 <node id="9234791821" visible="true" version="1" changeset="113511331" timestamp="2021-11-08T08:44:09Z" user="ff5722" uid="3450290" lat="36.6283918" lon="101.7286502"/>
 <node id="9234791822" visible="true" version="1" changeset="113511331" timestamp="2021-11-08T08:44:09Z" user="ff5722" uid="3450290" lat="36.6282344" lon="101.7288090"/>
 <node id="9234791823" visible="true" version="1" changeset="113511331" timestamp="2021-11-08T08:44:09Z" user="ff5722" uid="3450290" lat="36.6280958" lon="101.7288603"/>
 <node id="9234791824" visible="true" version="1" changeset="113511331" timestamp="2021-11-08T08:44:09Z" user="ff5722" uid="3450290" lat="36.6279908" lon="101.7288603"/>
 <node id="9234791825" visible="true" version="2" changeset="184561732" timestamp="2026-06-25T03:53:57Z" user="GeoSylvaris" uid="24237008" lat="36.6272159" lon="101.7281707"/>
 <node id="9234791826" visible="true" version="2" changeset="184561732" timestamp="2026-06-25T03:53:57Z" user="GeoSylvaris" uid="24237008" lat="36.6270452" lon="101.7281183"/>
 <node id="9234791827" visible="true" version="2" changeset="184561732" timestamp="2026-06-25T03:53:57Z" user="GeoSylvaris" uid="24237008" lat="36.6269523" lon="101.7281400"/>
 <node id="9234791828" visible="true" version="2" changeset="184561732" timestamp="2026-06-25T03:53:57Z" user="GeoSylvaris" uid="24237008" lat="36.6268601" lon="101.7282710"/>
 <node id="9234791829" visible="true" version="2" changeset="184561732" timestamp="2026-06-25T03:53:57Z" user="GeoSylvaris" uid="24237008" lat="36.6268277" lon="101.7284433"/>
 <node id="9234791830" visible="true" version="1" changeset="113511331" timestamp="2021-11-08T08:44:09Z" user="ff5722" uid="3450290" lat="36.6256264" lon="101.7296670"/>
 <node id="9234791831" visible="true" version="1" changeset="113511331" timestamp="2021-11-08T08:44:09Z" user="ff5722" uid="3450290" lat="36.6258374" lon="101.7299513"/>
 <node id="9234791832" visible="true" version="1" changeset="113511331" timestamp="2021-11-08T08:44:09Z" user="ff5722" uid="3450290" lat="36.6258675" lon="101.7301658"/>
 <node id="9234791833" visible="true" version="1" changeset="113511331" timestamp="2021-11-08T08:44:09Z" user="ff5722" uid="3450290" lat="36.6258460" lon="101.7305628"/>
 <node id="9234791834" visible="true" version="1" changeset="113511331" timestamp="2021-11-08T08:44:09Z" user="ff5722" uid="3450290" lat="36.6257254" lon="101.7309491"/>
 <node id="9234791835" visible="true" version="1" changeset="113511331" timestamp="2021-11-08T08:44:09Z" user="ff5722" uid="3450290" lat="36.6255575" lon="101.7310778"/>
 <node id="9234791836" visible="true" version="1" changeset="113511331" timestamp="2021-11-08T08:44:09Z" user="ff5722" uid="3450290" lat="36.6253207" lon="101.7304502"/>
 <node id="9234791837" visible="true" version="1" changeset="113511331" timestamp="2021-11-08T08:44:09Z" user="ff5722" uid="3450290" lat="36.6252949" lon="101.7307452"/>
 <node id="9234791838" visible="true" version="1" changeset="113511331" timestamp="2021-11-08T08:44:09Z" user="ff5722" uid="3450290" lat="36.6248601" lon="101.7313192"/>
 <node id="9234791839" visible="true" version="1" changeset="113511331" timestamp="2021-11-08T08:44:09Z" user="ff5722" uid="3450290" lat="36.6248558" lon="101.7314533"/>
 <node id="9234791840" visible="true" version="1" changeset="113511331" timestamp="2021-11-08T08:44:09Z" user="ff5722" uid="3450290" lat="36.6248988" lon="101.7315069"/>
 <node id="9234791841" visible="true" version="1" changeset="113511331" timestamp="2021-11-08T08:44:09Z" user="ff5722" uid="3450290" lat="36.6250366" lon="101.7314748"/>
 <node id="9234791842" visible="true" version="1" changeset="113511331" timestamp="2021-11-08T08:44:09Z" user="ff5722" uid="3450290" lat="36.6253595" lon="101.7311314"/>
 <node id="9234791843" visible="true" version="1" changeset="113511331" timestamp="2021-11-08T08:44:09Z" user="ff5722" uid="3450290" lat="36.6254972" lon="101.7310188"/>
 <node id="9234791844" visible="true" version="1" changeset="113511331" timestamp="2021-11-08T08:44:09Z" user="ff5722" uid="3450290" lat="36.6255833" lon="101.7309866"/>
 <node id="9234791845" visible="true" version="1" changeset="113511331" timestamp="2021-11-08T08:44:09Z" user="ff5722" uid="3450290" lat="36.6256479" lon="101.7310456"/>
 <node id="9234791846" visible="true" version="1" changeset="113511331" timestamp="2021-11-08T08:44:09Z" user="ff5722" uid="3450290" lat="36.6256346" lon="101.7310187"/>
 <node id="9234791847" visible="true" version="1" changeset="113511331" timestamp="2021-11-08T08:44:09Z" user="ff5722" uid="3450290" lat="36.6256436" lon="101.7311207"/>
 <node id="9234791848" visible="true" version="1" changeset="113511331" timestamp="2021-11-08T08:44:09Z" user="ff5722" uid="3450290" lat="36.6255575" lon="101.7312226"/>
 <node id="9234791849" visible="true" version="1" changeset="113511331" timestamp="2021-11-08T08:44:09Z" user="ff5722" uid="3450290" lat="36.6251830" lon="101.7315660"/>
 <node id="9234791850" visible="true" version="1" changeset="113511331" timestamp="2021-11-08T08:44:09Z" user="ff5722" uid="3450290" lat="36.6251227" lon="101.7316464"/>
 <node id="9234791851" visible="true" version="1" changeset="113511331" timestamp="2021-11-08T08:44:09Z" user="ff5722" uid="3450290" lat="36.6251614" lon="101.7317376"/>
 <node id="9234791852" visible="true" version="1" changeset="113511331" timestamp="2021-11-08T08:44:09Z" user="ff5722" uid="3450290" lat="36.6253207" lon="101.7317591"/>
 <node id="9234791853" visible="true" version="1" changeset="113511331" timestamp="2021-11-08T08:44:09Z" user="ff5722" uid="3450290" lat="36.6258201" lon="101.7316250"/>
 <node id="9234791854" visible="true" version="1" changeset="113511331" timestamp="2021-11-08T08:44:09Z" user="ff5722" uid="3450290" lat="36.6259923" lon="101.7315123"/>
 <node id="9234791855" visible="true" version="1" changeset="113511331" timestamp="2021-11-08T08:44:09Z" user="ff5722" uid="3450290" lat="36.6263023" lon="101.7309973"/>
 <node id="9234791856" visible="true" version="1" changeset="113511331" timestamp="2021-11-08T08:44:09Z" user="ff5722" uid="3450290" lat="36.6264874" lon="101.7303214"/>
 <node id="9234791857" visible="true" version="1" changeset="113511331" timestamp="2021-11-08T08:44:09Z" user="ff5722" uid="3450290" lat="36.6265047" lon="101.7301712"/>
 <node id="9234791858" visible="true" version="1" changeset="113511331" timestamp="2021-11-08T08:44:09Z" user="ff5722" uid="3450290" lat="36.6264659" lon="101.7300478"/>
 <node id="9234791859" visible="true" version="1" changeset="113511331" timestamp="2021-11-08T08:44:09Z" user="ff5722" uid="3450290" lat="36.6263798" lon="101.7300103"/>
 <node id="9234791860" visible="true" version="1" changeset="113511331" timestamp="2021-11-08T08:44:09Z" user="ff5722" uid="3450290" lat="36.6263238" lon="101.7300317"/>
 <node id="9234791861" visible="true" version="1" changeset="113511331" timestamp="2021-11-08T08:44:09Z" user="ff5722" uid="3450290" lat="36.6262248" lon="101.7301444"/>
 <node id="9234791862" visible="true" version="1" changeset="113511331" timestamp="2021-11-08T08:44:09Z" user="ff5722" uid="3450290" lat="36.6261430" lon="101.7302088"/>
 <node id="9234791863" visible="true" version="1" changeset="113511331" timestamp="2021-11-08T08:44:09Z" user="ff5722" uid="3450290" lat="36.6260397" lon="101.7301819"/>
 <node id="9234791864" visible="true" version="1" changeset="113511331" timestamp="2021-11-08T08:44:09Z" user="ff5722" uid="3450290" lat="36.6259278" lon="101.7299137"/>
 <node id="9234791865" visible="true" version="1" changeset="113511331" timestamp="2021-11-08T08:44:09Z" user="ff5722" uid="3450290" lat="36.6256307" lon="101.7293934"/>
 <node id="9234791866" visible="true" version="1" changeset="113511331" timestamp="2021-11-08T08:44:09Z" user="ff5722" uid="3450290" lat="36.6254671" lon="101.7292485"/>
 <node id="9234791867" visible="true" version="1" changeset="113511331" timestamp="2021-11-08T08:44:09Z" user="ff5722" uid="3450290" lat="36.6253896" lon="101.7292754"/>
 <node id="9234791868" visible="true" version="1" changeset="113511331" timestamp="2021-11-08T08:44:09Z" user="ff5722" uid="3450290" lat="36.6253466" lon="101.7294256"/>
 <node id="9234791869" visible="true" version="1" changeset="113511331" timestamp="2021-11-08T08:44:09Z" user="ff5722" uid="3450290" lat="36.6254111" lon="101.7295114"/>
 <node id="9234791870" visible="true" version="1" changeset="113511331" timestamp="2021-11-08T08:44:09Z" user="ff5722" uid="3450290" lat="36.6255532" lon="101.7296509"/>
 <node id="9234791871" visible="true" version="1" changeset="113511331" timestamp="2021-11-08T08:44:09Z" user="ff5722" uid="3450290" lat="36.6256522" lon="101.7298118"/>
 <node id="9234791872" visible="true" version="1" changeset="113511331" timestamp="2021-11-08T08:44:09Z" user="ff5722" uid="3450290" lat="36.6256824" lon="101.7301927"/>
 <node id="9234791873" visible="true" version="1" changeset="113511331" timestamp="2021-11-08T08:44:09Z" user="ff5722" uid="3450290" lat="36.6256781" lon="101.7304716"/>
 <node id="9234791874" visible="true" version="1" changeset="113511331" timestamp="2021-11-08T08:44:09Z" user="ff5722" uid="3450290" lat="36.6256264" lon="101.7306486"/>
 <node id="9234791875" visible="true" version="1" changeset="113511331" timestamp="2021-11-08T08:44:09Z" user="ff5722" uid="3450290" lat="36.6255274" lon="101.7308364"/>
 <node id="9234791876" visible="true" version="1" changeset="113511331" timestamp="2021-11-08T08:44:09Z" user="ff5722" uid="3450290" lat="36.6251399" lon="101.7312709"/>
 <node id="9234791877" visible="true" version="1" changeset="113511331" timestamp="2021-11-08T08:44:09Z" user="ff5722" uid="3450290" lat="36.6251470" lon="101.7313573"/>
 <node id="9234791878" visible="true" version="1" changeset="113511331" timestamp="2021-11-08T08:44:09Z" user="ff5722" uid="3450290" lat="36.6252746" lon="101.7312217"/>
 <node id="9234791879" visible="true" version="1" changeset="113511331" timestamp="2021-11-08T08:44:09Z" user="ff5722" uid="3450290" lat="36.6251830" lon="101.7314104"/>
 <node id="9234791880" visible="true" version="1" changeset="113511331" timestamp="2021-11-08T08:44:09Z" user="ff5722" uid="3450290" lat="36.6253853" lon="101.7311851"/>
 <node id="9234791882" visible="true" version="1" changeset="113511331" timestamp="2021-11-08T08:44:09Z" user="ff5722" uid="3450290" lat="36.6208617" lon="101.7527021"/>
 <node id="9234791883" visible="true" version="1" changeset="113511331" timestamp="2021-11-08T08:44:09Z" user="ff5722" uid="3450290" lat="36.6239351" lon="101.7471542"/>
 <node id="9234791884" visible="true" version="1" changeset="113511331" timestamp="2021-11-08T08:44:09Z" user="ff5722" uid="3450290" lat="36.6258691" lon="101.7403920"/>
 <node id="9234791885" visible="true" version="1" changeset="113511331" timestamp="2021-11-08T08:44:09Z" user="ff5722" uid="3450290" lat="36.6254343" lon="101.7394393"/>
 <node id="9234791886" visible="true" version="1" changeset="113511331" timestamp="2021-11-08T08:44:09Z" user="ff5722" uid="3450290" lat="36.6267836" lon="101.7369549"/>
 <node id="9234791887" visible="true" version="1" changeset="113511331" timestamp="2021-11-08T08:44:09Z" user="ff5722" uid="3450290" lat="36.6286125" lon="101.7330695"/>
 <node id="9234791888" visible="true" version="1" changeset="113511331" timestamp="2021-11-08T08:44:09Z" user="ff5722" uid="3450290" lat="36.6298268" lon="101.7292961"/>
 <node id="9234791889" visible="true" version="1" changeset="113511331" timestamp="2021-11-08T08:44:09Z" user="ff5722" uid="3450290" lat="36.6302615" lon="101.7267743"/>
 <node id="9234791890" visible="true" version="1" changeset="113511331" timestamp="2021-11-08T08:44:09Z" user="ff5722" uid="3450290" lat="36.6297368" lon="101.7247569"/>
 <node id="9234791891" visible="true" version="1" changeset="113511331" timestamp="2021-11-08T08:44:09Z" user="ff5722" uid="3450290" lat="36.6297818" lon="101.7237108"/>
 <node id="9234791892" visible="true" version="1" changeset="113511331" timestamp="2021-11-08T08:44:09Z" user="ff5722" uid="3450290" lat="36.6303514" lon="101.7228889"/>
 <node id="9234791893" visible="true" version="1" changeset="113511331" timestamp="2021-11-08T08:44:09Z" user="ff5722" uid="3450290" lat="36.6308011" lon="101.7171541"/>
 <node id="9234791894" visible="true" version="1" changeset="113511331" timestamp="2021-11-08T08:44:09Z" user="ff5722" uid="3450290" lat="36.6285375" lon="101.7171354"/>
 <node id="9234791895" visible="true" version="1" changeset="113511331" timestamp="2021-11-08T08:44:09Z" user="ff5722" uid="3450290" lat="36.6259140" lon="101.7172849"/>
 <node id="9234791896" visible="true" version="1" changeset="113511331" timestamp="2021-11-08T08:44:09Z" user="ff5722" uid="3450290" lat="36.6276381" lon="101.7116996"/>
 <node id="9234791897" visible="true" version="1" changeset="113511331" timestamp="2021-11-08T08:44:09Z" user="ff5722" uid="3450290" lat="36.6268135" lon="101.7091030"/>
 <node id="9234791898" visible="true" version="1" changeset="113511331" timestamp="2021-11-08T08:44:09Z" user="ff5722" uid="3450290" lat="36.6249996" lon="101.7076273"/>
 <node id="9234791899" visible="true" version="1" changeset="113511331" timestamp="2021-11-08T08:44:09Z" user="ff5722" uid="3450290" lat="36.6236803" lon="101.7076273"/>
 <node id="9234791900" visible="true" version="1" changeset="113511331" timestamp="2021-11-08T08:44:09Z" user="ff5722" uid="3450290" lat="36.6220161" lon="101.7086734"/>
 <node id="9234791901" visible="true" version="1" changeset="113511331" timestamp="2021-11-08T08:44:09Z" user="ff5722" uid="3450290" lat="36.6212065" lon="101.7113260"/>
 <node id="9234791902" visible="true" version="1" changeset="113511331" timestamp="2021-11-08T08:44:09Z" user="ff5722" uid="3450290" lat="36.6187927" lon="101.7166311"/>
 <node id="9234791903" visible="true" version="1" changeset="113511331" timestamp="2021-11-08T08:44:09Z" user="ff5722" uid="3450290" lat="36.6177282" lon="101.7168552"/>
 <node id="9234791904" visible="true" version="1" changeset="113511331" timestamp="2021-11-08T08:44:09Z" user="ff5722" uid="3450290" lat="36.6171585" lon="101.7177892"/>
 <node id="9234791905" visible="true" version="1" changeset="113511331" timestamp="2021-11-08T08:44:09Z" user="ff5722" uid="3450290" lat="36.6177882" lon="101.7195638"/>
 <node id="9234791906" visible="true" version="1" changeset="113511331" timestamp="2021-11-08T08:44:09Z" user="ff5722" uid="3450290" lat="36.6185978" lon="101.7205165"/>
 <node id="9234791907" visible="true" version="1" changeset="113511331" timestamp="2021-11-08T08:44:09Z" user="ff5722" uid="3450290" lat="36.6179231" lon="101.7266249"/>
 <node id="9234791908" visible="true" version="1" changeset="113511331" timestamp="2021-11-08T08:44:09Z" user="ff5722" uid="3450290" lat="36.6165737" lon="101.7325464"/>
 <node id="9234791909" visible="true" version="1" changeset="113511331" timestamp="2021-11-08T08:44:09Z" user="ff5722" uid="3450290" lat="36.6153443" lon="101.7350682"/>
 <node id="9234791910" visible="true" version="1" changeset="113511331" timestamp="2021-11-08T08:44:09Z" user="ff5722" uid="3450290" lat="36.6111309" lon="101.7446697"/>
 <node id="9234791911" visible="true" version="1" changeset="113511331" timestamp="2021-11-08T08:44:09Z" user="ff5722" uid="3450290" lat="36.6107861" lon="101.7470421"/>
 <node id="9234791912" visible="true" version="1" changeset="113511331" timestamp="2021-11-08T08:44:09Z" user="ff5722" uid="3450290" lat="36.6131252" lon="101.7479201"/>
 <node id="9234791913" visible="true" version="1" changeset="113511331" timestamp="2021-11-08T08:44:09Z" user="ff5722" uid="3450290" lat="36.6151643" lon="101.7500683"/>
 <node id="9234791914" visible="true" version="1" changeset="113511331" timestamp="2021-11-08T08:44:09Z" user="ff5722" uid="3450290" lat="36.6154642" lon="101.7503858"/>
 <node id="9234791915" visible="true" version="1" changeset="113511331" timestamp="2021-11-08T08:44:09Z" user="ff5722" uid="3450290" lat="36.6162739" lon="101.7482563"/>
 <node id="9234791916" visible="true" version="1" changeset="113511331" timestamp="2021-11-08T08:44:09Z" user="ff5722" uid="3450290" lat="36.6168586" lon="101.7486673"/>
 <node id="9234791917" visible="true" version="1" changeset="113511331" timestamp="2021-11-08T08:44:09Z" user="ff5722" uid="3450290" lat="36.6165587" lon="101.7510396"/>
 <node id="9234791918" visible="true" version="1" changeset="113511331" timestamp="2021-11-08T08:44:09Z" user="ff5722" uid="3450290" lat="36.6171135" lon="101.7523285"/>
 <node id="9234791919" visible="true" version="1" changeset="113511331" timestamp="2021-11-08T08:44:09Z" user="ff5722" uid="3450290" lat="36.6176982" lon="101.7526087"/>
 <node id="9234791920" visible="true" version="1" changeset="113511331" timestamp="2021-11-08T08:44:09Z" user="ff5722" uid="3450290" lat="36.6184779" lon="101.7516934"/>
 <node id="9234791921" visible="true" version="1" changeset="113511331" timestamp="2021-11-08T08:44:09Z" user="ff5722" uid="3450290" lat="36.6196173" lon="101.7530944"/>
 <node id="9234791955" visible="true" version="1" changeset="113511331" timestamp="2021-11-08T08:44:09Z" user="ff5722" uid="3450290" lat="36.6286525" lon="101.7380512"/>
 <node id="9234792108" visible="true" version="1" changeset="113511331" timestamp="2021-11-08T08:44:09Z" user="ff5722" uid="3450290" lat="36.6285485" lon="101.7448214"/>
 <node id="9234792116" visible="true" version="1" changeset="113511331" timestamp="2021-11-08T08:44:09Z" user="ff5722" uid="3450290" lat="36.6284552" lon="101.7367984"/>
 <node id="9234792117" visible="true" version="1" changeset="113511331" timestamp="2021-11-08T08:44:09Z" user="ff5722" uid="3450290" lat="36.6286118" lon="101.7364650"/>
 <node id="9234792118" visible="true" version="1" changeset="113511331" timestamp="2021-11-08T08:44:09Z" user="ff5722" uid="3450290" lat="36.6289903" lon="101.7353755"/>
 <node id="9234792119" visible="true" version="1" changeset="113511331" timestamp="2021-11-08T08:44:09Z" user="ff5722" uid="3450290" lat="36.6294666" lon="101.7345949"/>
 <node id="9234792120" visible="true" version="1" changeset="113511331" timestamp="2021-11-08T08:44:09Z" user="ff5722" uid="3450290" lat="36.6296297" lon="101.7340827"/>
 <node id="9234792121" visible="true" version="1" changeset="113511331" timestamp="2021-11-08T08:44:09Z" user="ff5722" uid="3450290" lat="36.6291534" lon="101.7331557"/>
 <node id="9691358194" visible="true" version="1" changeset="120149106" timestamp="2022-04-25T06:23:18Z" user="EtnaJason" uid="4820990" lat="36.6201624" lon="101.7153594"/>
 <node id="9691358195" visible="true" version="1" changeset="120149106" timestamp="2022-04-25T06:23:18Z" user="EtnaJason" uid="4820990" lat="36.6205638" lon="101.7161504"/>
 <node id="9691358196" visible="true" version="1" changeset="120149106" timestamp="2022-04-25T06:23:18Z" user="EtnaJason" uid="4820990" lat="36.6206088" lon="101.7163852"/>
 <node id="9691358197" visible="true" version="1" changeset="120149106" timestamp="2022-04-25T06:23:18Z" user="EtnaJason" uid="4820990" lat="36.6206126" lon="101.7169002"/>
 <node id="9691358198" visible="true" version="1" changeset="120149106" timestamp="2022-04-25T06:23:18Z" user="EtnaJason" uid="4820990" lat="36.6207027" lon="101.7177560"/>
 <node id="9691358199" visible="true" version="1" changeset="120149106" timestamp="2022-04-25T06:23:18Z" user="EtnaJason" uid="4820990" lat="36.6208196" lon="101.7185662"/>
 <node id="9691358200" visible="true" version="1" changeset="120149106" timestamp="2022-04-25T06:23:18Z" user="EtnaJason" uid="4820990" lat="36.6208708" lon="101.7189698"/>
 <node id="9691358201" visible="true" version="1" changeset="120149106" timestamp="2022-04-25T06:23:18Z" user="EtnaJason" uid="4820990" lat="36.6210437" lon="101.7195130"/>
 <node id="9691358202" visible="true" version="1" changeset="120149106" timestamp="2022-04-25T06:23:18Z" user="EtnaJason" uid="4820990" lat="36.6212117" lon="101.7199196"/>
 <node id="9691358203" visible="true" version="1" changeset="120149106" timestamp="2022-04-25T06:23:18Z" user="EtnaJason" uid="4820990" lat="36.6213652" lon="101.7203536"/>
 <node id="9691358204" visible="true" version="1" changeset="120149106" timestamp="2022-04-25T06:23:18Z" user="EtnaJason" uid="4820990" lat="36.6214831" lon="101.7209384"/>
 <node id="9691358205" visible="true" version="1" changeset="120149106" timestamp="2022-04-25T06:23:18Z" user="EtnaJason" uid="4820990" lat="36.6216453" lon="101.7218550"/>
 <node id="9691358206" visible="true" version="1" changeset="120149106" timestamp="2022-04-25T06:23:18Z" user="EtnaJason" uid="4820990" lat="36.6217059" lon="101.7224077"/>
 <node id="9691358207" visible="true" version="1" changeset="120149106" timestamp="2022-04-25T06:23:18Z" user="EtnaJason" uid="4820990" lat="36.6217404" lon="101.7228018"/>
 <node id="9691358208" visible="true" version="1" changeset="120149106" timestamp="2022-04-25T06:23:18Z" user="EtnaJason" uid="4820990" lat="36.6219353" lon="101.7230749"/>
 <node id="9691358209" visible="true" version="1" changeset="120149106" timestamp="2022-04-25T06:23:18Z" user="EtnaJason" uid="4820990" lat="36.6220960" lon="101.7234876"/>
 <node id="9691358210" visible="true" version="1" changeset="120149106" timestamp="2022-04-25T06:23:18Z" user="EtnaJason" uid="4820990" lat="36.6222373" lon="101.7238942"/>
 <node id="9691358211" visible="true" version="1" changeset="120149106" timestamp="2022-04-25T06:23:18Z" user="EtnaJason" uid="4820990" lat="36.6223347" lon="101.7242584"/>
 <node id="9691358212" visible="true" version="1" changeset="120149106" timestamp="2022-04-25T06:23:18Z" user="EtnaJason" uid="4820990" lat="36.6223054" lon="101.7248350"/>
 <node id="9691358213" visible="true" version="1" changeset="120149106" timestamp="2022-04-25T06:23:18Z" user="EtnaJason" uid="4820990" lat="36.6222226" lon="101.7253387"/>
 <node id="9691358214" visible="true" version="1" changeset="120149106" timestamp="2022-04-25T06:23:18Z" user="EtnaJason" uid="4820990" lat="36.6221398" lon="101.7259881"/>
 <node id="9691358215" visible="true" version="1" changeset="120149106" timestamp="2022-04-25T06:23:18Z" user="EtnaJason" uid="4820990" lat="36.6221398" lon="101.7261095"/>
 <node id="9691358216" visible="true" version="1" changeset="120149106" timestamp="2022-04-25T06:23:18Z" user="EtnaJason" uid="4820990" lat="36.6221983" lon="101.7261823"/>
 <node id="9691372617" visible="true" version="1" changeset="120149106" timestamp="2022-04-25T06:23:18Z" user="EtnaJason" uid="4820990" lat="36.6222665" lon="101.7261459"/>
 <node id="9691372618" visible="true" version="1" changeset="120149106" timestamp="2022-04-25T06:23:18Z" user="EtnaJason" uid="4820990" lat="36.6226075" lon="101.7257453"/>
 <node id="9691372619" visible="true" version="1" changeset="120149106" timestamp="2022-04-25T06:23:18Z" user="EtnaJason" uid="4820990" lat="36.6227195" lon="101.7256118"/>
 <node id="9691372620" visible="true" version="1" changeset="120149106" timestamp="2022-04-25T06:23:18Z" user="EtnaJason" uid="4820990" lat="36.6228705" lon="101.7253812"/>
 <node id="9691372621" visible="true" version="1" changeset="120149106" timestamp="2022-04-25T06:23:18Z" user="EtnaJason" uid="4820990" lat="36.6230751" lon="101.7250413"/>
 <node id="9691372622" visible="true" version="1" changeset="120149106" timestamp="2022-04-25T06:23:18Z" user="EtnaJason" uid="4820990" lat="36.6231822" lon="101.7249139"/>
 <node id="9691372623" visible="true" version="1" changeset="120149106" timestamp="2022-04-25T06:23:18Z" user="EtnaJason" uid="4820990" lat="36.6232602" lon="101.7249017"/>
 <node id="9691372624" visible="true" version="1" changeset="120149106" timestamp="2022-04-25T06:23:18Z" user="EtnaJason" uid="4820990" lat="36.6232943" lon="101.7250474"/>
 <node id="9691372625" visible="true" version="1" changeset="120149106" timestamp="2022-04-25T06:23:18Z" user="EtnaJason" uid="4820990" lat="36.6233625" lon="101.7255451"/>
 <node id="9691372626" visible="true" version="1" changeset="120149106" timestamp="2022-04-25T06:23:18Z" user="EtnaJason" uid="4820990" lat="36.6233625" lon="101.7257453"/>
 <node id="9691372627" visible="true" version="1" changeset="120149106" timestamp="2022-04-25T06:23:18Z" user="EtnaJason" uid="4820990" lat="36.6232602" lon="101.7259153"/>
 <node id="9691372628" visible="true" version="1" changeset="120149106" timestamp="2022-04-25T06:23:18Z" user="EtnaJason" uid="4820990" lat="36.6231189" lon="101.7264129"/>
 <node id="9691372629" visible="true" version="1" changeset="120149106" timestamp="2022-04-25T06:23:18Z" user="EtnaJason" uid="4820990" lat="36.6230605" lon="101.7267832"/>
 <node id="9691372630" visible="true" version="1" changeset="120149106" timestamp="2022-04-25T06:23:18Z" user="EtnaJason" uid="4820990" lat="36.6231189" lon="101.7268681"/>
 <node id="9691372631" visible="true" version="1" changeset="120149106" timestamp="2022-04-25T06:23:18Z" user="EtnaJason" uid="4820990" lat="36.6232309" lon="101.7269167"/>
 <node id="9691372632" visible="true" version="1" changeset="120149106" timestamp="2022-04-25T06:23:18Z" user="EtnaJason" uid="4820990" lat="36.6238739" lon="101.7267528"/>
 <node id="9691372633" visible="true" version="1" changeset="120149106" timestamp="2022-04-25T06:23:18Z" user="EtnaJason" uid="4820990" lat="36.6242879" lon="101.7268803"/>
 <node id="9691372634" visible="true" version="1" changeset="120149106" timestamp="2022-04-25T06:23:18Z" user="EtnaJason" uid="4820990" lat="36.6245558" lon="101.7270199"/>
 <node id="9691372635" visible="true" version="1" changeset="120149106" timestamp="2022-04-25T06:23:18Z" user="EtnaJason" uid="4820990" lat="36.6247117" lon="101.7271352"/>
 <node id="9691372636" visible="true" version="2" changeset="184569307" timestamp="2026-06-25T08:37:33Z" user="GeoSylvaris" uid="24237008" lat="36.6247750" lon="101.7272869">
  <tag k="barrier" v="gate"/>
  <tag k="name" v="西野南门 (墓园方向)"/>
 </node>
 <node id="9691372637" visible="true" version="1" changeset="120149106" timestamp="2022-04-25T06:23:18Z" user="EtnaJason" uid="4820990" lat="36.6247360" lon="101.7274629"/>
 <node id="9691372638" visible="true" version="1" changeset="120149106" timestamp="2022-04-25T06:23:18Z" user="EtnaJason" uid="4820990" lat="36.6246679" lon="101.7275721"/>
 <node id="9691372639" visible="true" version="1" changeset="120149106" timestamp="2022-04-25T06:23:18Z" user="EtnaJason" uid="4820990" lat="36.6244584" lon="101.7276268"/>
 <node id="9691372640" visible="true" version="1" changeset="120149106" timestamp="2022-04-25T06:23:18Z" user="EtnaJason" uid="4820990" lat="36.6241759" lon="101.7276450"/>
 <node id="9691372641" visible="true" version="1" changeset="120149106" timestamp="2022-04-25T06:23:18Z" user="EtnaJason" uid="4820990" lat="36.6240395" lon="101.7276510"/>
 <node id="9691372642" visible="true" version="1" changeset="120149106" timestamp="2022-04-25T06:23:18Z" user="EtnaJason" uid="4820990" lat="36.6239664" lon="101.7277482"/>
 <node id="9691372643" visible="true" version="1" changeset="120149106" timestamp="2022-04-25T06:23:18Z" user="EtnaJason" uid="4820990" lat="36.6239616" lon="101.7278271"/>
 <node id="9691372644" visible="true" version="1" changeset="120149106" timestamp="2022-04-25T06:23:18Z" user="EtnaJason" uid="4820990" lat="36.6240200" lon="101.7278756"/>
 <node id="9691372645" visible="true" version="1" changeset="120149106" timestamp="2022-04-25T06:23:18Z" user="EtnaJason" uid="4820990" lat="36.6241662" lon="101.7278695"/>
 <node id="9691372646" visible="true" version="1" changeset="120149106" timestamp="2022-04-25T06:23:18Z" user="EtnaJason" uid="4820990" lat="36.6243805" lon="101.7278756"/>
 <node id="9691372647" visible="true" version="1" changeset="120149106" timestamp="2022-04-25T06:23:18Z" user="EtnaJason" uid="4820990" lat="36.6246435" lon="101.7279666"/>
 <node id="9691372648" visible="true" version="1" changeset="120149106" timestamp="2022-04-25T06:23:18Z" user="EtnaJason" uid="4820990" lat="36.6247953" lon="101.7280632"/>
 <node id="9691372649" visible="true" version="1" changeset="120149106" timestamp="2022-04-25T06:23:18Z" user="EtnaJason" uid="4820990" lat="36.6249434" lon="101.7281941"/>
 <node id="9691372650" visible="true" version="1" changeset="120149106" timestamp="2022-04-25T06:23:18Z" user="EtnaJason" uid="4820990" lat="36.6250209" lon="101.7282242"/>
 <node id="9691372651" visible="true" version="1" changeset="120149106" timestamp="2022-04-25T06:23:18Z" user="EtnaJason" uid="4820990" lat="36.6254325" lon="101.7281893"/>
 <node id="9691372652" visible="true" version="1" changeset="120149106" timestamp="2022-04-25T06:23:18Z" user="EtnaJason" uid="4820990" lat="36.6255758" lon="101.7281689"/>
 <node id="9691372653" visible="true" version="1" changeset="120149106" timestamp="2022-04-25T06:23:18Z" user="EtnaJason" uid="4820990" lat="36.6257888" lon="101.7281689"/>
 <node id="9691372654" visible="true" version="1" changeset="120149106" timestamp="2022-04-25T06:23:18Z" user="EtnaJason" uid="4820990" lat="36.6259039" lon="101.7282121"/>
 <node id="9691372655" visible="true" version="1" changeset="120149106" timestamp="2022-04-25T06:23:18Z" user="EtnaJason" uid="4820990" lat="36.6259755" lon="101.7284323"/>
 <node id="9691372656" visible="true" version="1" changeset="120149106" timestamp="2022-04-25T06:23:18Z" user="EtnaJason" uid="4820990" lat="36.6261925" lon="101.7287628"/>
 <node id="9691372657" visible="true" version="1" changeset="120149106" timestamp="2022-04-25T06:23:18Z" user="EtnaJason" uid="4820990" lat="36.6264060" lon="101.7290289"/>
 <node id="9691372658" visible="true" version="1" changeset="120149106" timestamp="2022-04-25T06:23:18Z" user="EtnaJason" uid="4820990" lat="36.6266540" lon="101.7290932"/>
 <node id="9691372659" visible="true" version="1" changeset="120149106" timestamp="2022-04-25T06:23:18Z" user="EtnaJason" uid="4820990" lat="36.6268262" lon="101.7291104"/>
 <node id="9691372660" visible="true" version="1" changeset="120149106" timestamp="2022-04-25T06:23:18Z" user="EtnaJason" uid="4820990" lat="36.6270501" lon="101.7292005"/>
 <node id="9691372661" visible="true" version="1" changeset="120149106" timestamp="2022-04-25T06:23:18Z" user="EtnaJason" uid="4820990" lat="36.6272085" lon="101.7293250"/>
 <node id="9691372662" visible="true" version="1" changeset="120149106" timestamp="2022-04-25T06:23:18Z" user="EtnaJason" uid="4820990" lat="36.6273772" lon="101.7295181"/>
 <node id="9691372663" visible="true" version="1" changeset="120149106" timestamp="2022-04-25T06:23:18Z" user="EtnaJason" uid="4820990" lat="36.6275426" lon="101.7297198"/>
 <node id="9691372664" visible="true" version="1" changeset="120149106" timestamp="2022-04-25T06:23:18Z" user="EtnaJason" uid="4820990" lat="36.6276252" lon="101.7298485"/>
 <node id="9691372665" visible="true" version="1" changeset="120149106" timestamp="2022-04-25T06:23:18Z" user="EtnaJason" uid="4820990" lat="36.6276872" lon="101.7298443"/>
 <node id="9691372666" visible="true" version="1" changeset="120149106" timestamp="2022-04-25T06:23:18Z" user="EtnaJason" uid="4820990" lat="36.6277802" lon="101.7297928"/>
 <node id="9691372667" visible="true" version="1" changeset="120149106" timestamp="2022-04-25T06:23:18Z" user="EtnaJason" uid="4820990" lat="36.6278250" lon="101.7296898"/>
 <node id="9691372668" visible="true" version="1" changeset="120149106" timestamp="2022-04-25T06:23:18Z" user="EtnaJason" uid="4820990" lat="36.6278043" lon="101.7295911"/>
 <node id="9691372669" visible="true" version="1" changeset="120149106" timestamp="2022-04-25T06:23:18Z" user="EtnaJason" uid="4820990" lat="36.6277699" lon="101.7294838"/>
 <node id="9691372670" visible="true" version="1" changeset="120149106" timestamp="2022-04-25T06:23:18Z" user="EtnaJason" uid="4820990" lat="36.6276390" lon="101.7293464"/>
 <node id="9691372671" visible="true" version="1" changeset="120149106" timestamp="2022-04-25T06:23:18Z" user="EtnaJason" uid="4820990" lat="36.6275701" lon="101.7292391"/>
 <node id="9691372672" visible="true" version="1" changeset="120149106" timestamp="2022-04-25T06:23:18Z" user="EtnaJason" uid="4820990" lat="36.6275908" lon="101.7291447"/>
 <node id="9691372673" visible="true" version="1" changeset="120149106" timestamp="2022-04-25T06:23:18Z" user="EtnaJason" uid="4820990" lat="36.6276700" lon="101.7290374"/>
 <node id="9691372674" visible="true" version="1" changeset="120149106" timestamp="2022-04-25T06:23:18Z" user="EtnaJason" uid="4820990" lat="36.6213879" lon="101.7204663"/>
 <node id="9691372882" visible="true" version="1" changeset="120149106" timestamp="2022-04-25T06:23:18Z" user="EtnaJason" uid="4820990" lat="36.6225604" lon="101.7192526"/>
 <node id="9691372883" visible="true" version="1" changeset="120149106" timestamp="2022-04-25T06:23:18Z" user="EtnaJason" uid="4820990" lat="36.6226566" lon="101.7190531"/>
 <node id="9691372884" visible="true" version="1" changeset="120149106" timestamp="2022-04-25T06:23:18Z" user="EtnaJason" uid="4820990" lat="36.6227261" lon="101.7190134"/>
 <node id="9691372885" visible="true" version="1" changeset="120149106" timestamp="2022-04-25T06:23:18Z" user="EtnaJason" uid="4820990" lat="36.6228767" lon="101.7190423"/>
 <node id="9691372886" visible="true" version="1" changeset="120149106" timestamp="2022-04-25T06:23:18Z" user="EtnaJason" uid="4820990" lat="36.6230621" lon="101.7191650"/>
 <node id="9691372887" visible="true" version="1" changeset="120149106" timestamp="2022-04-25T06:23:18Z" user="EtnaJason" uid="4820990" lat="36.6231142" lon="101.7192805"/>
 <node id="9691372888" visible="true" version="1" changeset="120149106" timestamp="2022-04-25T06:23:18Z" user="EtnaJason" uid="4820990" lat="36.6230766" lon="101.7199445"/>
 <node id="9691372889" visible="true" version="1" changeset="120149106" timestamp="2022-04-25T06:23:18Z" user="EtnaJason" uid="4820990" lat="36.6229578" lon="101.7208467"/>
 <node id="9691372890" visible="true" version="1" changeset="120149106" timestamp="2022-04-25T06:23:18Z" user="EtnaJason" uid="4820990" lat="36.6229868" lon="101.7210488"/>
 <node id="9691372891" visible="true" version="1" changeset="120149106" timestamp="2022-04-25T06:23:18Z" user="EtnaJason" uid="4820990" lat="36.6230650" lon="101.7211823"/>
 <node id="9691372892" visible="true" version="1" changeset="120149106" timestamp="2022-04-25T06:23:18Z" user="EtnaJason" uid="4820990" lat="36.6231229" lon="101.7211931"/>
 <node id="9691372893" visible="true" version="1" changeset="120149106" timestamp="2022-04-25T06:23:18Z" user="EtnaJason" uid="4820990" lat="36.6231838" lon="101.7211534"/>
 <node id="9691372894" visible="true" version="1" changeset="120149106" timestamp="2022-04-25T06:23:18Z" user="EtnaJason" uid="4820990" lat="36.6233691" lon="101.7207962"/>
 <node id="9691372895" visible="true" version="1" changeset="120149106" timestamp="2022-04-25T06:23:18Z" user="EtnaJason" uid="4820990" lat="36.6234270" lon="101.7207817"/>
 <node id="9691372896" visible="true" version="1" changeset="120149106" timestamp="2022-04-25T06:23:18Z" user="EtnaJason" uid="4820990" lat="36.6234560" lon="101.7208828"/>
 <node id="9691372897" visible="true" version="1" changeset="120149106" timestamp="2022-04-25T06:23:18Z" user="EtnaJason" uid="4820990" lat="36.6234241" lon="101.7212112"/>
 <node id="9691372898" visible="true" version="1" changeset="120149106" timestamp="2022-04-25T06:23:18Z" user="EtnaJason" uid="4820990" lat="36.6234531" lon="101.7213447"/>
 <node id="9691372899" visible="true" version="1" changeset="120149106" timestamp="2022-04-25T06:23:18Z" user="EtnaJason" uid="4820990" lat="36.6235458" lon="101.7215540"/>
 <node id="9691372900" visible="true" version="1" changeset="120149106" timestamp="2022-04-25T06:23:18Z" user="EtnaJason" uid="4820990" lat="36.6235284" lon="101.7217128"/>
 <node id="9691372901" visible="true" version="1" changeset="120149106" timestamp="2022-04-25T06:23:18Z" user="EtnaJason" uid="4820990" lat="36.6234908" lon="101.7219510"/>
 <node id="9691372902" visible="true" version="1" changeset="120149106" timestamp="2022-04-25T06:23:18Z" user="EtnaJason" uid="4820990" lat="36.6234415" lon="101.7221170"/>
 <node id="9691372903" visible="true" version="1" changeset="120149106" timestamp="2022-04-25T06:23:18Z" user="EtnaJason" uid="4820990" lat="36.6234068" lon="101.7222216"/>
 <node id="9691372904" visible="true" version="1" changeset="120149106" timestamp="2022-04-25T06:23:18Z" user="EtnaJason" uid="4820990" lat="36.6234155" lon="101.7222866"/>
 <node id="9691372905" visible="true" version="1" changeset="120149106" timestamp="2022-04-25T06:23:18Z" user="EtnaJason" uid="4820990" lat="36.6234792" lon="101.7222685"/>
 <node id="9691372906" visible="true" version="1" changeset="120149106" timestamp="2022-04-25T06:23:18Z" user="EtnaJason" uid="4820990" lat="36.6235603" lon="101.7217561"/>
 <node id="9691372907" visible="true" version="1" changeset="120149106" timestamp="2022-04-25T06:23:18Z" user="EtnaJason" uid="4820990" lat="36.6236964" lon="101.7213700"/>
 <node id="9691372908" visible="true" version="1" changeset="120149106" timestamp="2022-04-25T06:23:18Z" user="EtnaJason" uid="4820990" lat="36.6238760" lon="101.7211354"/>
 <node id="9691372909" visible="true" version="1" changeset="120149106" timestamp="2022-04-25T06:23:18Z" user="EtnaJason" uid="4820990" lat="36.6240295" lon="101.7205724"/>
 <node id="9691372910" visible="true" version="1" changeset="120149106" timestamp="2022-04-25T06:23:18Z" user="EtnaJason" uid="4820990" lat="36.6240729" lon="101.7204822"/>
 <node id="9691372911" visible="true" version="1" changeset="120149106" timestamp="2022-04-25T06:23:18Z" user="EtnaJason" uid="4820990" lat="36.6243191" lon="101.7194862"/>
 <node id="9691372912" visible="true" version="1" changeset="120149106" timestamp="2022-04-25T06:23:18Z" user="EtnaJason" uid="4820990" lat="36.6243625" lon="101.7194862"/>
 <node id="9691372913" visible="true" version="1" changeset="120149106" timestamp="2022-04-25T06:23:18Z" user="EtnaJason" uid="4820990" lat="36.6243770" lon="101.7195836"/>
 <node id="9691372914" visible="true" version="1" changeset="120149106" timestamp="2022-04-25T06:23:18Z" user="EtnaJason" uid="4820990" lat="36.6243452" lon="101.7198326"/>
 <node id="9691372915" visible="true" version="1" changeset="120149106" timestamp="2022-04-25T06:23:18Z" user="EtnaJason" uid="4820990" lat="36.6243886" lon="101.7200167"/>
 <node id="9691372916" visible="true" version="1" changeset="120149106" timestamp="2022-04-25T06:23:18Z" user="EtnaJason" uid="4820990" lat="36.6243741" lon="101.7202801"/>
 <node id="9691372917" visible="true" version="1" changeset="120149106" timestamp="2022-04-25T06:23:18Z" user="EtnaJason" uid="4820990" lat="36.6242467" lon="101.7208647"/>
 <node id="9691372918" visible="true" version="1" changeset="120149106" timestamp="2022-04-25T06:23:18Z" user="EtnaJason" uid="4820990" lat="36.6242409" lon="101.7210560"/>
 <node id="9691372919" visible="true" version="1" changeset="120149106" timestamp="2022-04-25T06:23:18Z" user="EtnaJason" uid="4820990" lat="36.6242148" lon="101.7212581"/>
 <node id="9691372920" visible="true" version="1" changeset="120149106" timestamp="2022-04-25T06:23:18Z" user="EtnaJason" uid="4820990" lat="36.6241685" lon="101.7213483"/>
 <node id="9691372921" visible="true" version="1" changeset="120149106" timestamp="2022-04-25T06:23:18Z" user="EtnaJason" uid="4820990" lat="36.6241714" lon="101.7216623"/>
 <node id="9691372922" visible="true" version="1" changeset="120149106" timestamp="2022-04-25T06:23:18Z" user="EtnaJason" uid="4820990" lat="36.6242496" lon="101.7220015"/>
 <node id="9691372923" visible="true" version="1" changeset="120149106" timestamp="2022-04-25T06:23:18Z" user="EtnaJason" uid="4820990" lat="36.6244263" lon="101.7222721"/>
 <node id="9691372924" visible="true" version="1" changeset="120149106" timestamp="2022-04-25T06:23:18Z" user="EtnaJason" uid="4820990" lat="36.6245334" lon="101.7223479"/>
 <node id="9691372925" visible="true" version="1" changeset="120149106" timestamp="2022-04-25T06:23:18Z" user="EtnaJason" uid="4820990" lat="36.6246203" lon="101.7223515"/>
 <node id="9691372926" visible="true" version="1" changeset="120149106" timestamp="2022-04-25T06:23:18Z" user="EtnaJason" uid="4820990" lat="36.6246927" lon="101.7222830"/>
 <node id="9691372927" visible="true" version="1" changeset="120149106" timestamp="2022-04-25T06:23:18Z" user="EtnaJason" uid="4820990" lat="36.6248752" lon="101.7221314"/>
 <node id="9691372928" visible="true" version="1" changeset="120149106" timestamp="2022-04-25T06:23:18Z" user="EtnaJason" uid="4820990" lat="36.6250431" lon="101.7220773"/>
 <node id="9691372929" visible="true" version="1" changeset="120149106" timestamp="2022-04-25T06:23:18Z" user="EtnaJason" uid="4820990" lat="36.6251329" lon="101.7221061"/>
 <node id="9691372930" visible="true" version="1" changeset="120149106" timestamp="2022-04-25T06:23:18Z" user="EtnaJason" uid="4820990" lat="36.6252662" lon="101.7221097"/>
 <node id="9691372931" visible="true" version="1" changeset="120149106" timestamp="2022-04-25T06:23:18Z" user="EtnaJason" uid="4820990" lat="36.6254283" lon="101.7220267"/>
 <node id="9691372932" visible="true" version="1" changeset="120149106" timestamp="2022-04-25T06:23:18Z" user="EtnaJason" uid="4820990" lat="36.6255963" lon="101.7219726"/>
 <node id="9691372933" visible="true" version="1" changeset="120149106" timestamp="2022-04-25T06:23:18Z" user="EtnaJason" uid="4820990" lat="36.6256890" lon="101.7220304"/>
 <node id="9691372934" visible="true" version="1" changeset="120149106" timestamp="2022-04-25T06:23:18Z" user="EtnaJason" uid="4820990" lat="36.6258222" lon="101.7224598"/>
 <node id="9691372935" visible="true" version="1" changeset="120149106" timestamp="2022-04-25T06:23:18Z" user="EtnaJason" uid="4820990" lat="36.6258338" lon="101.7226078"/>
 <node id="9691372936" visible="true" version="1" changeset="120149106" timestamp="2022-04-25T06:23:18Z" user="EtnaJason" uid="4820990" lat="36.6258251" lon="101.7227304"/>
 <node id="9691372937" visible="true" version="1" changeset="120149106" timestamp="2022-04-25T06:23:18Z" user="EtnaJason" uid="4820990" lat="36.6257788" lon="101.7228279"/>
 <node id="9691372938" visible="true" version="1" changeset="120149106" timestamp="2022-04-25T06:23:18Z" user="EtnaJason" uid="4820990" lat="36.6257180" lon="101.7228495"/>
 <node id="9691372939" visible="true" version="1" changeset="120149106" timestamp="2022-04-25T06:23:18Z" user="EtnaJason" uid="4820990" lat="36.6256427" lon="101.7228387"/>
 <node id="9691372940" visible="true" version="2" changeset="184569307" timestamp="2026-06-25T08:37:33Z" user="GeoSylvaris" uid="24237008" lat="36.6256069" lon="101.7228013">
  <tag k="entrance" v="service"/>
  <tag k="name" v="未经允许禁止通过"/>
 </node>
 <node id="9691372941" visible="true" version="1" changeset="120149106" timestamp="2022-04-25T06:23:18Z" user="EtnaJason" uid="4820990" lat="36.6240613" lon="101.7222577"/>
 <node id="9691372942" visible="true" version="1" changeset="120149106" timestamp="2022-04-25T06:23:18Z" user="EtnaJason" uid="4820990" lat="36.6240092" lon="101.7224057"/>
 <node id="9691372943" visible="true" version="1" changeset="120149106" timestamp="2022-04-25T06:23:18Z" user="EtnaJason" uid="4820990" lat="36.6239165" lon="101.7224562"/>
 <node id="9691372944" visible="true" version="1" changeset="120149106" timestamp="2022-04-25T06:23:18Z" user="EtnaJason" uid="4820990" lat="36.6238209" lon="101.7226186"/>
 <node id="9691372945" visible="true" version="1" changeset="120149106" timestamp="2022-04-25T06:23:18Z" user="EtnaJason" uid="4820990" lat="36.6237514" lon="101.7229145"/>
 <node id="9691372946" visible="true" version="1" changeset="120149106" timestamp="2022-04-25T06:23:18Z" user="EtnaJason" uid="4820990" lat="36.6236066" lon="101.7233692"/>
 <node id="9691372947" visible="true" version="1" changeset="120149106" timestamp="2022-04-25T06:23:18Z" user="EtnaJason" uid="4820990" lat="36.6235371" lon="101.7233872"/>
 <node id="9691372948" visible="true" version="1" changeset="120149106" timestamp="2022-04-25T06:23:18Z" user="EtnaJason" uid="4820990" lat="36.6234299" lon="101.7234161"/>
 <node id="9691372949" visible="true" version="1" changeset="120149106" timestamp="2022-04-25T06:23:18Z" user="EtnaJason" uid="4820990" lat="36.6233402" lon="101.7234486"/>
 <node id="9691372950" visible="true" version="1" changeset="120149106" timestamp="2022-04-25T06:23:18Z" user="EtnaJason" uid="4820990" lat="36.6233112" lon="101.7235244"/>
 <node id="9691372951" visible="true" version="1" changeset="120149106" timestamp="2022-04-25T06:23:18Z" user="EtnaJason" uid="4820990" lat="36.6233604" lon="101.7236435"/>
 <node id="9691372952" visible="true" version="1" changeset="120149106" timestamp="2022-04-25T06:23:18Z" user="EtnaJason" uid="4820990" lat="36.6235081" lon="101.7238528"/>
 <node id="9691372953" visible="true" version="1" changeset="120149106" timestamp="2022-04-25T06:23:18Z" user="EtnaJason" uid="4820990" lat="36.6235052" lon="101.7239682"/>
 <node id="9691372954" visible="true" version="1" changeset="120149106" timestamp="2022-04-25T06:23:18Z" user="EtnaJason" uid="4820990" lat="36.6234097" lon="101.7241126"/>
 <node id="9691372955" visible="true" version="1" changeset="120149106" timestamp="2022-04-25T06:23:18Z" user="EtnaJason" uid="4820990" lat="36.6232083" lon="101.7249098"/>
 <node id="9691372956" visible="true" version="1" changeset="120149106" timestamp="2022-04-25T06:23:18Z" user="EtnaJason" uid="4820990" lat="36.6242423" lon="101.7219700"/>
 <node id="9691372959" visible="true" version="1" changeset="120149106" timestamp="2022-04-25T06:23:18Z" user="EtnaJason" uid="4820990" lat="36.6240949" lon="101.7220761"/>
 <node id="9824951246" visible="true" version="1" changeset="122499906" timestamp="2022-06-17T09:31:31Z" user="user_8291442" uid="8291442" lat="36.6272016" lon="101.7479304"/>
 <node id="9824951249" visible="true" version="1" changeset="122499906" timestamp="2022-06-17T09:31:31Z" user="user_8291442" uid="8291442" lat="36.6286747" lon="101.7380659"/>
 <node id="9824951250" visible="true" version="1" changeset="122499906" timestamp="2022-06-17T09:31:31Z" user="user_8291442" uid="8291442" lat="36.6298749" lon="101.7351528"/>
 <node id="9824951251" visible="true" version="1" changeset="122499906" timestamp="2022-06-17T09:31:31Z" user="user_8291442" uid="8291442" lat="36.6306827" lon="101.7340527"/>
 <node id="9824951252" visible="true" version="1" changeset="122499906" timestamp="2022-06-17T09:31:31Z" user="user_8291442" uid="8291442" lat="36.6307369" lon="101.7336428"/>
 <node id="9824951253" visible="true" version="1" changeset="122499906" timestamp="2022-06-17T09:31:31Z" user="user_8291442" uid="8291442" lat="36.6305870" lon="101.7329890"/>
 <node id="9824951254" visible="true" version="1" changeset="122499906" timestamp="2022-06-17T09:31:31Z" user="user_8291442" uid="8291442" lat="36.6302747" lon="101.7315102"/>
 <node id="9824951255" visible="true" version="1" changeset="122499906" timestamp="2022-06-17T09:31:31Z" user="user_8291442" uid="8291442" lat="36.6304675" lon="101.7303025"/>
 <node id="9824951256" visible="true" version="1" changeset="122499906" timestamp="2022-06-17T09:31:31Z" user="user_8291442" uid="8291442" lat="36.6345532" lon="101.7285256"/>
 <node id="9824951257" visible="true" version="1" changeset="122499906" timestamp="2022-06-17T09:31:31Z" user="user_8291442" uid="8291442" lat="36.6335662" lon="101.7280421"/>
 <node id="9824951258" visible="true" version="1" changeset="122499906" timestamp="2022-06-17T09:31:31Z" user="user_8291442" uid="8291442" lat="36.6312719" lon="101.7266463"/>
 <node id="9824951259" visible="true" version="1" changeset="122499906" timestamp="2022-06-17T09:31:31Z" user="user_8291442" uid="8291442" lat="36.6320339" lon="101.7248717"/>
 <node id="9824951260" visible="true" version="1" changeset="122499906" timestamp="2022-06-17T09:31:31Z" user="user_8291442" uid="8291442" lat="36.6323487" lon="101.7219667"/>
 <node id="9824951261" visible="true" version="1" changeset="122499906" timestamp="2022-06-17T09:31:31Z" user="user_8291442" uid="8291442" lat="36.6322762" lon="101.7211121"/>
 <node id="9824951262" visible="true" version="1" changeset="122499906" timestamp="2022-06-17T09:31:31Z" user="user_8291442" uid="8291442" lat="36.6327215" lon="101.7241105"/>
 <node id="9824951263" visible="true" version="1" changeset="122499906" timestamp="2022-06-17T09:31:31Z" user="user_8291442" uid="8291442" lat="36.6321348" lon="101.7239404"/>
 <node id="9824951264" visible="true" version="1" changeset="122499906" timestamp="2022-06-17T09:31:31Z" user="user_8291442" uid="8291442" lat="36.6310265" lon="101.7236933"/>
 <node id="9897967671" visible="true" version="1" changeset="123818368" timestamp="2022-07-19T17:30:36Z" user="Maps Man" uid="10216874" lat="36.6346404" lon="101.7282343"/>
 <node id="9897967673" visible="true" version="1" changeset="123818368" timestamp="2022-07-19T17:30:36Z" user="Maps Man" uid="10216874" lat="36.6322046" lon="101.7356809"/>
 <node id="9897967675" visible="true" version="1" changeset="123818368" timestamp="2022-07-19T17:30:36Z" user="Maps Man" uid="10216874" lat="36.6350322" lon="101.7262749"/>
 <node id="9897967687" visible="true" version="1" changeset="123818368" timestamp="2022-07-19T17:30:36Z" user="Maps Man" uid="10216874" lat="36.6330910" lon="101.7336509"/>
 <node id="13932241751" visible="true" version="1" changeset="184036178" timestamp="2026-06-12T23:23:59Z" user="rza31" uid="2137840" lat="36.6305954" lon="101.7300961"/>
 <node id="13932241752" visible="true" version="1" changeset="184036178" timestamp="2026-06-12T23:23:59Z" user="rza31" uid="2137840" lat="36.6308515" lon="101.7302101"/>
 <node id="13932241753" visible="true" version="1" changeset="184036178" timestamp="2026-06-12T23:23:59Z" user="rza31" uid="2137840" lat="36.6308794" lon="101.7301127"/>
 <node id="13932241754" visible="true" version="1" changeset="184036178" timestamp="2026-06-12T23:23:59Z" user="rza31" uid="2137840" lat="36.6306233" lon="101.7299987"/>
 <node id="13962711807" visible="true" version="1" changeset="184532253" timestamp="2026-06-24T16:12:07Z" user="GeoSylvaris" uid="24237008" lat="36.6264033" lon="101.7177772"/>
 <node id="13962711808" visible="true" version="1" changeset="184532253" timestamp="2026-06-24T16:12:07Z" user="GeoSylvaris" uid="24237008" lat="36.6263753" lon="101.7179006"/>
 <node id="13962711809" visible="true" version="1" changeset="184532253" timestamp="2026-06-24T16:12:07Z" user="GeoSylvaris" uid="24237008" lat="36.6263322" lon="101.7180884"/>
 <node id="13962711810" visible="true" version="1" changeset="184532253" timestamp="2026-06-24T16:12:07Z" user="GeoSylvaris" uid="24237008" lat="36.6262655" lon="101.7182332"/>
 <node id="13962711811" visible="true" version="1" changeset="184532253" timestamp="2026-06-24T16:12:07Z" user="GeoSylvaris" uid="24237008" lat="36.6261277" lon="101.7182600"/>
 <node id="13962711812" visible="true" version="1" changeset="184532253" timestamp="2026-06-24T16:12:07Z" user="GeoSylvaris" uid="24237008" lat="36.6259986" lon="101.7182627"/>
 <node id="13962711813" visible="true" version="1" changeset="184532253" timestamp="2026-06-24T16:12:07Z" user="GeoSylvaris" uid="24237008" lat="36.6259103" lon="101.7183781"/>
 <node id="13962711814" visible="true" version="1" changeset="184532253" timestamp="2026-06-24T16:12:07Z" user="GeoSylvaris" uid="24237008" lat="36.6258953" lon="101.7185229"/>
 <node id="13962711815" visible="true" version="1" changeset="184532253" timestamp="2026-06-24T16:12:07Z" user="GeoSylvaris" uid="24237008" lat="36.6259749" lon="101.7192847"/>
 <node id="13962711816" visible="true" version="1" changeset="184532253" timestamp="2026-06-24T16:12:07Z" user="GeoSylvaris" uid="24237008" lat="36.6260093" lon="101.7194536"/>
 <node id="13962711817" visible="true" version="1" changeset="184532253" timestamp="2026-06-24T16:12:07Z" user="GeoSylvaris" uid="24237008" lat="36.6260653" lon="101.7194912"/>
 <node id="13962711818" visible="true" version="1" changeset="184532253" timestamp="2026-06-24T16:12:07Z" user="GeoSylvaris" uid="24237008" lat="36.6261234" lon="101.7194483"/>
 <node id="13962711819" visible="true" version="1" changeset="184532253" timestamp="2026-06-24T16:12:07Z" user="GeoSylvaris" uid="24237008" lat="36.6260739" lon="101.7188582"/>
 <node id="13962711820" visible="true" version="1" changeset="184532253" timestamp="2026-06-24T16:12:07Z" user="GeoSylvaris" uid="24237008" lat="36.6260589" lon="101.7186946"/>
 <node id="13962711821" visible="true" version="1" changeset="184532253" timestamp="2026-06-24T16:12:07Z" user="GeoSylvaris" uid="24237008" lat="36.6260868" lon="101.7186463"/>
 <node id="13962711822" visible="true" version="1" changeset="184532253" timestamp="2026-06-24T16:12:07Z" user="GeoSylvaris" uid="24237008" lat="36.6261428" lon="101.7186195"/>
 <node id="13962711823" visible="true" version="1" changeset="184532253" timestamp="2026-06-24T16:12:07Z" user="GeoSylvaris" uid="24237008" lat="36.6261729" lon="101.7186812"/>
 <node id="13962711824" visible="true" version="1" changeset="184532253" timestamp="2026-06-24T16:12:07Z" user="GeoSylvaris" uid="24237008" lat="36.6261622" lon="101.7188930"/>
 <node id="13962711825" visible="true" version="1" changeset="184532253" timestamp="2026-06-24T16:12:07Z" user="GeoSylvaris" uid="24237008" lat="36.6262181" lon="101.7192015"/>
 <node id="13962711826" visible="true" version="1" changeset="184532253" timestamp="2026-06-24T16:12:07Z" user="GeoSylvaris" uid="24237008" lat="36.6263947" lon="101.7197353"/>
 <node id="13962711827" visible="true" version="1" changeset="184532253" timestamp="2026-06-24T16:12:07Z" user="GeoSylvaris" uid="24237008" lat="36.6265066" lon="101.7200464"/>
 <node id="13962711828" visible="true" version="1" changeset="184532253" timestamp="2026-06-24T16:12:07Z" user="GeoSylvaris" uid="24237008" lat="36.6264808" lon="101.7202261"/>
 <node id="13962711829" visible="true" version="1" changeset="184532253" timestamp="2026-06-24T16:12:07Z" user="GeoSylvaris" uid="24237008" lat="36.6264463" lon="101.7203039"/>
 <node id="13962711830" visible="true" version="1" changeset="184532253" timestamp="2026-06-24T16:12:07Z" user="GeoSylvaris" uid="24237008" lat="36.6263817" lon="101.7203414"/>
 <node id="13962711831" visible="true" version="1" changeset="184532253" timestamp="2026-06-24T16:12:07Z" user="GeoSylvaris" uid="24237008" lat="36.6262999" lon="101.7203388"/>
 <node id="13962711832" visible="true" version="1" changeset="184532253" timestamp="2026-06-24T16:12:07Z" user="GeoSylvaris" uid="24237008" lat="36.6262440" lon="101.7203119"/>
 <node id="13962711833" visible="true" version="1" changeset="184532253" timestamp="2026-06-24T16:12:07Z" user="GeoSylvaris" uid="24237008" lat="36.6261686" lon="101.7203253"/>
 <node id="13962711834" visible="true" version="1" changeset="184532253" timestamp="2026-06-24T16:12:07Z" user="GeoSylvaris" uid="24237008" lat="36.6260825" lon="101.7203629"/>
 <node id="13962711835" visible="true" version="1" changeset="184532253" timestamp="2026-06-24T16:12:07Z" user="GeoSylvaris" uid="24237008" lat="36.6260502" lon="101.7205292"/>
 <node id="13962711836" visible="true" version="1" changeset="184532253" timestamp="2026-06-24T16:12:07Z" user="GeoSylvaris" uid="24237008" lat="36.6260438" lon="101.7207116"/>
 <node id="13962711837" visible="true" version="1" changeset="184532253" timestamp="2026-06-24T16:12:07Z" user="GeoSylvaris" uid="24237008" lat="36.6261493" lon="101.7207867"/>
 <node id="13962711838" visible="true" version="1" changeset="184532253" timestamp="2026-06-24T16:12:07Z" user="GeoSylvaris" uid="24237008" lat="36.6263886" lon="101.7210180"/>
 <node id="13962711839" visible="true" version="1" changeset="184532253" timestamp="2026-06-24T16:12:07Z" user="GeoSylvaris" uid="24237008" lat="36.6267821" lon="101.7214894"/>
 <node id="13962711840" visible="true" version="1" changeset="184532253" timestamp="2026-06-24T16:12:07Z" user="GeoSylvaris" uid="24237008" lat="36.6274236" lon="101.7224604"/>
 <node id="13962711841" visible="true" version="1" changeset="184532253" timestamp="2026-06-24T16:12:07Z" user="GeoSylvaris" uid="24237008" lat="36.6279477" lon="101.7232248"/>
 <node id="13962711842" visible="true" version="1" changeset="184532253" timestamp="2026-06-24T16:12:07Z" user="GeoSylvaris" uid="24237008" lat="36.6284310" lon="101.7233334"/>
 <node id="13962711862" visible="true" version="1" changeset="184532253" timestamp="2026-06-24T16:12:07Z" user="GeoSylvaris" uid="24237008" lat="36.6249449" lon="101.7167845"/>
 <node id="13962711879" visible="true" version="1" changeset="184532253" timestamp="2026-06-24T16:12:07Z" user="GeoSylvaris" uid="24237008" lat="36.6264765" lon="101.7176431"/>
 <node id="13962740995" visible="true" version="1" changeset="184532253" timestamp="2026-06-24T16:12:07Z" user="GeoSylvaris" uid="24237008" lat="36.6307385" lon="101.7209047"/>
 <node id="13962740996" visible="true" version="1" changeset="184532253" timestamp="2026-06-24T16:12:07Z" user="GeoSylvaris" uid="24237008" lat="36.6306233" lon="101.7208779"/>
 <node id="13962740997" visible="true" version="1" changeset="184532253" timestamp="2026-06-24T16:12:07Z" user="GeoSylvaris" uid="24237008" lat="36.6305932" lon="101.7210160"/>
 <node id="13962740998" visible="true" version="1" changeset="184532253" timestamp="2026-06-24T16:12:07Z" user="GeoSylvaris" uid="24237008" lat="36.6305533" lon="101.7212105"/>
 <node id="13962740999" visible="true" version="1" changeset="184532253" timestamp="2026-06-24T16:12:07Z" user="GeoSylvaris" uid="24237008" lat="36.6305318" lon="101.7214411"/>
 <node id="13962741000" visible="true" version="1" changeset="184532253" timestamp="2026-06-24T16:12:07Z" user="GeoSylvaris" uid="24237008" lat="36.6304877" lon="101.7216732"/>
 <node id="13962741001" visible="true" version="1" changeset="184532253" timestamp="2026-06-24T16:12:07Z" user="GeoSylvaris" uid="24237008" lat="36.6304533" lon="101.7218918"/>
 <node id="13962741002" visible="true" version="1" changeset="184532253" timestamp="2026-06-24T16:12:07Z" user="GeoSylvaris" uid="24237008" lat="36.6304134" lon="101.7220980"/>
 <node id="13962741003" visible="true" version="1" changeset="184532253" timestamp="2026-06-24T16:12:07Z" user="GeoSylvaris" uid="24237008" lat="36.6303790" lon="101.7222579"/>
 <node id="13962741004" visible="true" version="1" changeset="184532253" timestamp="2026-06-24T16:12:07Z" user="GeoSylvaris" uid="24237008" lat="36.6295826" lon="101.7230263"/>
 <node id="13962741005" visible="true" version="1" changeset="184532253" timestamp="2026-06-24T16:12:07Z" user="GeoSylvaris" uid="24237008" lat="36.6296579" lon="101.7229271"/>
 <node id="13962741006" visible="true" version="1" changeset="184532253" timestamp="2026-06-24T16:12:07Z" user="GeoSylvaris" uid="24237008" lat="36.6297182" lon="101.7228439"/>
 <node id="13962741007" visible="true" version="1" changeset="184532253" timestamp="2026-06-24T16:12:07Z" user="GeoSylvaris" uid="24237008" lat="36.6298000" lon="101.7227688"/>
 <node id="13962741008" visible="true" version="1" changeset="184532253" timestamp="2026-06-24T16:12:07Z" user="GeoSylvaris" uid="24237008" lat="36.6298710" lon="101.7226991"/>
 <node id="13962741009" visible="true" version="1" changeset="184532253" timestamp="2026-06-24T16:12:07Z" user="GeoSylvaris" uid="24237008" lat="36.6299313" lon="101.7226347"/>
 <node id="13962741010" visible="true" version="1" changeset="184532253" timestamp="2026-06-24T16:12:07Z" user="GeoSylvaris" uid="24237008" lat="36.6300281" lon="101.7225194"/>
 <node id="13962741011" visible="true" version="1" changeset="184532253" timestamp="2026-06-24T16:12:07Z" user="GeoSylvaris" uid="24237008" lat="36.6300927" lon="101.7224094"/>
 <node id="13962741012" visible="true" version="1" changeset="184532253" timestamp="2026-06-24T16:12:07Z" user="GeoSylvaris" uid="24237008" lat="36.6301508" lon="101.7223155"/>
 <node id="13962741013" visible="true" version="1" changeset="184532253" timestamp="2026-06-24T16:12:07Z" user="GeoSylvaris" uid="24237008" lat="36.6303058" lon="101.7222324"/>
 <node id="13962741014" visible="true" version="1" changeset="184532253" timestamp="2026-06-24T16:12:07Z" user="GeoSylvaris" uid="24237008" lat="36.6301853" lon="101.7221707"/>
 <node id="13962741015" visible="true" version="1" changeset="184532253" timestamp="2026-06-24T16:12:07Z" user="GeoSylvaris" uid="24237008" lat="36.6300863" lon="101.7221305"/>
 <node id="13962741016" visible="true" version="1" changeset="184532253" timestamp="2026-06-24T16:12:07Z" user="GeoSylvaris" uid="24237008" lat="36.6299808" lon="101.7221197"/>
 <node id="13962741017" visible="true" version="1" changeset="184532253" timestamp="2026-06-24T16:12:07Z" user="GeoSylvaris" uid="24237008" lat="36.6299442" lon="101.7221680"/>
 <node id="13962741018" visible="true" version="1" changeset="184532253" timestamp="2026-06-24T16:12:07Z" user="GeoSylvaris" uid="24237008" lat="36.6297978" lon="101.7223290"/>
 <node id="13962741019" visible="true" version="1" changeset="184532253" timestamp="2026-06-24T16:12:07Z" user="GeoSylvaris" uid="24237008" lat="36.6296665" lon="101.7224175"/>
 <node id="13962741020" visible="true" version="1" changeset="184532253" timestamp="2026-06-24T16:12:07Z" user="GeoSylvaris" uid="24237008" lat="36.6295611" lon="101.7224470"/>
 <node id="13962741021" visible="true" version="1" changeset="184532253" timestamp="2026-06-24T16:12:07Z" user="GeoSylvaris" uid="24237008" lat="36.6294190" lon="101.7224550"/>
 <node id="13962741022" visible="true" version="1" changeset="184532253" timestamp="2026-06-24T16:12:07Z" user="GeoSylvaris" uid="24237008" lat="36.6292253" lon="101.7224818"/>
 <node id="13962741023" visible="true" version="1" changeset="184532253" timestamp="2026-06-24T16:12:07Z" user="GeoSylvaris" uid="24237008" lat="36.6290918" lon="101.7225087"/>
 <node id="13962741024" visible="true" version="1" changeset="184532253" timestamp="2026-06-24T16:12:07Z" user="GeoSylvaris" uid="24237008" lat="36.6290509" lon="101.7225838"/>
 <node id="13962741025" visible="true" version="1" changeset="184532253" timestamp="2026-06-24T16:12:07Z" user="GeoSylvaris" uid="24237008" lat="36.6289540" lon="101.7226750"/>
 <node id="13962741026" visible="true" version="1" changeset="184532253" timestamp="2026-06-24T16:12:07Z" user="GeoSylvaris" uid="24237008" lat="36.6288572" lon="101.7228198"/>
 <node id="13962741027" visible="true" version="1" changeset="184532253" timestamp="2026-06-24T16:12:07Z" user="GeoSylvaris" uid="24237008" lat="36.6287861" lon="101.7229888"/>
 <node id="13962741028" visible="true" version="1" changeset="184532253" timestamp="2026-06-24T16:12:07Z" user="GeoSylvaris" uid="24237008" lat="36.6288055" lon="101.7231202"/>
 <node id="13962741029" visible="true" version="1" changeset="184532253" timestamp="2026-06-24T16:12:07Z" user="GeoSylvaris" uid="24237008" lat="36.6287539" lon="101.7232382"/>
 <node id="13962741030" visible="true" version="1" changeset="184532253" timestamp="2026-06-24T16:12:07Z" user="GeoSylvaris" uid="24237008" lat="36.6287434" lon="101.7233889"/>
 <node id="13962741031" visible="true" version="1" changeset="184532253" timestamp="2026-06-24T16:12:07Z" user="GeoSylvaris" uid="24237008" lat="36.6301551" lon="101.7253759"/>
 <node id="13962741032" visible="true" version="1" changeset="184532253" timestamp="2026-06-24T16:12:07Z" user="GeoSylvaris" uid="24237008" lat="36.6288109" lon="101.7239141"/>
 <node id="13962741033" visible="true" version="1" changeset="184532253" timestamp="2026-06-24T16:12:07Z" user="GeoSylvaris" uid="24237008" lat="36.6286279" lon="101.7234635">
  <tag k="historic" v="tomb"/>
  <tag k="name" v="青海省西山公墓"/>
  <tag k="tomb" v="vault"/>
 </node>
 <node id="13962741034" visible="true" version="1" changeset="184532253" timestamp="2026-06-24T16:12:07Z" user="GeoSylvaris" uid="24237008" lat="36.6280661" lon="101.7245552"/>
 <node id="13962741035" visible="true" version="1" changeset="184532253" timestamp="2026-06-24T16:12:07Z" user="GeoSylvaris" uid="24237008" lat="36.6278487" lon="101.7244734"/>
 <node id="13962741036" visible="true" version="1" changeset="184532253" timestamp="2026-06-24T16:12:07Z" user="GeoSylvaris" uid="24237008" lat="36.6277248" lon="101.7245460"/>
 <node id="13962741037" visible="true" version="1" changeset="184532253" timestamp="2026-06-24T16:12:07Z" user="GeoSylvaris" uid="24237008" lat="36.6279485" lon="101.7240518"/>
 <node id="13962741038" visible="true" version="1" changeset="184532253" timestamp="2026-06-24T16:12:07Z" user="GeoSylvaris" uid="24237008" lat="36.6280349" lon="101.7246791"/>
 <node id="13962741039" visible="true" version="1" changeset="184532253" timestamp="2026-06-24T16:12:07Z" user="GeoSylvaris" uid="24237008" lat="36.6280862" lon="101.7240925"/>
 <node id="13962741040" visible="true" version="1" changeset="184532253" timestamp="2026-06-24T16:12:07Z" user="GeoSylvaris" uid="24237008" lat="36.6281068" lon="101.7239846"/>
 <node id="13962741041" visible="true" version="1" changeset="184532253" timestamp="2026-06-24T16:12:07Z" user="GeoSylvaris" uid="24237008" lat="36.6278774" lon="101.7239167"/>
 <node id="13962741042" visible="true" version="1" changeset="184532253" timestamp="2026-06-24T16:12:07Z" user="GeoSylvaris" uid="24237008" lat="36.6278485" lon="101.7240682"/>
 <node id="13962741043" visible="true" version="1" changeset="184532253" timestamp="2026-06-24T16:12:07Z" user="GeoSylvaris" uid="24237008" lat="36.6279825" lon="101.7233655"/>
 <node id="13962741044" visible="true" version="1" changeset="184532253" timestamp="2026-06-24T16:12:07Z" user="GeoSylvaris" uid="24237008" lat="36.6277224" lon="101.7239972"/>
 <node id="13962741045" visible="true" version="1" changeset="184532253" timestamp="2026-06-24T16:12:07Z" user="GeoSylvaris" uid="24237008" lat="36.6282992" lon="101.7234613"/>
 <node id="13962741046" visible="true" version="1" changeset="184532253" timestamp="2026-06-24T16:12:07Z" user="GeoSylvaris" uid="24237008" lat="36.6279413" lon="101.7232390"/>
 <node id="13962741047" visible="true" version="1" changeset="184532253" timestamp="2026-06-24T16:12:07Z" user="GeoSylvaris" uid="24237008" lat="36.6283201" lon="101.7233536"/>
 <node id="13962741048" visible="true" version="1" changeset="184532253" timestamp="2026-06-24T16:12:07Z" user="GeoSylvaris" uid="24237008" lat="36.6283104" lon="101.7242588"/>
 <node id="13962741049" visible="true" version="1" changeset="184532253" timestamp="2026-06-24T16:12:07Z" user="GeoSylvaris" uid="24237008" lat="36.6282469" lon="101.7242374"/>
 <node id="13962741050" visible="true" version="1" changeset="184532253" timestamp="2026-06-24T16:12:07Z" user="GeoSylvaris" uid="24237008" lat="36.6281781" lon="101.7246021"/>
 <node id="13962741051" visible="true" version="1" changeset="184532253" timestamp="2026-06-24T16:12:07Z" user="GeoSylvaris" uid="24237008" lat="36.6280877" lon="101.7245726"/>
 <node id="13962741052" visible="true" version="1" changeset="184532253" timestamp="2026-06-24T16:12:07Z" user="GeoSylvaris" uid="24237008" lat="36.6281694" lon="101.7241596"/>
 <node id="13962741053" visible="true" version="1" changeset="184532253" timestamp="2026-06-24T16:12:07Z" user="GeoSylvaris" uid="24237008" lat="36.6282211" lon="101.7241757"/>
 <node id="13962741054" visible="true" version="1" changeset="184532253" timestamp="2026-06-24T16:12:07Z" user="GeoSylvaris" uid="24237008" lat="36.6283793" lon="101.7233723"/>
 <node id="13962741055" visible="true" version="1" changeset="184532253" timestamp="2026-06-24T16:12:07Z" user="GeoSylvaris" uid="24237008" lat="36.6284708" lon="101.7234005"/>
 <node id="13962741056" visible="true" version="1" changeset="184532253" timestamp="2026-06-24T16:12:07Z" user="GeoSylvaris" uid="24237008" lat="36.6281734" lon="101.7239782"/>
 <node id="13962741057" visible="true" version="1" changeset="184532253" timestamp="2026-06-24T16:12:07Z" user="GeoSylvaris" uid="24237008" lat="36.6278957" lon="101.7238870"/>
 <node id="13962741058" visible="true" version="1" changeset="184532253" timestamp="2026-06-24T16:12:07Z" user="GeoSylvaris" uid="24237008" lat="36.6279972" lon="101.7234072"/>
 <node id="13962741059" visible="true" version="1" changeset="184532253" timestamp="2026-06-24T16:12:07Z" user="GeoSylvaris" uid="24237008" lat="36.6282749" lon="101.7234984"/>
 <node id="13962741060" visible="true" version="1" changeset="184532253" timestamp="2026-06-24T16:12:07Z" user="GeoSylvaris" uid="24237008" lat="36.6280531" lon="101.7245019"/>
 <node id="13962741061" visible="true" version="1" changeset="184532253" timestamp="2026-06-24T16:12:07Z" user="GeoSylvaris" uid="24237008" lat="36.6279013" lon="101.7244483"/>
 <node id="13962741062" visible="true" version="1" changeset="184532253" timestamp="2026-06-24T16:12:07Z" user="GeoSylvaris" uid="24237008" lat="36.6279833" lon="101.7240885"/>
 <node id="13962741063" visible="true" version="1" changeset="184532253" timestamp="2026-06-24T16:12:07Z" user="GeoSylvaris" uid="24237008" lat="36.6281350" lon="101.7241421"/>
 <node id="13962968072" visible="true" version="1" changeset="184539954" timestamp="2026-06-24T18:46:30Z" user="GeoSylvaris" uid="24237008" lat="36.6311459" lon="101.7334357"/>
 <node id="13962968073" visible="true" version="1" changeset="184539954" timestamp="2026-06-24T18:46:30Z" user="GeoSylvaris" uid="24237008" lat="36.6309135" lon="101.7333499"/>
 <node id="13962968074" visible="true" version="1" changeset="184539954" timestamp="2026-06-24T18:46:30Z" user="GeoSylvaris" uid="24237008" lat="36.6308058" lon="101.7332493"/>
 <node id="13962968075" visible="true" version="1" changeset="184539954" timestamp="2026-06-24T18:46:30Z" user="GeoSylvaris" uid="24237008" lat="36.6307327" lon="101.7330924"/>
 <node id="13962968076" visible="true" version="1" changeset="184539954" timestamp="2026-06-24T18:46:30Z" user="GeoSylvaris" uid="24237008" lat="36.6304098" lon="101.7313973"/>
 <node id="13962968077" visible="true" version="1" changeset="184539954" timestamp="2026-06-24T18:46:30Z" user="GeoSylvaris" uid="24237008" lat="36.6304442" lon="101.7313061"/>
 <node id="13962968078" visible="true" version="1" changeset="184539954" timestamp="2026-06-24T18:46:30Z" user="GeoSylvaris" uid="24237008" lat="36.6306638" lon="101.7307911"/>
 <node id="13962968079" visible="true" version="1" changeset="184539954" timestamp="2026-06-24T18:46:30Z" user="GeoSylvaris" uid="24237008" lat="36.6318390" lon="101.7314724"/>
 <node id="13963131101" visible="true" version="1" changeset="184543088" timestamp="2026-06-24T20:02:51Z" user="GeoSylvaris" uid="24237008" lat="36.6270028" lon="101.7354946">
  <tag k="name" v="西野-员工宿舍"/>
  <tag k="office" v="architect"/>
  <tag k="operator" v="西野"/>
 </node>
 <node id="13963131102" visible="true" version="1" changeset="184543088" timestamp="2026-06-24T20:02:51Z" user="GeoSylvaris" uid="24237008" lat="36.6270100" lon="101.7356805"/>
 <node id="13963131103" visible="true" version="1" changeset="184543088" timestamp="2026-06-24T20:02:51Z" user="GeoSylvaris" uid="24237008" lat="36.6268411" lon="101.7355269"/>
 <node id="13963131104" visible="true" version="1" changeset="184543088" timestamp="2026-06-24T20:02:51Z" user="GeoSylvaris" uid="24237008" lat="36.6270109" lon="101.7352371"/>
 <node id="13963131105" visible="true" version="1" changeset="184543088" timestamp="2026-06-24T20:02:51Z" user="GeoSylvaris" uid="24237008" lat="36.6270360" lon="101.7352599"/>
 <node id="13963131106" visible="true" version="1" changeset="184543088" timestamp="2026-06-24T20:02:51Z" user="GeoSylvaris" uid="24237008" lat="36.6270190" lon="101.7352890"/>
 <node id="13963131107" visible="true" version="1" changeset="184543088" timestamp="2026-06-24T20:02:51Z" user="GeoSylvaris" uid="24237008" lat="36.6270498" lon="101.7353170"/>
 <node id="13963131108" visible="true" version="1" changeset="184543088" timestamp="2026-06-24T20:02:51Z" user="GeoSylvaris" uid="24237008" lat="36.6269241" lon="101.7355316"/>
 <node id="13963131109" visible="true" version="1" changeset="184543088" timestamp="2026-06-24T20:02:51Z" user="GeoSylvaris" uid="24237008" lat="36.6269987" lon="101.7355995"/>
 <node id="13963131110" visible="true" version="1" changeset="184543088" timestamp="2026-06-24T20:02:51Z" user="GeoSylvaris" uid="24237008" lat="36.6270145" lon="101.7355725"/>
 <node id="13963131111" visible="true" version="1" changeset="184543088" timestamp="2026-06-24T20:02:51Z" user="GeoSylvaris" uid="24237008" lat="36.6270040" lon="101.7355629"/>
 <node id="13963131112" visible="true" version="1" changeset="184543088" timestamp="2026-06-24T20:02:51Z" user="GeoSylvaris" uid="24237008" lat="36.6270606" lon="101.7354663"/>
 <node id="13963131113" visible="true" version="1" changeset="184543088" timestamp="2026-06-24T20:02:51Z" user="GeoSylvaris" uid="24237008" lat="36.6271095" lon="101.7355107"/>
 <node id="13963131114" visible="true" version="1" changeset="184543088" timestamp="2026-06-24T20:02:51Z" user="GeoSylvaris" uid="24237008" lat="36.6277437" lon="101.7313153"/>
 <node id="13963131115" visible="true" version="1" changeset="184543088" timestamp="2026-06-24T20:02:51Z" user="GeoSylvaris" uid="24237008" lat="36.6278369" lon="101.7313157"/>
 <node id="13963131116" visible="true" version="1" changeset="184543088" timestamp="2026-06-24T20:02:51Z" user="GeoSylvaris" uid="24237008" lat="36.6279477" lon="101.7313144"/>
 <node id="13963131117" visible="true" version="1" changeset="184543088" timestamp="2026-06-24T20:02:51Z" user="GeoSylvaris" uid="24237008" lat="36.6281229" lon="101.7313357"/>
 <node id="13963131118" visible="true" version="1" changeset="184543088" timestamp="2026-06-24T20:02:51Z" user="GeoSylvaris" uid="24237008" lat="36.6279893" lon="101.7317924"/>
 <node id="13963131119" visible="true" version="1" changeset="184543088" timestamp="2026-06-24T20:02:51Z" user="GeoSylvaris" uid="24237008" lat="36.6277680" lon="101.7316832"/>
 <node id="13963131120" visible="true" version="1" changeset="184543088" timestamp="2026-06-24T20:02:51Z" user="GeoSylvaris" uid="24237008" lat="36.6276927" lon="101.7316107"/>
 <node id="13963131121" visible="true" version="1" changeset="184543088" timestamp="2026-06-24T20:02:51Z" user="GeoSylvaris" uid="24237008" lat="36.6276668" lon="101.7315142"/>
 <node id="13963131122" visible="true" version="1" changeset="184543088" timestamp="2026-06-24T20:02:51Z" user="GeoSylvaris" uid="24237008" lat="36.6277206" lon="101.7313734"/>
 <node id="13963131123" visible="true" version="1" changeset="184543088" timestamp="2026-06-24T20:02:51Z" user="GeoSylvaris" uid="24237008" lat="36.6278154" lon="101.7311347"/>
 <node id="13963131124" visible="true" version="1" changeset="184543088" timestamp="2026-06-24T20:02:51Z" user="GeoSylvaris" uid="24237008" lat="36.6283449" lon="101.7274922">
  <tag k="amenity" v="toilets"/>
  <tag k="female" v="yes"/>
  <tag k="male" v="yes"/>
  <tag k="name" v="厕所"/>
  <tag k="operator" v="西野"/>
  <tag k="unisex" v="yes"/>
 </node>
 <node id="13963131125" visible="true" version="1" changeset="184543088" timestamp="2026-06-24T20:02:51Z" user="GeoSylvaris" uid="24237008" lat="36.6280618" lon="101.7296581"/>
 <node id="13963131126" visible="true" version="1" changeset="184543088" timestamp="2026-06-24T20:02:51Z" user="GeoSylvaris" uid="24237008" lat="36.6280231" lon="101.7294475"/>
 <node id="13963131127" visible="true" version="1" changeset="184543088" timestamp="2026-06-24T20:02:51Z" user="GeoSylvaris" uid="24237008" lat="36.6279972" lon="101.7293107"/>
 <node id="13963131128" visible="true" version="1" changeset="184543088" timestamp="2026-06-24T20:02:51Z" user="GeoSylvaris" uid="24237008" lat="36.6279305" lon="101.7291874"/>
 <node id="13963131129" visible="true" version="1" changeset="184543088" timestamp="2026-06-24T20:02:51Z" user="GeoSylvaris" uid="24237008" lat="36.6279198" lon="101.7290908"/>
 <node id="13963131130" visible="true" version="1" changeset="184543088" timestamp="2026-06-24T20:02:51Z" user="GeoSylvaris" uid="24237008" lat="36.6279599" lon="101.7290062"/>
 <node id="13963131131" visible="true" version="1" changeset="184543088" timestamp="2026-06-24T20:02:51Z" user="GeoSylvaris" uid="24237008" lat="36.6282645" lon="101.7299013"/>
 <node id="13963131132" visible="true" version="1" changeset="184543088" timestamp="2026-06-24T20:02:51Z" user="GeoSylvaris" uid="24237008" lat="36.6282900" lon="101.7298566"/>
 <node id="13963131133" visible="true" version="1" changeset="184543088" timestamp="2026-06-24T20:02:51Z" user="GeoSylvaris" uid="24237008" lat="36.6283320" lon="101.7297667"/>
 <node id="13963131134" visible="true" version="1" changeset="184543088" timestamp="2026-06-24T20:02:51Z" user="GeoSylvaris" uid="24237008" lat="36.6283987" lon="101.7296380"/>
 <node id="13963131135" visible="true" version="1" changeset="184543088" timestamp="2026-06-24T20:02:51Z" user="GeoSylvaris" uid="24237008" lat="36.6285128" lon="101.7295441"/>
 <node id="13963131136" visible="true" version="1" changeset="184543088" timestamp="2026-06-24T20:02:51Z" user="GeoSylvaris" uid="24237008" lat="36.6285902" lon="101.7294797"/>
 <node id="13963131137" visible="true" version="1" changeset="184543088" timestamp="2026-06-24T20:02:51Z" user="GeoSylvaris" uid="24237008" lat="36.6281555" lon="101.7302522"/>
 <node id="13963131138" visible="true" version="1" changeset="184543088" timestamp="2026-06-24T20:02:51Z" user="GeoSylvaris" uid="24237008" lat="36.6280683" lon="101.7302012"/>
 <node id="13963131139" visible="true" version="1" changeset="184543088" timestamp="2026-06-24T20:02:51Z" user="GeoSylvaris" uid="24237008" lat="36.6279994" lon="101.7301597"/>
 <node id="13963131140" visible="true" version="1" changeset="184543088" timestamp="2026-06-24T20:02:51Z" user="GeoSylvaris" uid="24237008" lat="36.6279596" lon="101.7300738"/>
 <node id="13963131141" visible="true" version="1" changeset="184543088" timestamp="2026-06-24T20:02:51Z" user="GeoSylvaris" uid="24237008" lat="36.6279520" lon="101.7299706"/>
 <node id="13963131142" visible="true" version="1" changeset="184543088" timestamp="2026-06-24T20:02:51Z" user="GeoSylvaris" uid="24237008" lat="36.6279424" lon="101.7298552"/>
 <node id="13963131143" visible="true" version="1" changeset="184543088" timestamp="2026-06-24T20:02:51Z" user="GeoSylvaris" uid="24237008" lat="36.6279822" lon="101.7297989"/>
 <node id="13963131144" visible="true" version="1" changeset="184543088" timestamp="2026-06-24T20:02:51Z" user="GeoSylvaris" uid="24237008" lat="36.6280672" lon="101.7297667"/>
 <node id="13963131145" visible="true" version="1" changeset="184543088" timestamp="2026-06-24T20:02:51Z" user="GeoSylvaris" uid="24237008" lat="36.6281802" lon="101.7298271"/>
 <node id="13963131146" visible="true" version="1" changeset="184543088" timestamp="2026-06-24T20:02:51Z" user="GeoSylvaris" uid="24237008" lat="36.6283158" lon="101.7299464"/>
 <node id="13963131147" visible="true" version="1" changeset="184543088" timestamp="2026-06-24T20:02:51Z" user="GeoSylvaris" uid="24237008" lat="36.6283804" lon="101.7299961"/>
 <node id="13963131148" visible="true" version="1" changeset="184543088" timestamp="2026-06-24T20:02:51Z" user="GeoSylvaris" uid="24237008" lat="36.6284568" lon="101.7300430"/>
 <node id="13963131149" visible="true" version="1" changeset="184543088" timestamp="2026-06-24T20:02:51Z" user="GeoSylvaris" uid="24237008" lat="36.6285063" lon="101.7300966"/>
 <node id="13963131150" visible="true" version="1" changeset="184543088" timestamp="2026-06-24T20:02:51Z" user="GeoSylvaris" uid="24237008" lat="36.6285009" lon="101.7301530"/>
 <node id="13963131151" visible="true" version="1" changeset="184543088" timestamp="2026-06-24T20:02:51Z" user="GeoSylvaris" uid="24237008" lat="36.6284557" lon="101.7301999"/>
 <node id="13963131152" visible="true" version="1" changeset="184543088" timestamp="2026-06-24T20:02:51Z" user="GeoSylvaris" uid="24237008" lat="36.6283933" lon="101.7301986"/>
 <node id="13963131153" visible="true" version="1" changeset="184543088" timestamp="2026-06-24T20:02:51Z" user="GeoSylvaris" uid="24237008" lat="36.6283427" lon="101.7302576"/>
 <node id="13963131154" visible="true" version="1" changeset="184543088" timestamp="2026-06-24T20:02:51Z" user="GeoSylvaris" uid="24237008" lat="36.6282459" lon="101.7303058"/>
 <node id="13963131155" visible="true" version="1" changeset="184543088" timestamp="2026-06-24T20:02:51Z" user="GeoSylvaris" uid="24237008" lat="36.6280737" lon="101.7308423"/>
 <node id="13963131156" visible="true" version="1" changeset="184543088" timestamp="2026-06-24T20:02:51Z" user="GeoSylvaris" uid="24237008" lat="36.6273475" lon="101.7299545"/>
 <node id="13963131157" visible="true" version="1" changeset="184543088" timestamp="2026-06-24T20:02:51Z" user="GeoSylvaris" uid="24237008" lat="36.6274150" lon="101.7299974"/>
 <node id="13963131158" visible="true" version="1" changeset="184543088" timestamp="2026-06-24T20:02:51Z" user="GeoSylvaris" uid="24237008" lat="36.6276302" lon="101.7302683"/>
 <node id="13963131159" visible="true" version="1" changeset="184543088" timestamp="2026-06-24T20:02:51Z" user="GeoSylvaris" uid="24237008" lat="36.6277034" lon="101.7304695"/>
 <node id="13963131160" visible="true" version="1" changeset="184543088" timestamp="2026-06-24T20:02:51Z" user="GeoSylvaris" uid="24237008" lat="36.6278498" lon="101.7306653"/>
 <node id="13963131161" visible="true" version="1" changeset="184543088" timestamp="2026-06-24T20:02:51Z" user="GeoSylvaris" uid="24237008" lat="36.6279531" lon="101.7308664"/>
 <node id="13963131162" visible="true" version="1" changeset="184543088" timestamp="2026-06-24T20:02:51Z" user="GeoSylvaris" uid="24237008" lat="36.6280134" lon="101.7309952"/>
 <node id="13963131163" visible="true" version="1" changeset="184543088" timestamp="2026-06-24T20:02:51Z" user="GeoSylvaris" uid="24237008" lat="36.6297354" lon="101.7299129">
  <tag k="amenity" v="parking"/>
  <tag k="name" v="西野-停车场"/>
  <tag k="parking" v="surface"/>
 </node>
 <node id="13963131164" visible="true" version="1" changeset="184543088" timestamp="2026-06-24T20:02:51Z" user="GeoSylvaris" uid="24237008" lat="36.6288938" lon="101.7291552">
  <tag k="name" v="观光小火车售票处"/>
  <tag k="tourism" v="viewpoint"/>
 </node>
 <node id="13963131165" visible="true" version="1" changeset="184543088" timestamp="2026-06-24T20:02:51Z" user="GeoSylvaris" uid="24237008" lat="36.6288744" lon="101.7295468">
  <tag k="amenity" v="toilets"/>
  <tag k="female" v="yes"/>
  <tag k="male" v="yes"/>
  <tag k="name" v="厕所"/>
  <tag k="operator" v="西野"/>
  <tag k="unisex" v="yes"/>
 </node>
 <node id="13963131166" visible="true" version="1" changeset="184543088" timestamp="2026-06-24T20:02:51Z" user="GeoSylvaris" uid="24237008" lat="36.6255616" lon="101.7268968"/>
 <node id="13963131167" visible="true" version="1" changeset="184543088" timestamp="2026-06-24T20:02:51Z" user="GeoSylvaris" uid="24237008" lat="36.6254906" lon="101.7268780"/>
 <node id="13963131168" visible="true" version="1" changeset="184543088" timestamp="2026-06-24T20:02:51Z" user="GeoSylvaris" uid="24237008" lat="36.6255035" lon="101.7266701"/>
 <node id="13963131169" visible="true" version="1" changeset="184543088" timestamp="2026-06-24T20:02:51Z" user="GeoSylvaris" uid="24237008" lat="36.6255767" lon="101.7266889"/>
 <node id="13963131170" visible="true" version="1" changeset="184543088" timestamp="2026-06-24T20:02:51Z" user="GeoSylvaris" uid="24237008" lat="36.6253270" lon="101.7267975"/>
 <node id="13963131171" visible="true" version="1" changeset="184543088" timestamp="2026-06-24T20:02:51Z" user="GeoSylvaris" uid="24237008" lat="36.6252581" lon="101.7268833"/>
 <node id="13963131172" visible="true" version="1" changeset="184543088" timestamp="2026-06-24T20:02:51Z" user="GeoSylvaris" uid="24237008" lat="36.6250988" lon="101.7269692"/>
 <node id="13963131173" visible="true" version="1" changeset="184543088" timestamp="2026-06-24T20:02:51Z" user="GeoSylvaris" uid="24237008" lat="36.6249266" lon="101.7270014"/>
 <node id="13963131174" visible="true" version="1" changeset="184543088" timestamp="2026-06-24T20:02:51Z" user="GeoSylvaris" uid="24237008" lat="36.6248168" lon="101.7270845"/>
 <node id="13963131175" visible="true" version="3" changeset="184569307" timestamp="2026-06-25T07:31:47Z" user="GeoSylvaris" uid="24237008" lat="36.6243777" lon="101.7283894">
  <tag k="amenity" v="animal_breeding"/>
  <tag k="name" v="来西野! 看雪豹, 雪豹之乡 (关注CFCA谢谢喵)"/>
  <tag k="tourism" v="viewpoint"/>
 </node>
 <node id="13963131176" visible="true" version="3" changeset="184569307" timestamp="2026-06-25T07:31:47Z" user="GeoSylvaris" uid="24237008" lat="36.6242765" lon="101.7284390">
  <tag k="amenity" v="animal_breeding"/>
  <tag k="name" v="今日雪豹: 凌小蛰"/>
  <tag k="tourism" v="viewpoint"/>
 </node>
 <node id="13963131177" visible="true" version="1" changeset="184543088" timestamp="2026-06-24T20:02:51Z" user="GeoSylvaris" uid="24237008" lat="36.6243264" lon="101.7285108"/>
 <node id="13963131178" visible="true" version="1" changeset="184543088" timestamp="2026-06-24T20:02:51Z" user="GeoSylvaris" uid="24237008" lat="36.6242368" lon="101.7284742"/>
 <node id="13963131179" visible="true" version="1" changeset="184543088" timestamp="2026-06-24T20:02:51Z" user="GeoSylvaris" uid="24237008" lat="36.6242628" lon="101.7283654"/>
 <node id="13963131180" visible="true" version="1" changeset="184543088" timestamp="2026-06-24T20:02:51Z" user="GeoSylvaris" uid="24237008" lat="36.6243533" lon="101.7283982"/>
 <node id="13963131181" visible="true" version="1" changeset="184543088" timestamp="2026-06-24T20:02:51Z" user="GeoSylvaris" uid="24237008" lat="36.6242992" lon="101.7286248"/>
 <node id="13963131182" visible="true" version="1" changeset="184543088" timestamp="2026-06-24T20:02:51Z" user="GeoSylvaris" uid="24237008" lat="36.6242088" lon="101.7285912"/>
 <node id="13963131183" visible="true" version="1" changeset="184543088" timestamp="2026-06-24T20:02:51Z" user="GeoSylvaris" uid="24237008" lat="36.6242862" lon="101.7282674"/>
 <node id="13963131184" visible="true" version="1" changeset="184543088" timestamp="2026-06-24T20:02:51Z" user="GeoSylvaris" uid="24237008" lat="36.6243766" lon="101.7283009"/>
 <node id="13963131185" visible="true" version="3" changeset="184569307" timestamp="2026-06-25T07:31:47Z" user="GeoSylvaris" uid="24237008" lat="36.6244465" lon="101.7284685">
  <tag k="amenity" v="animal_breeding"/>
  <tag k="name" v="西野雪豹馆"/>
  <tag k="tourism" v="viewpoint"/>
 </node>
 <node id="13963131186" visible="true" version="1" changeset="184543088" timestamp="2026-06-24T20:02:51Z" user="GeoSylvaris" uid="24237008" lat="36.6259125" lon="101.7343506"/>
 <node id="13963131187" visible="true" version="1" changeset="184543088" timestamp="2026-06-24T20:02:51Z" user="GeoSylvaris" uid="24237008" lat="36.6259071" lon="101.7340730"/>
 <node id="13963131188" visible="true" version="1" changeset="184543088" timestamp="2026-06-24T20:02:51Z" user="GeoSylvaris" uid="24237008" lat="36.6258953" lon="101.7340113"/>
 <node id="13963131189" visible="true" version="1" changeset="184543088" timestamp="2026-06-24T20:02:51Z" user="GeoSylvaris" uid="24237008" lat="36.6258511" lon="101.7339657"/>
 <node id="13963131190" visible="true" version="1" changeset="184543088" timestamp="2026-06-24T20:02:51Z" user="GeoSylvaris" uid="24237008" lat="36.6257704" lon="101.7339335"/>
 <node id="13963131191" visible="true" version="1" changeset="184543088" timestamp="2026-06-24T20:02:51Z" user="GeoSylvaris" uid="24237008" lat="36.6256789" lon="101.7339014"/>
 <node id="13963131192" visible="true" version="1" changeset="184543088" timestamp="2026-06-24T20:02:51Z" user="GeoSylvaris" uid="24237008" lat="36.6255595" lon="101.7338853"/>
 <node id="13963131193" visible="true" version="1" changeset="184543088" timestamp="2026-06-24T20:02:51Z" user="GeoSylvaris" uid="24237008" lat="36.6254373" lon="101.7338879"/>
 <node id="13963131194" visible="true" version="1" changeset="184543088" timestamp="2026-06-24T20:02:51Z" user="GeoSylvaris" uid="24237008" lat="36.6270614" lon="101.7320084">
  <tag k="amenity" v="veterinary"/>
  <tag k="building" v="yes"/>
  <tag k="name" v="动物治疗中心"/>
 </node>
 <node id="13963131195" visible="true" version="1" changeset="184543088" timestamp="2026-06-24T20:02:51Z" user="GeoSylvaris" uid="24237008" lat="36.6270800" lon="101.7321115"/>
 <node id="13963131196" visible="true" version="1" changeset="184543088" timestamp="2026-06-24T20:02:51Z" user="GeoSylvaris" uid="24237008" lat="36.6270595" lon="101.7320438"/>
 <node id="13963131197" visible="true" version="1" changeset="184543088" timestamp="2026-06-24T20:02:51Z" user="GeoSylvaris" uid="24237008" lat="36.6267854" lon="101.7320924"/>
 <node id="13963131198" visible="true" version="1" changeset="184543088" timestamp="2026-06-24T20:02:51Z" user="GeoSylvaris" uid="24237008" lat="36.6270301" lon="101.7319772"/>
 <node id="13963131199" visible="true" version="1" changeset="184543088" timestamp="2026-06-24T20:02:51Z" user="GeoSylvaris" uid="24237008" lat="36.6270126" lon="101.7319194"/>
 <node id="13963131200" visible="true" version="1" changeset="184543088" timestamp="2026-06-24T20:02:51Z" user="GeoSylvaris" uid="24237008" lat="36.6268067" lon="101.7321628"/>
 <node id="13963131201" visible="true" version="1" changeset="184543088" timestamp="2026-06-24T20:02:51Z" user="GeoSylvaris" uid="24237008" lat="36.6271493" lon="101.7320789"/>
 <node id="13963131202" visible="true" version="1" changeset="184543088" timestamp="2026-06-24T20:02:51Z" user="GeoSylvaris" uid="24237008" lat="36.6270899" lon="101.7318830"/>
 <node id="13963131203" visible="true" version="1" changeset="184543088" timestamp="2026-06-24T20:02:51Z" user="GeoSylvaris" uid="24237008" lat="36.6265023" lon="101.7323390"/>
 <node id="13963131204" visible="true" version="1" changeset="184543088" timestamp="2026-06-24T20:02:51Z" user="GeoSylvaris" uid="24237008" lat="36.6266099" lon="101.7322987"/>
 <node id="13963131205" visible="true" version="1" changeset="184543088" timestamp="2026-06-24T20:02:51Z" user="GeoSylvaris" uid="24237008" lat="36.6268919" lon="101.7321995"/>
 <node id="13963131206" visible="true" version="1" changeset="184543088" timestamp="2026-06-24T20:02:51Z" user="GeoSylvaris" uid="24237008" lat="36.6271976" lon="101.7320788"/>
 <node id="13963131207" visible="true" version="1" changeset="184543088" timestamp="2026-06-24T20:02:51Z" user="GeoSylvaris" uid="24237008" lat="36.6275678" lon="101.7319044"/>
 <node id="13963131208" visible="true" version="1" changeset="184543088" timestamp="2026-06-24T20:02:51Z" user="GeoSylvaris" uid="24237008" lat="36.6277185" lon="101.7318615"/>
 <node id="13963131209" visible="true" version="1" changeset="184543088" timestamp="2026-06-24T20:02:51Z" user="GeoSylvaris" uid="24237008" lat="36.6278412" lon="101.7318615"/>
 <node id="13963131210" visible="true" version="1" changeset="184543088" timestamp="2026-06-24T20:02:51Z" user="GeoSylvaris" uid="24237008" lat="36.6278380" lon="101.7342782">
  <tag k="amenity" v="toilets"/>
  <tag k="female" v="yes"/>
  <tag k="male" v="yes"/>
  <tag k="name" v="厕所"/>
  <tag k="operator" v="西野"/>
  <tag k="unisex" v="yes"/>
 </node>
 <node id="13963131211" visible="true" version="1" changeset="184543088" timestamp="2026-06-24T20:02:51Z" user="GeoSylvaris" uid="24237008" lat="36.6277937" lon="101.7332998"/>
 <node id="13963131212" visible="true" version="1" changeset="184543088" timestamp="2026-06-24T20:02:51Z" user="GeoSylvaris" uid="24237008" lat="36.6277637" lon="101.7334548"/>
 <node id="13963131213" visible="true" version="1" changeset="184543088" timestamp="2026-06-24T20:02:51Z" user="GeoSylvaris" uid="24237008" lat="36.6277357" lon="101.7335460"/>
 <node id="13963131214" visible="true" version="1" changeset="184543088" timestamp="2026-06-24T20:02:51Z" user="GeoSylvaris" uid="24237008" lat="36.6276668" lon="101.7336854"/>
 <node id="13963131215" visible="true" version="1" changeset="184543088" timestamp="2026-06-24T20:02:51Z" user="GeoSylvaris" uid="24237008" lat="36.6276582" lon="101.7337619"/>
 <node id="13963131216" visible="true" version="1" changeset="184543088" timestamp="2026-06-24T20:02:51Z" user="GeoSylvaris" uid="24237008" lat="36.6276593" lon="101.7338262"/>
 <node id="13963131217" visible="true" version="1" changeset="184543088" timestamp="2026-06-24T20:02:51Z" user="GeoSylvaris" uid="24237008" lat="36.6276905" lon="101.7338853"/>
 <node id="13963131218" visible="true" version="1" changeset="184543088" timestamp="2026-06-24T20:02:51Z" user="GeoSylvaris" uid="24237008" lat="36.6277475" lon="101.7339241"/>
 <node id="13963131219" visible="true" version="1" changeset="184543088" timestamp="2026-06-24T20:02:51Z" user="GeoSylvaris" uid="24237008" lat="36.6277986" lon="101.7339579"/>
 <node id="13963131220" visible="true" version="1" changeset="184543088" timestamp="2026-06-24T20:02:51Z" user="GeoSylvaris" uid="24237008" lat="36.6279640" lon="101.7328210"/>
 <node id="13963131221" visible="true" version="1" changeset="184543088" timestamp="2026-06-24T20:02:51Z" user="GeoSylvaris" uid="24237008" lat="36.6280468" lon="101.7326796"/>
 <node id="13963131222" visible="true" version="1" changeset="184543088" timestamp="2026-06-24T20:02:51Z" user="GeoSylvaris" uid="24237008" lat="36.6280941" lon="101.7325938"/>
 <node id="13963131223" visible="true" version="1" changeset="184543088" timestamp="2026-06-24T20:02:51Z" user="GeoSylvaris" uid="24237008" lat="36.6281813" lon="101.7325214"/>
 <node id="13963131224" visible="true" version="1" changeset="184543088" timestamp="2026-06-24T20:02:51Z" user="GeoSylvaris" uid="24237008" lat="36.6282642" lon="101.7324892"/>
 <node id="13963131225" visible="true" version="1" changeset="184543088" timestamp="2026-06-24T20:02:51Z" user="GeoSylvaris" uid="24237008" lat="36.6283779" lon="101.7325003"/>
 <node id="13963131226" visible="true" version="1" changeset="184543088" timestamp="2026-06-24T20:02:51Z" user="GeoSylvaris" uid="24237008" lat="36.6279854" lon="101.7328271"/>
 <node id="13963131227" visible="true" version="1" changeset="184543088" timestamp="2026-06-24T20:02:51Z" user="GeoSylvaris" uid="24237008" lat="36.6280338" lon="101.7328700"/>
 <node id="13963131228" visible="true" version="1" changeset="184543088" timestamp="2026-06-24T20:02:51Z" user="GeoSylvaris" uid="24237008" lat="36.6280457" lon="101.7329679"/>
 <node id="13963131229" visible="true" version="1" changeset="184543088" timestamp="2026-06-24T20:02:51Z" user="GeoSylvaris" uid="24237008" lat="36.6279368" lon="101.7333324"/>
 <node id="13963131230" visible="true" version="1" changeset="184543088" timestamp="2026-06-24T20:02:51Z" user="GeoSylvaris" uid="24237008" lat="36.6275361" lon="101.7332412"/>
 <node id="13963131231" visible="true" version="1" changeset="184543088" timestamp="2026-06-24T20:02:51Z" user="GeoSylvaris" uid="24237008" lat="36.6276808" lon="101.7328580"/>
 <node id="13963131232" visible="true" version="1" changeset="184543088" timestamp="2026-06-24T20:02:51Z" user="GeoSylvaris" uid="24237008" lat="36.6277508" lon="101.7327681"/>
 <node id="13963131233" visible="true" version="1" changeset="184543088" timestamp="2026-06-24T20:02:51Z" user="GeoSylvaris" uid="24237008" lat="36.6277938" lon="101.7327695"/>
 <node id="13963131234" visible="true" version="1" changeset="184543088" timestamp="2026-06-24T20:02:51Z" user="GeoSylvaris" uid="24237008" lat="36.6278692" lon="101.7327936"/>
 <node id="13963131235" visible="true" version="1" changeset="184543088" timestamp="2026-06-24T20:02:51Z" user="GeoSylvaris" uid="24237008" lat="36.6277204" lon="101.7332831"/>
 <node id="13963131236" visible="true" version="1" changeset="184543088" timestamp="2026-06-24T20:02:51Z" user="GeoSylvaris" uid="24237008" lat="36.6274068" lon="101.7332118"/>
 <node id="13963131237" visible="true" version="1" changeset="184543088" timestamp="2026-06-24T20:02:51Z" user="GeoSylvaris" uid="24237008" lat="36.6280260" lon="101.7333526"/>
 <node id="13963131238" visible="true" version="1" changeset="184543088" timestamp="2026-06-24T20:02:51Z" user="GeoSylvaris" uid="24237008" lat="36.6285537" lon="101.7334682"/>
 <node id="13963131239" visible="true" version="1" changeset="184543088" timestamp="2026-06-24T20:02:51Z" user="GeoSylvaris" uid="24237008" lat="36.6285031" lon="101.7335030"/>
 <node id="13963131240" visible="true" version="1" changeset="184543088" timestamp="2026-06-24T20:02:51Z" user="GeoSylvaris" uid="24237008" lat="36.6284613" lon="101.7335340"/>
 <node id="13963131241" visible="true" version="1" changeset="184543088" timestamp="2026-06-24T20:02:51Z" user="GeoSylvaris" uid="24237008" lat="36.6284191" lon="101.7335714"/>
 <node id="13963131242" visible="true" version="1" changeset="184543088" timestamp="2026-06-24T20:02:51Z" user="GeoSylvaris" uid="24237008" lat="36.6283841" lon="101.7335548"/>
 <node id="13963131243" visible="true" version="1" changeset="184543088" timestamp="2026-06-24T20:02:51Z" user="GeoSylvaris" uid="24237008" lat="36.6283169" lon="101.7335245"/>
 <node id="13963131244" visible="true" version="1" changeset="184543088" timestamp="2026-06-24T20:02:51Z" user="GeoSylvaris" uid="24237008" lat="36.6282814" lon="101.7334883"/>
 <node id="13963131245" visible="true" version="1" changeset="184543088" timestamp="2026-06-24T20:02:51Z" user="GeoSylvaris" uid="24237008" lat="36.6282986" lon="101.7333904"/>
 <node id="13963131246" visible="true" version="1" changeset="184543088" timestamp="2026-06-24T20:02:51Z" user="GeoSylvaris" uid="24237008" lat="36.6283212" lon="101.7332683"/>
 <node id="13963131247" visible="true" version="1" changeset="184543088" timestamp="2026-06-24T20:02:51Z" user="GeoSylvaris" uid="24237008" lat="36.6283320" lon="101.7331436"/>
 <node id="13963131248" visible="true" version="1" changeset="184543088" timestamp="2026-06-24T20:02:51Z" user="GeoSylvaris" uid="24237008" lat="36.6283363" lon="101.7330256"/>
 <node id="13963131249" visible="true" version="1" changeset="184543088" timestamp="2026-06-24T20:02:51Z" user="GeoSylvaris" uid="24237008" lat="36.6283341" lon="101.7329143"/>
 <node id="13963131250" visible="true" version="1" changeset="184543088" timestamp="2026-06-24T20:02:51Z" user="GeoSylvaris" uid="24237008" lat="36.6283255" lon="101.7327990"/>
 <node id="13963131251" visible="true" version="1" changeset="184543088" timestamp="2026-06-24T20:02:51Z" user="GeoSylvaris" uid="24237008" lat="36.6287971" lon="101.7330954"/>
 <node id="13963131252" visible="true" version="1" changeset="184543088" timestamp="2026-06-24T20:02:51Z" user="GeoSylvaris" uid="24237008" lat="36.6287345" lon="101.7331597"/>
 <node id="13963131253" visible="true" version="1" changeset="184543088" timestamp="2026-06-24T20:02:51Z" user="GeoSylvaris" uid="24237008" lat="36.6287119" lon="101.7331865"/>
 <node id="13963131254" visible="true" version="1" changeset="184543088" timestamp="2026-06-24T20:02:51Z" user="GeoSylvaris" uid="24237008" lat="36.6286850" lon="101.7332549"/>
 <node id="13963131255" visible="true" version="1" changeset="184543088" timestamp="2026-06-24T20:02:51Z" user="GeoSylvaris" uid="24237008" lat="36.6286484" lon="101.7333287"/>
 <node id="13963131256" visible="true" version="1" changeset="184543088" timestamp="2026-06-24T20:02:51Z" user="GeoSylvaris" uid="24237008" lat="36.6286107" lon="101.7334065"/>
 <node id="13963131257" visible="true" version="1" changeset="184543088" timestamp="2026-06-24T20:02:51Z" user="GeoSylvaris" uid="24237008" lat="36.6285752" lon="101.7334253"/>
 <node id="13963131258" visible="true" version="1" changeset="184543088" timestamp="2026-06-24T20:02:51Z" user="GeoSylvaris" uid="24237008" lat="36.6285720" lon="101.7333582"/>
 <node id="13963131259" visible="true" version="1" changeset="184543088" timestamp="2026-06-24T20:02:51Z" user="GeoSylvaris" uid="24237008" lat="36.6285946" lon="101.7332751"/>
 <node id="13963131260" visible="true" version="1" changeset="184543088" timestamp="2026-06-24T20:02:51Z" user="GeoSylvaris" uid="24237008" lat="36.6286226" lon="101.7331906"/>
 <node id="13963131261" visible="true" version="1" changeset="184543088" timestamp="2026-06-24T20:02:51Z" user="GeoSylvaris" uid="24237008" lat="36.6286279" lon="101.7330819"/>
 <node id="13963131262" visible="true" version="1" changeset="184543088" timestamp="2026-06-24T20:02:51Z" user="GeoSylvaris" uid="24237008" lat="36.6286078" lon="101.7330099"/>
 <node id="13963131263" visible="true" version="1" changeset="184543088" timestamp="2026-06-24T20:02:51Z" user="GeoSylvaris" uid="24237008" lat="36.6285634" lon="101.7329451"/>
 <node id="13963131264" visible="true" version="1" changeset="184543088" timestamp="2026-06-24T20:02:51Z" user="GeoSylvaris" uid="24237008" lat="36.6285182" lon="101.7328969"/>
 <node id="13963131265" visible="true" version="1" changeset="184543088" timestamp="2026-06-24T20:02:51Z" user="GeoSylvaris" uid="24237008" lat="36.6284396" lon="101.7328311"/>
 <node id="13963131266" visible="true" version="1" changeset="184543088" timestamp="2026-06-24T20:02:51Z" user="GeoSylvaris" uid="24237008" lat="36.6283675" lon="101.7327788"/>
 <node id="13963131267" visible="true" version="3" changeset="184569307" timestamp="2026-06-25T07:31:47Z" user="GeoSylvaris" uid="24237008" lat="36.6283051" lon="101.7330149">
  <tag k="amenity" v="animal_breeding"/>
  <tag k="name" v="鹦鹉馆"/>
  <tag k="tourism" v="viewpoint"/>
 </node>
 <node id="13963131268" visible="true" version="1" changeset="184543088" timestamp="2026-06-24T20:02:51Z" user="GeoSylvaris" uid="24237008" lat="36.6283210" lon="101.7329429"/>
 <node id="13963131269" visible="true" version="1" changeset="184543088" timestamp="2026-06-24T20:02:51Z" user="GeoSylvaris" uid="24237008" lat="36.6283413" lon="101.7329583"/>
 <node id="13963131270" visible="true" version="1" changeset="184543088" timestamp="2026-06-24T20:02:51Z" user="GeoSylvaris" uid="24237008" lat="36.6283554" lon="101.7329821"/>
 <node id="13963131271" visible="true" version="1" changeset="184543088" timestamp="2026-06-24T20:02:51Z" user="GeoSylvaris" uid="24237008" lat="36.6283610" lon="101.7330109"/>
 <node id="13963131272" visible="true" version="1" changeset="184543088" timestamp="2026-06-24T20:02:51Z" user="GeoSylvaris" uid="24237008" lat="36.6283574" lon="101.7330401"/>
 <node id="13963131273" visible="true" version="1" changeset="184543088" timestamp="2026-06-24T20:02:51Z" user="GeoSylvaris" uid="24237008" lat="36.6283451" lon="101.7330654"/>
 <node id="13963131274" visible="true" version="1" changeset="184543088" timestamp="2026-06-24T20:02:51Z" user="GeoSylvaris" uid="24237008" lat="36.6283260" lon="101.7330829"/>
 <node id="13963131275" visible="true" version="1" changeset="184543088" timestamp="2026-06-24T20:02:51Z" user="GeoSylvaris" uid="24237008" lat="36.6282794" lon="101.7330855"/>
 <node id="13963131276" visible="true" version="1" changeset="184543088" timestamp="2026-06-24T20:02:51Z" user="GeoSylvaris" uid="24237008" lat="36.6282591" lon="101.7330702"/>
 <node id="13963131277" visible="true" version="1" changeset="184543088" timestamp="2026-06-24T20:02:51Z" user="GeoSylvaris" uid="24237008" lat="36.6282451" lon="101.7330463"/>
 <node id="13963131278" visible="true" version="1" changeset="184543088" timestamp="2026-06-24T20:02:51Z" user="GeoSylvaris" uid="24237008" lat="36.6282394" lon="101.7330176"/>
 <node id="13963131279" visible="true" version="1" changeset="184543088" timestamp="2026-06-24T20:02:51Z" user="GeoSylvaris" uid="24237008" lat="36.6282430" lon="101.7329883"/>
 <node id="13963131280" visible="true" version="1" changeset="184543088" timestamp="2026-06-24T20:02:51Z" user="GeoSylvaris" uid="24237008" lat="36.6282553" lon="101.7329630"/>
 <node id="13963131281" visible="true" version="1" changeset="184543088" timestamp="2026-06-24T20:02:51Z" user="GeoSylvaris" uid="24237008" lat="36.6282745" lon="101.7329455"/>
 <node id="13963131282" visible="true" version="1" changeset="184543088" timestamp="2026-06-24T20:02:51Z" user="GeoSylvaris" uid="24237008" lat="36.6283029" lon="101.7330900"/>
 <node id="13963131283" visible="true" version="1" changeset="184543088" timestamp="2026-06-24T20:02:51Z" user="GeoSylvaris" uid="24237008" lat="36.6282975" lon="101.7329384"/>
 <node id="13963131284" visible="true" version="3" changeset="184569307" timestamp="2026-06-25T07:31:47Z" user="GeoSylvaris" uid="24237008" lat="36.6281404" lon="101.7336103">
  <tag k="amenity" v="animal_breeding"/>
  <tag k="name" v="豹馆"/>
  <tag k="tourism" v="viewpoint"/>
 </node>
 <node id="13963131285" visible="true" version="3" changeset="184569307" timestamp="2026-06-25T07:31:47Z" user="GeoSylvaris" uid="24237008" lat="36.6280586" lon="101.7325482">
  <tag k="amenity" v="animal_breeding"/>
  <tag k="name" v="浣熊"/>
  <tag k="tourism" v="viewpoint"/>
 </node>
 <node id="13963131286" visible="true" version="3" changeset="184569307" timestamp="2026-06-25T07:31:47Z" user="GeoSylvaris" uid="24237008" lat="36.6277185" lon="101.7330766">
  <tag k="amenity" v="animal_breeding"/>
  <tag k="name" v="代数馆"/>
  <tag k="tourism" v="viewpoint"/>
 </node>
 <node id="13963131287" visible="true" version="3" changeset="184569307" timestamp="2026-06-25T07:31:47Z" user="GeoSylvaris" uid="24237008" lat="36.6275506" lon="101.7335165">
  <tag k="amenity" v="animal_breeding"/>
  <tag k="name" v="小型猫科馆"/>
  <tag k="tourism" v="viewpoint"/>
 </node>
 <node id="13963131288" visible="true" version="3" changeset="184569307" timestamp="2026-06-25T07:31:47Z" user="GeoSylvaris" uid="24237008" lat="36.6269220" lon="101.7334092">
  <tag k="amenity" v="animal_breeding"/>
  <tag k="name" v="食草动物区"/>
  <tag k="tourism" v="viewpoint"/>
 </node>
 <node id="13963131289" visible="true" version="1" changeset="184543088" timestamp="2026-06-24T20:02:51Z" user="GeoSylvaris" uid="24237008" lat="36.6271649" lon="101.7330828"/>
 <node id="13963131290" visible="true" version="1" changeset="184543088" timestamp="2026-06-24T20:02:51Z" user="GeoSylvaris" uid="24237008" lat="36.6267843" lon="101.7332616"/>
 <node id="13963131291" visible="true" version="1" changeset="184543088" timestamp="2026-06-24T20:02:51Z" user="GeoSylvaris" uid="24237008" lat="36.6267197" lon="101.7333046"/>
 <node id="13963131292" visible="true" version="1" changeset="184543088" timestamp="2026-06-24T20:02:51Z" user="GeoSylvaris" uid="24237008" lat="36.6266357" lon="101.7333743"/>
 <node id="13963131294" visible="true" version="4" changeset="184569307" timestamp="2026-06-25T09:41:59Z" user="GeoSylvaris" uid="24237008" lat="36.6254604" lon="101.7306793">
  <tag k="amenity" v="animal_breeding"/>
  <tag k="building" v="猛兽区"/>
  <tag k="name" v="猛兽区"/>
  <tag k="tourism" v="viewpoint"/>
 </node>
 <node id="13963131295" visible="true" version="1" changeset="184543088" timestamp="2026-06-24T20:02:51Z" user="GeoSylvaris" uid="24237008" lat="36.6253916" lon="101.7297828">
  <tag k="amenity" v="toilets"/>
  <tag k="female" v="yes"/>
  <tag k="male" v="yes"/>
  <tag k="name" v="厕所"/>
  <tag k="operator" v="西野"/>
  <tag k="unisex" v="yes"/>
 </node>
 <node id="13963131296" visible="true" version="1" changeset="184543088" timestamp="2026-06-24T20:02:51Z" user="GeoSylvaris" uid="24237008" lat="36.6260955" lon="101.7280260">
  <tag k="amenity" v="toilets"/>
  <tag k="female" v="yes"/>
  <tag k="male" v="yes"/>
  <tag k="name" v="牦牛馆旁厕所"/>
  <tag k="operator" v="西野"/>
  <tag k="unisex" v="yes"/>
 </node>
 <node id="13963131297" visible="true" version="1" changeset="184543088" timestamp="2026-06-24T20:02:51Z" user="GeoSylvaris" uid="24237008" lat="36.6263170" lon="101.7289180"/>
 <node id="13963131298" visible="true" version="1" changeset="184543088" timestamp="2026-06-24T20:02:51Z" user="GeoSylvaris" uid="24237008" lat="36.6263279" lon="101.7287676"/>
 <node id="13963131299" visible="true" version="2" changeset="184569307" timestamp="2026-06-25T09:41:59Z" user="GeoSylvaris" uid="24237008" lat="36.6263725" lon="101.7283127"/>
 <node id="13963131300" visible="true" version="2" changeset="184569307" timestamp="2026-06-25T09:41:59Z" user="GeoSylvaris" uid="24237008" lat="36.6263623" lon="101.7283907"/>
 <node id="13963131301" visible="true" version="2" changeset="184569307" timestamp="2026-06-25T09:41:59Z" user="GeoSylvaris" uid="24237008" lat="36.6263581" lon="101.7284860"/>
 <node id="13963131302" visible="true" version="2" changeset="184569307" timestamp="2026-06-25T09:41:59Z" user="GeoSylvaris" uid="24237008" lat="36.6264334" lon="101.7284806"/>
 <node id="13963131303" visible="true" version="2" changeset="184569307" timestamp="2026-06-25T09:41:59Z" user="GeoSylvaris" uid="24237008" lat="36.6264894" lon="101.7285021"/>
 <node id="13963131304" visible="true" version="2" changeset="184569307" timestamp="2026-06-25T09:41:59Z" user="GeoSylvaris" uid="24237008" lat="36.6265496" lon="101.7285021"/>
 <node id="13963131305" visible="true" version="2" changeset="184569307" timestamp="2026-06-25T09:41:59Z" user="GeoSylvaris" uid="24237008" lat="36.6266282" lon="101.7285034"/>
 <node id="13963131306" visible="true" version="2" changeset="184569307" timestamp="2026-06-25T09:41:59Z" user="GeoSylvaris" uid="24237008" lat="36.6267638" lon="101.7285678"/>
 <node id="13963131307" visible="true" version="2" changeset="184569307" timestamp="2026-06-25T09:41:59Z" user="GeoSylvaris" uid="24237008" lat="36.6268305" lon="101.7285678"/>
 <node id="13963131308" visible="true" version="2" changeset="184569307" timestamp="2026-06-25T09:41:59Z" user="GeoSylvaris" uid="24237008" lat="36.6270544" lon="101.7287944"/>
 <node id="13963131309" visible="true" version="2" changeset="184569307" timestamp="2026-06-25T09:41:59Z" user="GeoSylvaris" uid="24237008" lat="36.6271338" lon="101.7288878"/>
 <node id="13963131310" visible="true" version="2" changeset="184569307" timestamp="2026-06-25T09:41:59Z" user="GeoSylvaris" uid="24237008" lat="36.6271868" lon="101.7289392"/>
 <node id="13963131311" visible="true" version="2" changeset="184569307" timestamp="2026-06-25T09:41:59Z" user="GeoSylvaris" uid="24237008" lat="36.6272110" lon="101.7290137"/>
 <node id="13963131312" visible="true" version="2" changeset="184569307" timestamp="2026-06-25T09:41:59Z" user="GeoSylvaris" uid="24237008" lat="36.6272121" lon="101.7290896"/>
 <node id="13963131313" visible="true" version="2" changeset="184569307" timestamp="2026-06-25T09:41:59Z" user="GeoSylvaris" uid="24237008" lat="36.6271776" lon="101.7292021"/>
 <node id="13963131314" visible="true" version="2" changeset="184569307" timestamp="2026-06-25T09:41:59Z" user="GeoSylvaris" uid="24237008" lat="36.6271546" lon="101.7292773"/>
 <node id="13963131315" visible="true" version="3" changeset="184569307" timestamp="2026-06-25T07:31:47Z" user="GeoSylvaris" uid="24237008" lat="36.6264829" lon="101.7286509">
  <tag k="amenity" v="animal_breeding"/>
  <tag k="name" v="孔雀园"/>
  <tag k="tourism" v="viewpoint"/>
 </node>
 <node id="13963131316" visible="true" version="2" changeset="184569307" timestamp="2026-06-25T07:55:41Z" user="GeoSylvaris" uid="24237008" lat="36.6271954" lon="101.7298794">
  <tag k="amenity" v="animal_breeding"/>
  <tag k="name" v="百鸟苑"/>
  <tag k="tourism" v="viewpoint"/>
 </node>
 <node id="13963131317" visible="true" version="1" changeset="184543088" timestamp="2026-06-24T20:02:51Z" user="GeoSylvaris" uid="24237008" lat="36.6275990" lon="101.7269464"/>
 <node id="13963131318" visible="true" version="1" changeset="184543088" timestamp="2026-06-24T20:02:51Z" user="GeoSylvaris" uid="24237008" lat="36.6276399" lon="101.7269880"/>
 <node id="13963131319" visible="true" version="1" changeset="184543088" timestamp="2026-06-24T20:02:51Z" user="GeoSylvaris" uid="24237008" lat="36.6276991" lon="101.7270751"/>
 <node id="13963131320" visible="true" version="1" changeset="184543088" timestamp="2026-06-24T20:02:51Z" user="GeoSylvaris" uid="24237008" lat="36.6277465" lon="101.7271368"/>
 <node id="13963131321" visible="true" version="1" changeset="184543088" timestamp="2026-06-24T20:02:51Z" user="GeoSylvaris" uid="24237008" lat="36.6277702" lon="101.7272294"/>
 <node id="13963131322" visible="true" version="1" changeset="184543088" timestamp="2026-06-24T20:02:51Z" user="GeoSylvaris" uid="24237008" lat="36.6277755" lon="101.7273273"/>
 <node id="13963131323" visible="true" version="1" changeset="184543088" timestamp="2026-06-24T20:02:51Z" user="GeoSylvaris" uid="24237008" lat="36.6277745" lon="101.7274158"/>
 <node id="13963131324" visible="true" version="1" changeset="184543088" timestamp="2026-06-24T20:02:51Z" user="GeoSylvaris" uid="24237008" lat="36.6277497" lon="101.7274761"/>
 <node id="13963131325" visible="true" version="1" changeset="184543088" timestamp="2026-06-24T20:02:51Z" user="GeoSylvaris" uid="24237008" lat="36.6276636" lon="101.7275365"/>
 <node id="13963131326" visible="true" version="1" changeset="184543088" timestamp="2026-06-24T20:02:51Z" user="GeoSylvaris" uid="24237008" lat="36.6276023" lon="101.7275365"/>
 <node id="13963131327" visible="true" version="1" changeset="184543088" timestamp="2026-06-24T20:02:51Z" user="GeoSylvaris" uid="24237008" lat="36.6275344" lon="101.7274882"/>
 <node id="13963131328" visible="true" version="1" changeset="184543088" timestamp="2026-06-24T20:02:51Z" user="GeoSylvaris" uid="24237008" lat="36.6275011" lon="101.7274077"/>
 <node id="13963131329" visible="true" version="1" changeset="184543088" timestamp="2026-06-24T20:02:51Z" user="GeoSylvaris" uid="24237008" lat="36.6274623" lon="101.7273407"/>
 <node id="13963131330" visible="true" version="1" changeset="184543088" timestamp="2026-06-24T20:02:51Z" user="GeoSylvaris" uid="24237008" lat="36.6274128" lon="101.7272843"/>
 <node id="13963131331" visible="true" version="1" changeset="184543088" timestamp="2026-06-24T20:02:51Z" user="GeoSylvaris" uid="24237008" lat="36.6273515" lon="101.7272535"/>
 <node id="13963131332" visible="true" version="1" changeset="184543088" timestamp="2026-06-24T20:02:51Z" user="GeoSylvaris" uid="24237008" lat="36.6272944" lon="101.7272428"/>
 <node id="13963131333" visible="true" version="1" changeset="184543088" timestamp="2026-06-24T20:02:51Z" user="GeoSylvaris" uid="24237008" lat="36.6272040" lon="101.7272025"/>
 <node id="13963131334" visible="true" version="1" changeset="184543088" timestamp="2026-06-24T20:02:51Z" user="GeoSylvaris" uid="24237008" lat="36.6271890" lon="101.7271395"/>
 <node id="13963131335" visible="true" version="1" changeset="184543088" timestamp="2026-06-24T20:02:51Z" user="GeoSylvaris" uid="24237008" lat="36.6271868" lon="101.7270322"/>
 <node id="13963131336" visible="true" version="1" changeset="184543088" timestamp="2026-06-24T20:02:51Z" user="GeoSylvaris" uid="24237008" lat="36.6272169" lon="101.7269571"/>
 <node id="13963131337" visible="true" version="1" changeset="184543088" timestamp="2026-06-24T20:02:51Z" user="GeoSylvaris" uid="24237008" lat="36.6272837" lon="101.7269383"/>
 <node id="13963131338" visible="true" version="1" changeset="184543088" timestamp="2026-06-24T20:02:51Z" user="GeoSylvaris" uid="24237008" lat="36.6273267" lon="101.7269142"/>
 <node id="13963131339" visible="true" version="1" changeset="184543088" timestamp="2026-06-24T20:02:51Z" user="GeoSylvaris" uid="24237008" lat="36.6273633" lon="101.7268498"/>
 <node id="13963131340" visible="true" version="1" changeset="184543088" timestamp="2026-06-24T20:02:51Z" user="GeoSylvaris" uid="24237008" lat="36.6273752" lon="101.7267586"/>
 <node id="13963131341" visible="true" version="1" changeset="184543088" timestamp="2026-06-24T20:02:51Z" user="GeoSylvaris" uid="24237008" lat="36.6274118" lon="101.7266862"/>
 <node id="13963131342" visible="true" version="1" changeset="184543088" timestamp="2026-06-24T20:02:51Z" user="GeoSylvaris" uid="24237008" lat="36.6274935" lon="101.7266527"/>
 <node id="13963131343" visible="true" version="1" changeset="184543088" timestamp="2026-06-24T20:02:51Z" user="GeoSylvaris" uid="24237008" lat="36.6275710" lon="101.7266446"/>
 <node id="13963131344" visible="true" version="1" changeset="184543088" timestamp="2026-06-24T20:02:51Z" user="GeoSylvaris" uid="24237008" lat="36.6276528" lon="101.7266379"/>
 <node id="13963131345" visible="true" version="1" changeset="184543088" timestamp="2026-06-24T20:02:51Z" user="GeoSylvaris" uid="24237008" lat="36.6277400" lon="101.7266983"/>
 <node id="13963131346" visible="true" version="1" changeset="184543088" timestamp="2026-06-24T20:02:51Z" user="GeoSylvaris" uid="24237008" lat="36.6278014" lon="101.7267667"/>
 <node id="13963131347" visible="true" version="1" changeset="184543088" timestamp="2026-06-24T20:02:51Z" user="GeoSylvaris" uid="24237008" lat="36.6278584" lon="101.7269222"/>
 <node id="13963131348" visible="true" version="1" changeset="184543088" timestamp="2026-06-24T20:02:51Z" user="GeoSylvaris" uid="24237008" lat="36.6278778" lon="101.7270792"/>
 <node id="13963131349" visible="true" version="1" changeset="184543088" timestamp="2026-06-24T20:02:51Z" user="GeoSylvaris" uid="24237008" lat="36.6278789" lon="101.7272723"/>
 <node id="13963131350" visible="true" version="1" changeset="184543088" timestamp="2026-06-24T20:02:51Z" user="GeoSylvaris" uid="24237008" lat="36.6279101" lon="101.7273326"/>
 <node id="13963131351" visible="true" version="1" changeset="184543088" timestamp="2026-06-24T20:02:51Z" user="GeoSylvaris" uid="24237008" lat="36.6279817" lon="101.7273580"/>
 <node id="13963131352" visible="true" version="1" changeset="184543088" timestamp="2026-06-24T20:02:51Z" user="GeoSylvaris" uid="24237008" lat="36.6275700" lon="101.7271060">
  <tag k="name" v="西宁熊猫馆"/>
  <tag k="tourism" v="zoo"/>
 </node>
 <node id="13963131353" visible="true" version="1" changeset="184543088" timestamp="2026-06-24T20:02:51Z" user="GeoSylvaris" uid="24237008" lat="36.6278293" lon="101.7269209"/>
 <node id="13963131354" visible="true" version="1" changeset="184543088" timestamp="2026-06-24T20:02:51Z" user="GeoSylvaris" uid="24237008" lat="36.6278283" lon="101.7270121"/>
 <node id="13963131355" visible="true" version="1" changeset="184543088" timestamp="2026-06-24T20:02:51Z" user="GeoSylvaris" uid="24237008" lat="36.6278401" lon="101.7270912"/>
 <node id="13963131356" visible="true" version="1" changeset="184543088" timestamp="2026-06-24T20:02:51Z" user="GeoSylvaris" uid="24237008" lat="36.6278186" lon="101.7271489"/>
 <node id="13963131357" visible="true" version="1" changeset="184543088" timestamp="2026-06-24T20:02:51Z" user="GeoSylvaris" uid="24237008" lat="36.6278132" lon="101.7272240"/>
 <node id="13963131358" visible="true" version="1" changeset="184543088" timestamp="2026-06-24T20:02:51Z" user="GeoSylvaris" uid="24237008" lat="36.6278197" lon="101.7272910"/>
 <node id="13963131359" visible="true" version="1" changeset="184543088" timestamp="2026-06-24T20:02:51Z" user="GeoSylvaris" uid="24237008" lat="36.6278250" lon="101.7273554"/>
 <node id="13963131360" visible="true" version="1" changeset="184543088" timestamp="2026-06-24T20:02:51Z" user="GeoSylvaris" uid="24237008" lat="36.6278197" lon="101.7274198"/>
 <node id="13963131361" visible="true" version="1" changeset="184543088" timestamp="2026-06-24T20:02:51Z" user="GeoSylvaris" uid="24237008" lat="36.6278035" lon="101.7274855"/>
 <node id="13963131362" visible="true" version="1" changeset="184543088" timestamp="2026-06-24T20:02:51Z" user="GeoSylvaris" uid="24237008" lat="36.6277755" lon="101.7275298"/>
 <node id="13963131363" visible="true" version="1" changeset="184543088" timestamp="2026-06-24T20:02:51Z" user="GeoSylvaris" uid="24237008" lat="36.6277282" lon="101.7275579"/>
 <node id="13963131364" visible="true" version="1" changeset="184543088" timestamp="2026-06-24T20:02:51Z" user="GeoSylvaris" uid="24237008" lat="36.6276937" lon="101.7275700"/>
 <node id="13963131365" visible="true" version="1" changeset="184543088" timestamp="2026-06-24T20:02:51Z" user="GeoSylvaris" uid="24237008" lat="36.6276410" lon="101.7275847"/>
 <node id="13963131366" visible="true" version="1" changeset="184543088" timestamp="2026-06-24T20:02:51Z" user="GeoSylvaris" uid="24237008" lat="36.6275517" lon="101.7275780"/>
 <node id="13963131367" visible="true" version="1" changeset="184543088" timestamp="2026-06-24T20:02:51Z" user="GeoSylvaris" uid="24237008" lat="36.6274979" lon="101.7275445"/>
 <node id="13963131368" visible="true" version="1" changeset="184543088" timestamp="2026-06-24T20:02:51Z" user="GeoSylvaris" uid="24237008" lat="36.6274656" lon="101.7275096"/>
 <node id="13963131369" visible="true" version="1" changeset="184543088" timestamp="2026-06-24T20:02:51Z" user="GeoSylvaris" uid="24237008" lat="36.6274387" lon="101.7274640"/>
 <node id="13963131370" visible="true" version="1" changeset="184543088" timestamp="2026-06-24T20:02:51Z" user="GeoSylvaris" uid="24237008" lat="36.6274204" lon="101.7274024"/>
 <node id="13963131371" visible="true" version="1" changeset="184543088" timestamp="2026-06-24T20:02:51Z" user="GeoSylvaris" uid="24237008" lat="36.6273999" lon="101.7273675"/>
 <node id="13963131372" visible="true" version="1" changeset="184543088" timestamp="2026-06-24T20:02:51Z" user="GeoSylvaris" uid="24237008" lat="36.6273848" lon="101.7273420"/>
 <node id="13963131373" visible="true" version="1" changeset="184543088" timestamp="2026-06-24T20:02:51Z" user="GeoSylvaris" uid="24237008" lat="36.6273579" lon="101.7273232"/>
 <node id="13963131374" visible="true" version="1" changeset="184543088" timestamp="2026-06-24T20:02:51Z" user="GeoSylvaris" uid="24237008" lat="36.6273160" lon="101.7272978"/>
 <node id="13963131375" visible="true" version="1" changeset="184543088" timestamp="2026-06-24T20:02:51Z" user="GeoSylvaris" uid="24237008" lat="36.6272600" lon="101.7272857"/>
 <node id="13963131376" visible="true" version="1" changeset="184543088" timestamp="2026-06-24T20:02:51Z" user="GeoSylvaris" uid="24237008" lat="36.6272040" lon="101.7272629"/>
 <node id="13963131377" visible="true" version="1" changeset="184543088" timestamp="2026-06-24T20:02:51Z" user="GeoSylvaris" uid="24237008" lat="36.6271610" lon="101.7272106"/>
 <node id="13963131378" visible="true" version="1" changeset="184543088" timestamp="2026-06-24T20:02:51Z" user="GeoSylvaris" uid="24237008" lat="36.6271287" lon="101.7271140"/>
 <node id="13963131379" visible="true" version="1" changeset="184543088" timestamp="2026-06-24T20:02:51Z" user="GeoSylvaris" uid="24237008" lat="36.6271287" lon="101.7270188"/>
 <node id="13963131380" visible="true" version="1" changeset="184543088" timestamp="2026-06-24T20:02:51Z" user="GeoSylvaris" uid="24237008" lat="36.6271728" lon="101.7269450"/>
 <node id="13963131381" visible="true" version="1" changeset="184543088" timestamp="2026-06-24T20:02:51Z" user="GeoSylvaris" uid="24237008" lat="36.6272406" lon="101.7269102"/>
 <node id="13963131382" visible="true" version="1" changeset="184543088" timestamp="2026-06-24T20:02:51Z" user="GeoSylvaris" uid="24237008" lat="36.6273009" lon="101.7269008"/>
 <node id="13963131383" visible="true" version="1" changeset="184543088" timestamp="2026-06-24T20:02:51Z" user="GeoSylvaris" uid="24237008" lat="36.6273332" lon="101.7268646"/>
 <node id="13963131384" visible="true" version="1" changeset="184543088" timestamp="2026-06-24T20:02:51Z" user="GeoSylvaris" uid="24237008" lat="36.6273523" lon="101.7267973"/>
 <node id="13963131385" visible="true" version="1" changeset="184543088" timestamp="2026-06-24T20:02:51Z" user="GeoSylvaris" uid="24237008" lat="36.6273694" lon="101.7266707"/>
 <node id="13963131386" visible="true" version="1" changeset="184543088" timestamp="2026-06-24T20:02:51Z" user="GeoSylvaris" uid="24237008" lat="36.6274320" lon="101.7265765"/>
 <node id="13963131387" visible="true" version="1" changeset="184543088" timestamp="2026-06-24T20:02:51Z" user="GeoSylvaris" uid="24237008" lat="36.6275079" lon="101.7265188"/>
 <node id="13963131388" visible="true" version="1" changeset="184543088" timestamp="2026-06-24T20:02:51Z" user="GeoSylvaris" uid="24237008" lat="36.6276190" lon="101.7265238"/>
 <node id="13963131389" visible="true" version="1" changeset="184543088" timestamp="2026-06-24T20:02:51Z" user="GeoSylvaris" uid="24237008" lat="36.6277081" lon="101.7265753"/>
 <node id="13963131390" visible="true" version="1" changeset="184543088" timestamp="2026-06-24T20:02:51Z" user="GeoSylvaris" uid="24237008" lat="36.6277713" lon="101.7266690"/>
 <node id="13963131391" visible="true" version="1" changeset="184543088" timestamp="2026-06-24T20:02:51Z" user="GeoSylvaris" uid="24237008" lat="36.6278245" lon="101.7267873"/>
 <node id="13963131392" visible="true" version="1" changeset="184543088" timestamp="2026-06-24T20:02:51Z" user="GeoSylvaris" uid="24237008" lat="36.6230624" lon="101.7266768"/>
 <node id="13963131393" visible="true" version="1" changeset="184543088" timestamp="2026-06-24T20:02:51Z" user="GeoSylvaris" uid="24237008" lat="36.6233099" lon="101.7324811"/>
 <node id="13963131394" visible="true" version="1" changeset="184543088" timestamp="2026-06-24T20:02:51Z" user="GeoSylvaris" uid="24237008" lat="36.6232733" lon="101.7315504"/>
 <node id="13963131395" visible="true" version="1" changeset="184543088" timestamp="2026-06-24T20:02:51Z" user="GeoSylvaris" uid="24237008" lat="36.6232389" lon="101.7320091"/>
 <node id="13963131396" visible="true" version="1" changeset="184543088" timestamp="2026-06-24T20:02:51Z" user="GeoSylvaris" uid="24237008" lat="36.6231528" lon="101.7285919"/>
 <node id="13963131397" visible="true" version="1" changeset="184543088" timestamp="2026-06-24T20:02:51Z" user="GeoSylvaris" uid="24237008" lat="36.6227911" lon="101.7280394"/>
 <node id="13963131398" visible="true" version="1" changeset="184543088" timestamp="2026-06-24T20:02:51Z" user="GeoSylvaris" uid="24237008" lat="36.6256972" lon="101.7252123"/>
 <node id="13963131399" visible="true" version="1" changeset="184543088" timestamp="2026-06-24T20:02:51Z" user="GeoSylvaris" uid="24237008" lat="36.6251892" lon="101.7256039"/>
 <node id="13963131400" visible="true" version="1" changeset="184543088" timestamp="2026-06-24T20:02:51Z" user="GeoSylvaris" uid="24237008" lat="36.6247621" lon="101.7257707"/>
 <node id="13963131401" visible="true" version="1" changeset="184543088" timestamp="2026-06-24T20:02:51Z" user="GeoSylvaris" uid="24237008" lat="36.6283320" lon="101.7285946"/>
 <node id="13963131402" visible="true" version="1" changeset="184543088" timestamp="2026-06-24T20:02:51Z" user="GeoSylvaris" uid="24237008" lat="36.6282975" lon="101.7286295"/>
 <node id="13963131403" visible="true" version="1" changeset="184543088" timestamp="2026-06-24T20:02:51Z" user="GeoSylvaris" uid="24237008" lat="36.6282642" lon="101.7286549"/>
 <node id="13963131404" visible="true" version="1" changeset="184543088" timestamp="2026-06-24T20:02:51Z" user="GeoSylvaris" uid="24237008" lat="36.6282222" lon="101.7286697"/>
 <node id="13963131405" visible="true" version="1" changeset="184543088" timestamp="2026-06-24T20:02:51Z" user="GeoSylvaris" uid="24237008" lat="36.6278649" lon="101.7286576"/>
 <node id="13963131406" visible="true" version="1" changeset="184543088" timestamp="2026-06-24T20:02:51Z" user="GeoSylvaris" uid="24237008" lat="36.6278713" lon="101.7284806"/>
 <node id="13963131407" visible="true" version="1" changeset="184543088" timestamp="2026-06-24T20:02:51Z" user="GeoSylvaris" uid="24237008" lat="36.6281964" lon="101.7284980"/>
 <node id="13963131408" visible="true" version="1" changeset="184543088" timestamp="2026-06-24T20:02:51Z" user="GeoSylvaris" uid="24237008" lat="36.6282254" lon="101.7284819"/>
 <node id="13963131409" visible="true" version="1" changeset="184543088" timestamp="2026-06-24T20:02:51Z" user="GeoSylvaris" uid="24237008" lat="36.6282459" lon="101.7284605"/>
 <node id="13963131410" visible="true" version="1" changeset="184543088" timestamp="2026-06-24T20:02:51Z" user="GeoSylvaris" uid="24237008" lat="36.6282674" lon="101.7284323"/>
 <node id="13963131411" visible="true" version="1" changeset="184543088" timestamp="2026-06-24T20:02:51Z" user="GeoSylvaris" uid="24237008" lat="36.6283965" lon="101.7281480"/>
 <node id="13963131412" visible="true" version="1" changeset="184543088" timestamp="2026-06-24T20:02:51Z" user="GeoSylvaris" uid="24237008" lat="36.6285052" lon="101.7282379"/>
 <node id="13963131413" visible="true" version="1" changeset="184543088" timestamp="2026-06-24T20:02:51Z" user="GeoSylvaris" uid="24237008" lat="36.6283040" lon="101.7284954">
  <tag k="amenity" v="animal_breeding"/>
  <tag k="name" v="青藏高原野生动物园海洋馆"/>
 </node>
 <node id="13963131414" visible="true" version="1" changeset="184543088" timestamp="2026-06-24T20:02:51Z" user="GeoSylvaris" uid="24237008" lat="36.6275700" lon="101.7289996">
  <tag k="amenity" v="toilets"/>
  <tag k="description" v="天音文创馆旁边的厕所"/>
  <tag k="female" v="yes"/>
  <tag k="male" v="yes"/>
  <tag k="name" v="文创馆厕所"/>
  <tag k="operator" v="西野"/>
  <tag k="unisex" v="yes"/>
 </node>
 <node id="13963131415" visible="true" version="1" changeset="184543088" timestamp="2026-06-24T20:02:51Z" user="GeoSylvaris" uid="24237008" lat="36.6278713" lon="101.7291713">
  <tag k="name" v="天音文创馆"/>
  <tag k="shop" v="pet"/>
 </node>
 <node id="13963131416" visible="true" version="3" changeset="184569307" timestamp="2026-06-25T10:04:46Z" user="GeoSylvaris" uid="24237008" lat="36.6282329" lon="101.7294261">
  <tag k="amenity" v="animal_breeding"/>
  <tag k="building" v="猴山"/>
  <tag k="name" v="猴山"/>
  <tag k="tourism" v="viewpoint"/>
 </node>
 <node id="13963131417" visible="true" version="4" changeset="184569307" timestamp="2026-06-25T10:04:46Z" user="GeoSylvaris" uid="24237008" lat="36.6276884" lon="101.7296863">
  <tag k="amenity" v="animal_breeding"/>
  <tag k="name" v="小熊猫"/>
  <tag k="tourism" v="viewpoint"/>
 </node>
 <node id="13963131418" visible="true" version="4" changeset="184569307" timestamp="2026-06-25T09:41:59Z" user="GeoSylvaris" uid="24237008" lat="36.6281092" lon="101.7300242">
  <tag k="amenity" v="animal_breeding"/>
  <tag k="name" v="灵长馆"/>
  <tag k="tourism" v="viewpoint"/>
 </node>
 <node id="13963131419" visible="true" version="3" changeset="184569307" timestamp="2026-06-25T07:31:47Z" user="GeoSylvaris" uid="24237008" lat="36.6277874" lon="101.7310140">
  <tag k="amenity" v="animal_breeding"/>
  <tag k="building" v="珍禽馆"/>
  <tag k="name" v="珍禽馆"/>
  <tag k="tourism" v="viewpoint"/>
 </node>
 <node id="13963131420" visible="true" version="3" changeset="184569307" timestamp="2026-06-25T07:31:47Z" user="GeoSylvaris" uid="24237008" lat="36.6267606" lon="101.7286563">
  <tag k="amenity" v="animal_breeding"/>
  <tag k="name" v="西野-野牦牛馆"/>
  <tag k="tourism" v="viewpoint"/>
 </node>
 <node id="13963131421" visible="true" version="3" changeset="184569307" timestamp="2026-06-25T07:31:47Z" user="GeoSylvaris" uid="24237008" lat="36.6259469" lon="101.7290693">
  <tag k="amenity" v="animal_breeding"/>
  <tag k="building" v="猛禽谷"/>
  <tag k="name" v="猛禽谷"/>
  <tag k="tourism" v="viewpoint"/>
 </node>
 <node id="13963131422" visible="true" version="1" changeset="184543088" timestamp="2026-06-24T20:02:51Z" user="GeoSylvaris" uid="24237008" lat="36.6310699" lon="101.7319393">
  <tag k="amenity" v="school"/>
  <tag k="min_age" v="7"/>
  <tag k="name" v="西宁市城西区行知小学"/>
  <tag k="opening_hours" v="sunrise-sunset"/>
  <tag k="wheelchair" v="no"/>
 </node>
 <node id="13963865393" visible="true" version="1" changeset="184561732" timestamp="2026-06-25T03:53:57Z" user="GeoSylvaris" uid="24237008" lat="36.6287753" lon="101.7280152"/>
 <node id="13963865394" visible="true" version="1" changeset="184561732" timestamp="2026-06-25T03:53:57Z" user="GeoSylvaris" uid="24237008" lat="36.6287294" lon="101.7281697"/>
 <node id="13963865395" visible="true" version="1" changeset="184561732" timestamp="2026-06-25T03:53:57Z" user="GeoSylvaris" uid="24237008" lat="36.6286606" lon="101.7282956"/>
 <node id="13963865396" visible="true" version="1" changeset="184561732" timestamp="2026-06-25T03:53:57Z" user="GeoSylvaris" uid="24237008" lat="36.6293102" lon="101.7286874"/>
 <node id="13963865397" visible="true" version="1" changeset="184561732" timestamp="2026-06-25T03:53:57Z" user="GeoSylvaris" uid="24237008" lat="36.6291862" lon="101.7282527"/>
 <node id="13963865398" visible="true" version="1" changeset="184561732" timestamp="2026-06-25T03:53:57Z" user="GeoSylvaris" uid="24237008" lat="36.6291082" lon="101.7280267"/>
 <node id="13963865399" visible="true" version="1" changeset="184561732" timestamp="2026-06-25T03:53:57Z" user="GeoSylvaris" uid="24237008" lat="36.6290577" lon="101.7278522"/>
 <node id="13963865400" visible="true" version="1" changeset="184561732" timestamp="2026-06-25T03:53:57Z" user="GeoSylvaris" uid="24237008" lat="36.6289750" lon="101.7277921"/>
 <node id="13963883701" visible="true" version="1" changeset="184561732" timestamp="2026-06-25T03:53:57Z" user="GeoSylvaris" uid="24237008" lat="36.6288006" lon="101.7277979"/>
 <node id="13963883702" visible="true" version="1" changeset="184561732" timestamp="2026-06-25T03:53:57Z" user="GeoSylvaris" uid="24237008" lat="36.6286124" lon="101.7278236"/>
 <node id="13963883703" visible="true" version="1" changeset="184561732" timestamp="2026-06-25T03:53:57Z" user="GeoSylvaris" uid="24237008" lat="36.6284655" lon="101.7278722"/>
 <node id="13963883704" visible="true" version="1" changeset="184561732" timestamp="2026-06-25T03:53:57Z" user="GeoSylvaris" uid="24237008" lat="36.6288051" lon="101.7273071"/>
 <node id="13963883705" visible="true" version="1" changeset="184561732" timestamp="2026-06-25T03:53:57Z" user="GeoSylvaris" uid="24237008" lat="36.6288377" lon="101.7273207"/>
 <node id="13963883706" visible="true" version="1" changeset="184561732" timestamp="2026-06-25T03:53:57Z" user="GeoSylvaris" uid="24237008" lat="36.6288664" lon="101.7273443"/>
 <node id="13963883707" visible="true" version="1" changeset="184561732" timestamp="2026-06-25T03:53:57Z" user="GeoSylvaris" uid="24237008" lat="36.6288892" lon="101.7273764"/>
 <node id="13963883708" visible="true" version="1" changeset="184561732" timestamp="2026-06-25T03:53:57Z" user="GeoSylvaris" uid="24237008" lat="36.6289045" lon="101.7274148"/>
 <node id="13963883709" visible="true" version="1" changeset="184561732" timestamp="2026-06-25T03:53:57Z" user="GeoSylvaris" uid="24237008" lat="36.6289114" lon="101.7274568"/>
 <node id="13963883710" visible="true" version="1" changeset="184561732" timestamp="2026-06-25T03:53:57Z" user="GeoSylvaris" uid="24237008" lat="36.6289092" lon="101.7274996"/>
 <node id="13963883711" visible="true" version="1" changeset="184561732" timestamp="2026-06-25T03:53:57Z" user="GeoSylvaris" uid="24237008" lat="36.6288983" lon="101.7275402"/>
 <node id="13963883712" visible="true" version="1" changeset="184561732" timestamp="2026-06-25T03:53:57Z" user="GeoSylvaris" uid="24237008" lat="36.6288794" lon="101.7275759"/>
 <node id="13963883713" visible="true" version="1" changeset="184561732" timestamp="2026-06-25T03:53:57Z" user="GeoSylvaris" uid="24237008" lat="36.6288536" lon="101.7276043"/>
 <node id="13963883714" visible="true" version="1" changeset="184561732" timestamp="2026-06-25T03:53:57Z" user="GeoSylvaris" uid="24237008" lat="36.6288228" lon="101.7276234"/>
 <node id="13963883715" visible="true" version="1" changeset="184561732" timestamp="2026-06-25T03:53:57Z" user="GeoSylvaris" uid="24237008" lat="36.6287548" lon="101.7276294"/>
 <node id="13963883716" visible="true" version="1" changeset="184561732" timestamp="2026-06-25T03:53:57Z" user="GeoSylvaris" uid="24237008" lat="36.6287222" lon="101.7276158"/>
 <node id="13963883717" visible="true" version="1" changeset="184561732" timestamp="2026-06-25T03:53:57Z" user="GeoSylvaris" uid="24237008" lat="36.6286935" lon="101.7275921"/>
 <node id="13963883718" visible="true" version="1" changeset="184561732" timestamp="2026-06-25T03:53:57Z" user="GeoSylvaris" uid="24237008" lat="36.6286707" lon="101.7275600"/>
 <node id="13963883719" visible="true" version="1" changeset="184561732" timestamp="2026-06-25T03:53:57Z" user="GeoSylvaris" uid="24237008" lat="36.6286554" lon="101.7275217"/>
 <node id="13963883720" visible="true" version="1" changeset="184561732" timestamp="2026-06-25T03:53:57Z" user="GeoSylvaris" uid="24237008" lat="36.6286485" lon="101.7274797"/>
 <node id="13963883721" visible="true" version="1" changeset="184561732" timestamp="2026-06-25T03:53:57Z" user="GeoSylvaris" uid="24237008" lat="36.6286506" lon="101.7274369"/>
 <node id="13963883722" visible="true" version="1" changeset="184561732" timestamp="2026-06-25T03:53:57Z" user="GeoSylvaris" uid="24237008" lat="36.6286615" lon="101.7273963"/>
 <node id="13963883723" visible="true" version="1" changeset="184561732" timestamp="2026-06-25T03:53:57Z" user="GeoSylvaris" uid="24237008" lat="36.6286805" lon="101.7273605"/>
 <node id="13963883724" visible="true" version="1" changeset="184561732" timestamp="2026-06-25T03:53:57Z" user="GeoSylvaris" uid="24237008" lat="36.6287063" lon="101.7273321"/>
 <node id="13963883725" visible="true" version="1" changeset="184561732" timestamp="2026-06-25T03:53:57Z" user="GeoSylvaris" uid="24237008" lat="36.6287371" lon="101.7273130"/>
 <node id="13963883726" visible="true" version="1" changeset="184561732" timestamp="2026-06-25T03:53:57Z" user="GeoSylvaris" uid="24237008" lat="36.6287891" lon="101.7276320"/>
 <node id="13963883727" visible="true" version="1" changeset="184561732" timestamp="2026-06-25T03:53:57Z" user="GeoSylvaris" uid="24237008" lat="36.6287708" lon="101.7273045"/>
 <node id="13963883728" visible="true" version="1" changeset="184561732" timestamp="2026-06-25T03:53:57Z" user="GeoSylvaris" uid="24237008" lat="36.6260736" lon="101.7336057"/>
 <node id="13963883729" visible="true" version="1" changeset="184561732" timestamp="2026-06-25T03:53:57Z" user="GeoSylvaris" uid="24237008" lat="36.6260592" lon="101.7336565"/>
 <node id="13963883730" visible="true" version="1" changeset="184561732" timestamp="2026-06-25T03:53:57Z" user="GeoSylvaris" uid="24237008" lat="36.6261924" lon="101.7337551"/>
 <node id="13963883731" visible="true" version="1" changeset="184561732" timestamp="2026-06-25T03:53:57Z" user="GeoSylvaris" uid="24237008" lat="36.6262113" lon="101.7337065"/>
 <node id="13963883732" visible="true" version="1" changeset="184561732" timestamp="2026-06-25T03:53:57Z" user="GeoSylvaris" uid="24237008" lat="36.6262205" lon="101.7342278"/>
 <node id="13963883733" visible="true" version="1" changeset="184561732" timestamp="2026-06-25T03:53:57Z" user="GeoSylvaris" uid="24237008" lat="36.6261642" lon="101.7341763"/>
 <node id="13963883734" visible="true" version="1" changeset="184561732" timestamp="2026-06-25T03:53:57Z" user="GeoSylvaris" uid="24237008" lat="36.6261310" lon="101.7339675"/>
 <node id="13963883735" visible="true" version="1" changeset="184561732" timestamp="2026-06-25T03:53:57Z" user="GeoSylvaris" uid="24237008" lat="36.6259955" lon="101.7337687"/>
 <node id="13963883736" visible="true" version="1" changeset="184561732" timestamp="2026-06-25T03:53:57Z" user="GeoSylvaris" uid="24237008" lat="36.6260552" lon="101.7335857"/>
 <node id="13963883737" visible="true" version="1" changeset="184561732" timestamp="2026-06-25T03:53:57Z" user="GeoSylvaris" uid="24237008" lat="36.6261092" lon="101.7336143"/>
 <node id="13963883738" visible="true" version="1" changeset="184561732" timestamp="2026-06-25T03:53:57Z" user="GeoSylvaris" uid="24237008" lat="36.6261218" lon="101.7335628"/>
 <node id="13963883739" visible="true" version="1" changeset="184561732" timestamp="2026-06-25T03:53:57Z" user="GeoSylvaris" uid="24237008" lat="36.6261654" lon="101.7335814"/>
 <node id="13963883740" visible="true" version="1" changeset="184561732" timestamp="2026-06-25T03:53:57Z" user="GeoSylvaris" uid="24237008" lat="36.6262377" lon="101.7336429"/>
 <node id="13963883741" visible="true" version="1" changeset="184561732" timestamp="2026-06-25T03:53:57Z" user="GeoSylvaris" uid="24237008" lat="36.6262756" lon="101.7336085"/>
 <node id="13963883742" visible="true" version="1" changeset="184561732" timestamp="2026-06-25T03:53:57Z" user="GeoSylvaris" uid="24237008" lat="36.6263180" lon="101.7335628"/>
 <node id="13963883743" visible="true" version="1" changeset="184561732" timestamp="2026-06-25T03:53:57Z" user="GeoSylvaris" uid="24237008" lat="36.6263571" lon="101.7335628"/>
 <node id="13963883744" visible="true" version="1" changeset="184561732" timestamp="2026-06-25T03:53:57Z" user="GeoSylvaris" uid="24237008" lat="36.6263823" lon="101.7335957"/>
 <node id="13963883745" visible="true" version="2" changeset="184569307" timestamp="2026-06-25T09:41:59Z" user="GeoSylvaris" uid="24237008" lat="36.6271474" lon="101.7275999"/>
 <node id="13963883746" visible="true" version="2" changeset="184569307" timestamp="2026-06-25T09:41:59Z" user="GeoSylvaris" uid="24237008" lat="36.6269900" lon="101.7276645"/>
 <node id="13963883747" visible="true" version="2" changeset="184569307" timestamp="2026-06-25T09:41:59Z" user="GeoSylvaris" uid="24237008" lat="36.6269773" lon="101.7276165"/>
 <node id="13963883748" visible="true" version="2" changeset="184569307" timestamp="2026-06-25T09:41:59Z" user="GeoSylvaris" uid="24237008" lat="36.6271348" lon="101.7275519"/>
 <node id="13963883749" visible="true" version="1" changeset="184561732" timestamp="2026-06-25T03:53:57Z" user="GeoSylvaris" uid="24237008" lat="36.6273154" lon="101.7274403"/>
 <node id="13963883750" visible="true" version="1" changeset="184561732" timestamp="2026-06-25T03:53:57Z" user="GeoSylvaris" uid="24237008" lat="36.6272328" lon="101.7275090"/>
 <node id="13963883751" visible="true" version="1" changeset="184561732" timestamp="2026-06-25T03:53:57Z" user="GeoSylvaris" uid="24237008" lat="36.6271593" lon="101.7275376"/>
 <node id="13963883752" visible="true" version="1" changeset="184561732" timestamp="2026-06-25T03:53:57Z" user="GeoSylvaris" uid="24237008" lat="36.6269482" lon="101.7276034"/>
 <node id="13963883753" visible="true" version="1" changeset="184561732" timestamp="2026-06-25T03:53:57Z" user="GeoSylvaris" uid="24237008" lat="36.6267783" lon="101.7276692"/>
 <node id="13963883754" visible="true" version="1" changeset="184561732" timestamp="2026-06-25T03:53:57Z" user="GeoSylvaris" uid="24237008" lat="36.6265028" lon="101.7278122"/>
 <node id="13963883755" visible="true" version="1" changeset="184561732" timestamp="2026-06-25T03:53:57Z" user="GeoSylvaris" uid="24237008" lat="36.6262411" lon="101.7280353"/>
 <node id="13963883756" visible="true" version="1" changeset="184561732" timestamp="2026-06-25T03:53:57Z" user="GeoSylvaris" uid="24237008" lat="36.6261379" lon="101.7281611"/>
 <node id="13963883757" visible="true" version="1" changeset="184561732" timestamp="2026-06-25T03:53:57Z" user="GeoSylvaris" uid="24237008" lat="36.6276207" lon="101.7285158"/>
 <node id="13963883758" visible="true" version="1" changeset="184561732" timestamp="2026-06-25T03:53:57Z" user="GeoSylvaris" uid="24237008" lat="36.6277447" lon="101.7280782"/>
 <node id="13963883759" visible="true" version="1" changeset="184561732" timestamp="2026-06-25T03:53:57Z" user="GeoSylvaris" uid="24237008" lat="36.6276460" lon="101.7282770"/>
 <node id="13963883760" visible="true" version="1" changeset="184561732" timestamp="2026-06-25T03:53:57Z" user="GeoSylvaris" uid="24237008" lat="36.6275863" lon="101.7282312"/>
 <node id="13963883761" visible="true" version="1" changeset="184561732" timestamp="2026-06-25T03:53:57Z" user="GeoSylvaris" uid="24237008" lat="36.6275358" lon="101.7283184"/>
 <node id="13963883762" visible="true" version="1" changeset="184561732" timestamp="2026-06-25T03:53:57Z" user="GeoSylvaris" uid="24237008" lat="36.6273017" lon="101.7281068"/>
 <node id="13963883763" visible="true" version="1" changeset="184561732" timestamp="2026-06-25T03:53:57Z" user="GeoSylvaris" uid="24237008" lat="36.6273705" lon="101.7279752"/>
 <node id="13963883764" visible="true" version="1" changeset="184561732" timestamp="2026-06-25T03:53:57Z" user="GeoSylvaris" uid="24237008" lat="36.6275289" lon="101.7281211"/>
 <node id="13963883765" visible="true" version="1" changeset="184561732" timestamp="2026-06-25T03:53:57Z" user="GeoSylvaris" uid="24237008" lat="36.6276161" lon="101.7279652"/>
 <node id="13963883766" visible="true" version="2" changeset="184569307" timestamp="2026-06-25T07:31:47Z" user="GeoSylvaris" uid="24237008" lat="36.6272030" lon="101.7283842">
  <tag k="amenity" v="animal_breeding"/>
  <tag k="name" v="孔雀园"/>
  <tag k="tourism" v="viewpoint"/>
 </node>
 <node id="13964003900" visible="true" version="2" changeset="184569307" timestamp="2026-06-25T07:31:47Z" user="GeoSylvaris" uid="24237008" lat="36.6271986" lon="101.7311320">
  <tag k="access" v="private"/>
  <tag k="communication:mobile_phone" v="yes"/>
  <tag k="communication:radio" v="yes"/>
  <tag k="flag:type" v="military"/>
  <tag k="man_made" v="communications_tower"/>
  <tag k="name" v="西野-通讯基站"/>
  <tag k="tower:type" v="communication"/>
 </node>
 <node id="13964017001" visible="true" version="1" changeset="184564321" timestamp="2026-06-25T05:13:23Z" user="GeoSylvaris" uid="24237008" lat="36.6282387" lon="101.7278989"/>
 <node id="13964017002" visible="true" version="1" changeset="184564321" timestamp="2026-06-25T05:13:23Z" user="GeoSylvaris" uid="24237008" lat="36.6283463" lon="101.7278144"/>
 <node id="13964017003" visible="true" version="1" changeset="184564321" timestamp="2026-06-25T05:13:23Z" user="GeoSylvaris" uid="24237008" lat="36.6281931" lon="101.7278087"/>
 <node id="13964017004" visible="true" version="1" changeset="184564321" timestamp="2026-06-25T05:13:23Z" user="GeoSylvaris" uid="24237008" lat="36.6283008" lon="101.7277242"/>
 <node id="13964017005" visible="true" version="1" changeset="184564321" timestamp="2026-06-25T05:13:23Z" user="GeoSylvaris" uid="24237008" lat="36.6250794" lon="101.7336372"/>
 <node id="13964017006" visible="true" version="1" changeset="184564321" timestamp="2026-06-25T05:13:23Z" user="GeoSylvaris" uid="24237008" lat="36.6282420" lon="101.7269865"/>
 <node id="13964017007" visible="true" version="1" changeset="184564321" timestamp="2026-06-25T05:13:23Z" user="GeoSylvaris" uid="24237008" lat="36.6283873" lon="101.7269757"/>
 <node id="13964017008" visible="true" version="1" changeset="184564321" timestamp="2026-06-25T05:13:23Z" user="GeoSylvaris" uid="24237008" lat="36.6282286" lon="101.7267063"/>
 <node id="13964017009" visible="true" version="1" changeset="184564321" timestamp="2026-06-25T05:13:23Z" user="GeoSylvaris" uid="24237008" lat="36.6283739" lon="101.7266956"/>
 <node id="13964017010" visible="true" version="2" changeset="184569307" timestamp="2026-06-25T07:31:47Z" user="GeoSylvaris" uid="24237008" lat="36.6295008" lon="101.7299169">
  <tag k="information" v="board"/>
  <tag k="name" v="青藏高原野生动物园"/>
  <tag k="operator" v="西野"/>
  <tag k="tourism" v="information"/>
 </node>
 <node id="13964017011" visible="true" version="1" changeset="184564321" timestamp="2026-06-25T05:13:23Z" user="GeoSylvaris" uid="24237008" lat="36.6287280" lon="101.7300336">
  <tag k="information" v="guidepost"/>
  <tag k="name" v="青藏高原野生动物园"/>
  <tag k="operator" v="西野"/>
  <tag k="tourism" v="information"/>
 </node>
 <node id="13964017012" visible="true" version="1" changeset="184564321" timestamp="2026-06-25T05:13:23Z" user="GeoSylvaris" uid="24237008" lat="36.6263225" lon="101.7347289"/>
 <node id="13964017013" visible="true" version="1" changeset="184564321" timestamp="2026-06-25T05:13:23Z" user="GeoSylvaris" uid="24237008" lat="36.6262795" lon="101.7347101"/>
 <node id="13964017014" visible="true" version="1" changeset="184564321" timestamp="2026-06-25T05:13:23Z" user="GeoSylvaris" uid="24237008" lat="36.6263322" lon="101.7345223"/>
 <node id="13964017015" visible="true" version="1" changeset="184564321" timestamp="2026-06-25T05:13:23Z" user="GeoSylvaris" uid="24237008" lat="36.6263753" lon="101.7345411"/>
 <node id="13964017016" visible="true" version="1" changeset="184564321" timestamp="2026-06-25T05:13:23Z" user="GeoSylvaris" uid="24237008" lat="36.6264347" lon="101.7347233"/>
 <node id="13964017017" visible="true" version="1" changeset="184564321" timestamp="2026-06-25T05:13:23Z" user="GeoSylvaris" uid="24237008" lat="36.6264121" lon="101.7347743"/>
 <node id="13964017018" visible="true" version="1" changeset="184564321" timestamp="2026-06-25T05:13:23Z" user="GeoSylvaris" uid="24237008" lat="36.6265486" lon="101.7348683"/>
 <node id="13964017019" visible="true" version="1" changeset="184564321" timestamp="2026-06-25T05:13:23Z" user="GeoSylvaris" uid="24237008" lat="36.6265712" lon="101.7348173"/>
 <node id="13964017020" visible="true" version="1" changeset="184564321" timestamp="2026-06-25T05:13:23Z" user="GeoSylvaris" uid="24237008" lat="36.6283736" lon="101.7264419"/>
 <node id="13964017021" visible="true" version="1" changeset="184564321" timestamp="2026-06-25T05:13:23Z" user="GeoSylvaris" uid="24237008" lat="36.6283899" lon="101.7264544"/>
 <node id="13964017022" visible="true" version="1" changeset="184564321" timestamp="2026-06-25T05:13:23Z" user="GeoSylvaris" uid="24237008" lat="36.6284012" lon="101.7264738"/>
 <node id="13964017023" visible="true" version="1" changeset="184564321" timestamp="2026-06-25T05:13:23Z" user="GeoSylvaris" uid="24237008" lat="36.6284057" lon="101.7264971"/>
 <node id="13964017024" visible="true" version="1" changeset="184564321" timestamp="2026-06-25T05:13:23Z" user="GeoSylvaris" uid="24237008" lat="36.6284027" lon="101.7265208"/>
 <node id="13964017025" visible="true" version="1" changeset="184564321" timestamp="2026-06-25T05:13:23Z" user="GeoSylvaris" uid="24237008" lat="36.6283926" lon="101.7265412"/>
 <node id="13964017026" visible="true" version="1" changeset="184564321" timestamp="2026-06-25T05:13:23Z" user="GeoSylvaris" uid="24237008" lat="36.6283770" lon="101.7265552"/>
 <node id="13964017027" visible="true" version="1" changeset="184564321" timestamp="2026-06-25T05:13:23Z" user="GeoSylvaris" uid="24237008" lat="36.6283393" lon="101.7265570"/>
 <node id="13964017028" visible="true" version="1" changeset="184564321" timestamp="2026-06-25T05:13:23Z" user="GeoSylvaris" uid="24237008" lat="36.6283230" lon="101.7265445"/>
 <node id="13964017029" visible="true" version="1" changeset="184564321" timestamp="2026-06-25T05:13:23Z" user="GeoSylvaris" uid="24237008" lat="36.6283117" lon="101.7265251"/>
 <node id="13964017030" visible="true" version="1" changeset="184564321" timestamp="2026-06-25T05:13:23Z" user="GeoSylvaris" uid="24237008" lat="36.6283072" lon="101.7265018"/>
 <node id="13964017031" visible="true" version="1" changeset="184564321" timestamp="2026-06-25T05:13:23Z" user="GeoSylvaris" uid="24237008" lat="36.6283102" lon="101.7264781"/>
 <node id="13964017032" visible="true" version="1" changeset="184564321" timestamp="2026-06-25T05:13:23Z" user="GeoSylvaris" uid="24237008" lat="36.6283203" lon="101.7264577"/>
 <node id="13964017033" visible="true" version="1" changeset="184564321" timestamp="2026-06-25T05:13:23Z" user="GeoSylvaris" uid="24237008" lat="36.6283359" lon="101.7264437"/>
 <node id="13964017034" visible="true" version="1" changeset="184564321" timestamp="2026-06-25T05:13:23Z" user="GeoSylvaris" uid="24237008" lat="36.6283583" lon="101.7265608"/>
 <node id="13964017035" visible="true" version="1" changeset="184564321" timestamp="2026-06-25T05:13:23Z" user="GeoSylvaris" uid="24237008" lat="36.6283546" lon="101.7264381"/>
 <node id="13964017036" visible="true" version="1" changeset="184564321" timestamp="2026-06-25T05:13:23Z" user="GeoSylvaris" uid="24237008" lat="36.6284173" lon="101.7262572"/>
 <node id="13964017037" visible="true" version="1" changeset="184564321" timestamp="2026-06-25T05:13:23Z" user="GeoSylvaris" uid="24237008" lat="36.6282265" lon="101.7266214"/>
 <node id="13964017038" visible="true" version="1" changeset="184564321" timestamp="2026-06-25T05:13:23Z" user="GeoSylvaris" uid="24237008" lat="36.6279052" lon="101.7263600"/>
 <node id="13964017039" visible="true" version="1" changeset="184564321" timestamp="2026-06-25T05:13:23Z" user="GeoSylvaris" uid="24237008" lat="36.6280961" lon="101.7259958"/>
 <node id="13964017040" visible="true" version="1" changeset="184564321" timestamp="2026-06-25T05:13:23Z" user="GeoSylvaris" uid="24237008" lat="36.6283087" lon="101.7261688"/>
 <node id="13964196283" visible="true" version="1" changeset="184569307" timestamp="2026-06-25T07:55:41Z" user="GeoSylvaris" uid="24237008" lat="36.6275413" lon="101.7335049"/>
 <node id="13964196284" visible="true" version="1" changeset="184569307" timestamp="2026-06-25T07:55:41Z" user="GeoSylvaris" uid="24237008" lat="36.6275531" lon="101.7334285"/>
 <node id="13964196285" visible="true" version="1" changeset="184569307" timestamp="2026-06-25T07:55:41Z" user="GeoSylvaris" uid="24237008" lat="36.6277120" lon="101.7335460"/>
 <node id="13964196286" visible="true" version="1" changeset="184569307" timestamp="2026-06-25T07:55:41Z" user="GeoSylvaris" uid="24237008" lat="36.6277239" lon="101.7334695"/>
 <node id="13964196287" visible="true" version="1" changeset="184569307" timestamp="2026-06-25T07:55:41Z" user="GeoSylvaris" uid="24237008" lat="36.6275057" lon="101.7337258"/>
 <node id="13964196288" visible="true" version="1" changeset="184569307" timestamp="2026-06-25T07:55:41Z" user="GeoSylvaris" uid="24237008" lat="36.6275572" lon="101.7337314"/>
 <node id="13964196289" visible="true" version="1" changeset="184569307" timestamp="2026-06-25T07:55:41Z" user="GeoSylvaris" uid="24237008" lat="36.6275205" lon="101.7335111"/>
 <node id="13964196290" visible="true" version="1" changeset="184569307" timestamp="2026-06-25T07:55:41Z" user="GeoSylvaris" uid="24237008" lat="36.6275720" lon="101.7335166"/>
 <node id="13964196291" visible="true" version="1" changeset="184569307" timestamp="2026-06-25T07:55:41Z" user="GeoSylvaris" uid="24237008" lat="36.6268402" lon="101.7365420"/>
 <node id="13964196292" visible="true" version="1" changeset="184569307" timestamp="2026-06-25T07:55:41Z" user="GeoSylvaris" uid="24237008" lat="36.6271567" lon="101.7360806"/>
 <node id="13964196293" visible="true" version="1" changeset="184569307" timestamp="2026-06-25T07:55:41Z" user="GeoSylvaris" uid="24237008" lat="36.6272772" lon="101.7356890"/>
 <node id="13964196294" visible="true" version="1" changeset="184569307" timestamp="2026-06-25T07:55:41Z" user="GeoSylvaris" uid="24237008" lat="36.6269500" lon="101.7362764"/>
 <node id="13964196295" visible="true" version="1" changeset="184569307" timestamp="2026-06-25T07:55:41Z" user="GeoSylvaris" uid="24237008" lat="36.6293365" lon="101.7300273"/>
 <node id="13964196296" visible="true" version="1" changeset="184569307" timestamp="2026-06-25T07:55:41Z" user="GeoSylvaris" uid="24237008" lat="36.6294183" lon="101.7300796"/>
 <node id="13964196297" visible="true" version="1" changeset="184569307" timestamp="2026-06-25T07:55:41Z" user="GeoSylvaris" uid="24237008" lat="36.6294825" lon="101.7296728"/>
 <node id="13964196298" visible="true" version="1" changeset="184569307" timestamp="2026-06-25T07:55:41Z" user="GeoSylvaris" uid="24237008" lat="36.6295643" lon="101.7297252"/>
 <node id="13964196299" visible="true" version="1" changeset="184569307" timestamp="2026-06-25T07:55:41Z" user="GeoSylvaris" uid="24237008" lat="36.6285295" lon="101.7299632"/>
 <node id="13964196300" visible="true" version="1" changeset="184569307" timestamp="2026-06-25T07:55:41Z" user="GeoSylvaris" uid="24237008" lat="36.6285112" lon="101.7299746"/>
 <node id="13964210304" visible="true" version="1" changeset="184569307" timestamp="2026-06-25T07:31:47Z" user="GeoSylvaris" uid="24237008" lat="36.6283965" lon="101.7261645"/>
 <node id="13964210305" visible="true" version="1" changeset="184569307" timestamp="2026-06-25T07:31:47Z" user="GeoSylvaris" uid="24237008" lat="36.6285214" lon="101.7261672"/>
 <node id="13964210306" visible="true" version="1" changeset="184569307" timestamp="2026-06-25T07:31:47Z" user="GeoSylvaris" uid="24237008" lat="36.6286032" lon="101.7261913"/>
 <node id="13964210307" visible="true" version="1" changeset="184569307" timestamp="2026-06-25T07:31:47Z" user="GeoSylvaris" uid="24237008" lat="36.6287861" lon="101.7262128"/>
 <node id="13964210308" visible="true" version="1" changeset="184569307" timestamp="2026-06-25T07:31:47Z" user="GeoSylvaris" uid="24237008" lat="36.6289476" lon="101.7262584"/>
 <node id="13964210309" visible="true" version="1" changeset="184569307" timestamp="2026-06-25T07:31:47Z" user="GeoSylvaris" uid="24237008" lat="36.6290875" lon="101.7262611"/>
 <node id="13964210310" visible="true" version="1" changeset="184569307" timestamp="2026-06-25T07:31:47Z" user="GeoSylvaris" uid="24237008" lat="36.6292296" lon="101.7262235"/>
 <node id="13964210311" visible="true" version="1" changeset="184569307" timestamp="2026-06-25T07:31:47Z" user="GeoSylvaris" uid="24237008" lat="36.6293845" lon="101.7261592"/>
 <node id="13964210312" visible="true" version="1" changeset="184569307" timestamp="2026-06-25T07:31:47Z" user="GeoSylvaris" uid="24237008" lat="36.6295008" lon="101.7261699"/>
 <node id="13964210313" visible="true" version="1" changeset="184569307" timestamp="2026-06-25T07:31:47Z" user="GeoSylvaris" uid="24237008" lat="36.6296751" lon="101.7262182"/>
 <node id="13964210314" visible="true" version="1" changeset="184569307" timestamp="2026-06-25T07:31:47Z" user="GeoSylvaris" uid="24237008" lat="36.6298194" lon="101.7262262"/>
 <node id="13964210315" visible="true" version="1" changeset="184569307" timestamp="2026-06-25T07:31:47Z" user="GeoSylvaris" uid="24237008" lat="36.6299167" lon="101.7261941"/>
 <node id="13964210316" visible="true" version="1" changeset="184569307" timestamp="2026-06-25T07:31:47Z" user="GeoSylvaris" uid="24237008" lat="36.6242132" lon="101.7285582"/>
 <node id="13964210317" visible="true" version="1" changeset="184569307" timestamp="2026-06-25T07:31:47Z" user="GeoSylvaris" uid="24237008" lat="36.6241504" lon="101.7285381"/>
 <node id="13964210318" visible="true" version="1" changeset="184569307" timestamp="2026-06-25T07:31:47Z" user="GeoSylvaris" uid="24237008" lat="36.6241540" lon="101.7285208"/>
 <node id="13964210319" visible="true" version="1" changeset="184569307" timestamp="2026-06-25T07:31:47Z" user="GeoSylvaris" uid="24237008" lat="36.6240331" lon="101.7284820"/>
 <node id="13964210320" visible="true" version="1" changeset="184569307" timestamp="2026-06-25T07:31:47Z" user="GeoSylvaris" uid="24237008" lat="36.6240682" lon="101.7283124"/>
 <node id="13964210321" visible="true" version="1" changeset="184569307" timestamp="2026-06-25T07:31:47Z" user="GeoSylvaris" uid="24237008" lat="36.6241932" lon="101.7283525"/>
 <node id="13964210322" visible="true" version="1" changeset="184569307" timestamp="2026-06-25T07:31:47Z" user="GeoSylvaris" uid="24237008" lat="36.6241967" lon="101.7283356"/>
 <node id="13964210323" visible="true" version="1" changeset="184569307" timestamp="2026-06-25T07:31:47Z" user="GeoSylvaris" uid="24237008" lat="36.6242553" lon="101.7283544"/>
 <node id="13964210324" visible="true" version="1" changeset="184569307" timestamp="2026-06-25T07:31:47Z" user="GeoSylvaris" uid="24237008" lat="36.6257091" lon="101.7344230"/>
 <node id="13964210325" visible="true" version="1" changeset="184569307" timestamp="2026-06-25T07:31:47Z" user="GeoSylvaris" uid="24237008" lat="36.6256628" lon="101.7344472"/>
 <node id="13964210326" visible="true" version="1" changeset="184569307" timestamp="2026-06-25T07:31:47Z" user="GeoSylvaris" uid="24237008" lat="36.6256369" lon="101.7345250"/>
 <node id="13964210327" visible="true" version="1" changeset="184569307" timestamp="2026-06-25T07:31:47Z" user="GeoSylvaris" uid="24237008" lat="36.6256186" lon="101.7345169"/>
 <node id="13964210328" visible="true" version="1" changeset="184569307" timestamp="2026-06-25T07:31:47Z" user="GeoSylvaris" uid="24237008" lat="36.6255917" lon="101.7344579"/>
 <node id="13964210329" visible="true" version="1" changeset="184569307" timestamp="2026-06-25T07:31:47Z" user="GeoSylvaris" uid="24237008" lat="36.6256230" lon="101.7339161"/>
 <node id="13964210330" visible="true" version="1" changeset="184569307" timestamp="2026-06-25T07:31:47Z" user="GeoSylvaris" uid="24237008" lat="36.6257844" lon="101.7339644"/>
 <node id="13964210331" visible="true" version="1" changeset="184569307" timestamp="2026-06-25T07:31:47Z" user="GeoSylvaris" uid="24237008" lat="36.6254665" lon="101.7344067"/>
 <node id="13964210332" visible="true" version="1" changeset="184569307" timestamp="2026-06-25T07:31:47Z" user="GeoSylvaris" uid="24237008" lat="36.6254761" lon="101.7343477"/>
 <node id="13964210333" visible="true" version="1" changeset="184569307" timestamp="2026-06-25T07:31:47Z" user="GeoSylvaris" uid="24237008" lat="36.6255831" lon="101.7344365"/>
 <node id="13964210334" visible="true" version="1" changeset="184569307" timestamp="2026-06-25T07:31:47Z" user="GeoSylvaris" uid="24237008" lat="36.6255928" lon="101.7343774"/>
 <node id="13964210335" visible="true" version="1" changeset="184569307" timestamp="2026-06-25T07:31:47Z" user="GeoSylvaris" uid="24237008" lat="36.6258038" lon="101.7344230"/>
 <node id="13964210336" visible="true" version="1" changeset="184569307" timestamp="2026-06-25T07:31:47Z" user="GeoSylvaris" uid="24237008" lat="36.6257058" lon="101.7343841"/>
 <node id="13964210337" visible="true" version="1" changeset="184569307" timestamp="2026-06-25T07:31:47Z" user="GeoSylvaris" uid="24237008" lat="36.6257295" lon="101.7342702"/>
 <node id="13964210338" visible="true" version="1" changeset="184569307" timestamp="2026-06-25T07:31:47Z" user="GeoSylvaris" uid="24237008" lat="36.6257683" lon="101.7342809"/>
 <node id="13964210339" visible="true" version="1" changeset="184569307" timestamp="2026-06-25T07:31:47Z" user="GeoSylvaris" uid="24237008" lat="36.6257553" lon="101.7343506"/>
 <node id="13964210340" visible="true" version="1" changeset="184569307" timestamp="2026-06-25T07:31:47Z" user="GeoSylvaris" uid="24237008" lat="36.6258167" lon="101.7343721"/>
 <node id="13964210341" visible="true" version="1" changeset="184569307" timestamp="2026-06-25T07:31:47Z" user="GeoSylvaris" uid="24237008" lat="36.6256096" lon="101.7338563"/>
 <node id="13964210342" visible="true" version="1" changeset="184569307" timestamp="2026-06-25T07:31:47Z" user="GeoSylvaris" uid="24237008" lat="36.6256645" lon="101.7338603"/>
 <node id="13964210343" visible="true" version="1" changeset="184569307" timestamp="2026-06-25T07:31:47Z" user="GeoSylvaris" uid="24237008" lat="36.6256197" lon="101.7336425"/>
 <node id="13964210344" visible="true" version="1" changeset="184569307" timestamp="2026-06-25T07:31:47Z" user="GeoSylvaris" uid="24237008" lat="36.6256746" lon="101.7336465"/>
 <node id="13964210345" visible="true" version="1" changeset="184569307" timestamp="2026-06-25T07:31:47Z" user="GeoSylvaris" uid="24237008" lat="36.6234574" lon="101.7271489">
  <tag k="amenity" v="place_of_worship"/>
  <tag k="name" v="西野祈福亭"/>
  <tag k="religion" v="buddhist"/>
 </node>
 <node id="13964210346" visible="true" version="1" changeset="184569307" timestamp="2026-06-25T07:31:47Z" user="GeoSylvaris" uid="24237008" lat="36.6254974" lon="101.7267678"/>
 <node id="13964210347" visible="true" version="1" changeset="184569307" timestamp="2026-06-25T07:31:47Z" user="GeoSylvaris" uid="24237008" lat="36.6253959" lon="101.7267171"/>
 <node id="13964210348" visible="true" version="1" changeset="184569307" timestamp="2026-06-25T07:31:47Z" user="GeoSylvaris" uid="24237008" lat="36.6277900" lon="101.7262525"/>
 <node id="13964210349" visible="true" version="1" changeset="184569307" timestamp="2026-06-25T07:31:47Z" user="GeoSylvaris" uid="24237008" lat="36.6277131" lon="101.7261645"/>
 <node id="13964210350" visible="true" version="1" changeset="184569307" timestamp="2026-06-25T07:31:47Z" user="GeoSylvaris" uid="24237008" lat="36.6276701" lon="101.7261256"/>
 <node id="13964210351" visible="true" version="1" changeset="184569307" timestamp="2026-06-25T07:31:47Z" user="GeoSylvaris" uid="24237008" lat="36.6276205" lon="101.7261283"/>
 <node id="13964210352" visible="true" version="1" changeset="184569307" timestamp="2026-06-25T07:31:47Z" user="GeoSylvaris" uid="24237008" lat="36.6276001" lon="101.7260613"/>
 <node id="13964210353" visible="true" version="1" changeset="184569307" timestamp="2026-06-25T07:31:47Z" user="GeoSylvaris" uid="24237008" lat="36.6276130" lon="101.7259218"/>
 <node id="13964210354" visible="true" version="1" changeset="184569307" timestamp="2026-06-25T07:31:47Z" user="GeoSylvaris" uid="24237008" lat="36.6275495" lon="101.7259902"/>
 <node id="13964210355" visible="true" version="1" changeset="184569307" timestamp="2026-06-25T07:31:47Z" user="GeoSylvaris" uid="24237008" lat="36.6274526" lon="101.7258950"/>
 <node id="13964210356" visible="true" version="1" changeset="184569307" timestamp="2026-06-25T07:31:47Z" user="GeoSylvaris" uid="24237008" lat="36.6272646" lon="101.7260424"/>
 <node id="13964210357" visible="true" version="1" changeset="184569307" timestamp="2026-06-25T07:31:47Z" user="GeoSylvaris" uid="24237008" lat="36.6273256" lon="101.7258896"/>
 <node id="13964210358" visible="true" version="1" changeset="184569307" timestamp="2026-06-25T07:31:47Z" user="GeoSylvaris" uid="24237008" lat="36.6272245" lon="101.7257944"/>
 <node id="13964210359" visible="true" version="1" changeset="184569307" timestamp="2026-06-25T07:31:47Z" user="GeoSylvaris" uid="24237008" lat="36.6272503" lon="101.7257380"/>
 <node id="13964210360" visible="true" version="1" changeset="184569307" timestamp="2026-06-25T07:31:47Z" user="GeoSylvaris" uid="24237008" lat="36.6273891" lon="101.7257233"/>
 <node id="13964210361" visible="true" version="1" changeset="184569307" timestamp="2026-06-25T07:31:47Z" user="GeoSylvaris" uid="24237008" lat="36.6274483" lon="101.7257260"/>
 <node id="13964210362" visible="true" version="1" changeset="184569307" timestamp="2026-06-25T07:31:47Z" user="GeoSylvaris" uid="24237008" lat="36.6274903" lon="101.7257716"/>
 <node id="13964210363" visible="true" version="1" changeset="184569307" timestamp="2026-06-25T07:31:47Z" user="GeoSylvaris" uid="24237008" lat="36.6275377" lon="101.7258118"/>
 <node id="13964210364" visible="true" version="1" changeset="184569307" timestamp="2026-06-25T07:31:47Z" user="GeoSylvaris" uid="24237008" lat="36.6276119" lon="101.7258252"/>
 <node id="13964210365" visible="true" version="1" changeset="184569307" timestamp="2026-06-25T07:31:47Z" user="GeoSylvaris" uid="24237008" lat="36.6276410" lon="101.7258225"/>
 <node id="13964210366" visible="true" version="1" changeset="184569307" timestamp="2026-06-25T07:31:47Z" user="GeoSylvaris" uid="24237008" lat="36.6277357" lon="101.7258346"/>
 <node id="13964210367" visible="true" version="1" changeset="184569307" timestamp="2026-06-25T07:31:47Z" user="GeoSylvaris" uid="24237008" lat="36.6278035" lon="101.7258641"/>
 <node id="13964210368" visible="true" version="1" changeset="184569307" timestamp="2026-06-25T07:31:47Z" user="GeoSylvaris" uid="24237008" lat="36.6278573" lon="101.7259258"/>
 <node id="13964210369" visible="true" version="1" changeset="184569307" timestamp="2026-06-25T07:31:47Z" user="GeoSylvaris" uid="24237008" lat="36.6278789" lon="101.7260076"/>
 <node id="13964210370" visible="true" version="1" changeset="184569307" timestamp="2026-06-25T07:31:47Z" user="GeoSylvaris" uid="24237008" lat="36.6278778" lon="101.7260934"/>
 <node id="13964210371" visible="true" version="1" changeset="184569307" timestamp="2026-06-25T07:31:47Z" user="GeoSylvaris" uid="24237008" lat="36.6278272" lon="101.7261431"/>
 <node id="13964210372" visible="true" version="1" changeset="184569307" timestamp="2026-06-25T07:31:47Z" user="GeoSylvaris" uid="24237008" lat="36.6275205" lon="101.7259392">
  <tag k="access" v="customers"/>
  <tag k="amenity" v="shelter"/>
  <tag k="name" v="育苗基地"/>
  <tag k="operator" v="西野"/>
 </node>
 <node id="13964270301" visible="true" version="1" changeset="184569307" timestamp="2026-06-25T07:55:41Z" user="GeoSylvaris" uid="24237008" lat="36.6284789" lon="101.7298217"/>
 <node id="13964270302" visible="true" version="1" changeset="184569307" timestamp="2026-06-25T07:55:41Z" user="GeoSylvaris" uid="24237008" lat="36.6285009" lon="101.7298247"/>
 <node id="13964270303" visible="true" version="1" changeset="184569307" timestamp="2026-06-25T07:55:41Z" user="GeoSylvaris" uid="24237008" lat="36.6285381" lon="101.7299704"/>
 <node id="13964270304" visible="true" version="1" changeset="184569307" timestamp="2026-06-25T07:55:41Z" user="GeoSylvaris" uid="24237008" lat="36.6285294" lon="101.7298434"/>
 <node id="13964270305" visible="true" version="1" changeset="184569307" timestamp="2026-06-25T07:55:41Z" user="GeoSylvaris" uid="24237008" lat="36.6285413" lon="101.7301845"/>
 <node id="13964270306" visible="true" version="1" changeset="184569307" timestamp="2026-06-25T07:55:41Z" user="GeoSylvaris" uid="24237008" lat="36.6287178" lon="101.7301832"/>
 <node id="13964270307" visible="true" version="1" changeset="184569307" timestamp="2026-06-25T07:55:41Z" user="GeoSylvaris" uid="24237008" lat="36.6287167" lon="101.7299511"/>
 <node id="13964270308" visible="true" version="1" changeset="184569307" timestamp="2026-06-25T07:55:41Z" user="GeoSylvaris" uid="24237008" lat="36.6287003" lon="101.7299512"/>
 <node id="13964270309" visible="true" version="1" changeset="184569307" timestamp="2026-06-25T07:55:41Z" user="GeoSylvaris" uid="24237008" lat="36.6286998" lon="101.7298515"/>
 <node id="13964270310" visible="true" version="1" changeset="184569307" timestamp="2026-06-25T07:55:41Z" user="GeoSylvaris" uid="24237008" lat="36.6284671" lon="101.7299732"/>
 <node id="13964270311" visible="true" version="1" changeset="184569307" timestamp="2026-06-25T07:55:41Z" user="GeoSylvaris" uid="24237008" lat="36.6284464" lon="101.7299566"/>
 <node id="13964270312" visible="true" version="1" changeset="184569307" timestamp="2026-06-25T07:55:41Z" user="GeoSylvaris" uid="24237008" lat="36.6284324" lon="101.7299314"/>
 <node id="13964270313" visible="true" version="1" changeset="184569307" timestamp="2026-06-25T07:55:41Z" user="GeoSylvaris" uid="24237008" lat="36.6284272" lon="101.7299015"/>
 <node id="13964270314" visible="true" version="1" changeset="184569307" timestamp="2026-06-25T07:55:41Z" user="GeoSylvaris" uid="24237008" lat="36.6284316" lon="101.7298714"/>
 <node id="13964270315" visible="true" version="1" changeset="184569307" timestamp="2026-06-25T07:55:41Z" user="GeoSylvaris" uid="24237008" lat="36.6284449" lon="101.7298456"/>
 <node id="13964270316" visible="true" version="1" changeset="184569307" timestamp="2026-06-25T07:55:41Z" user="GeoSylvaris" uid="24237008" lat="36.6284651" lon="101.7298282"/>
 <node id="13964270317" visible="true" version="1" changeset="184569307" timestamp="2026-06-25T07:55:41Z" user="GeoSylvaris" uid="24237008" lat="36.6284913" lon="101.7299786"/>
 <node id="13964390828" visible="true" version="1" changeset="184569307" timestamp="2026-06-25T08:37:33Z" user="GeoSylvaris" uid="24237008" lat="36.6206107" lon="101.7166426"/>
 <node id="13964390891" visible="true" version="1" changeset="184569307" timestamp="2026-06-25T08:37:33Z" user="GeoSylvaris" uid="24237008" lat="36.6208666" lon="101.7416382"/>
 <node id="13964390892" visible="true" version="1" changeset="184569307" timestamp="2026-06-25T08:37:33Z" user="GeoSylvaris" uid="24237008" lat="36.6208838" lon="101.7415202"/>
 <node id="13964390893" visible="true" version="1" changeset="184569307" timestamp="2026-06-25T08:37:33Z" user="GeoSylvaris" uid="24237008" lat="36.6210044" lon="101.7412358"/>
 <node id="13964390894" visible="true" version="1" changeset="184569307" timestamp="2026-06-25T08:37:33Z" user="GeoSylvaris" uid="24237008" lat="36.6211077" lon="101.7410266"/>
 <node id="13964390895" visible="true" version="1" changeset="184569307" timestamp="2026-06-25T08:37:33Z" user="GeoSylvaris" uid="24237008" lat="36.6211120" lon="101.7406565"/>
 <node id="13964390896" visible="true" version="1" changeset="184569307" timestamp="2026-06-25T08:37:33Z" user="GeoSylvaris" uid="24237008" lat="36.6210561" lon="101.7404205"/>
 <node id="13964390897" visible="true" version="1" changeset="184569307" timestamp="2026-06-25T08:37:33Z" user="GeoSylvaris" uid="24237008" lat="36.6210302" lon="101.7402595"/>
 <node id="13964390898" visible="true" version="1" changeset="184569307" timestamp="2026-06-25T08:37:33Z" user="GeoSylvaris" uid="24237008" lat="36.6210604" lon="101.7401469"/>
 <node id="13964390899" visible="true" version="1" changeset="184569307" timestamp="2026-06-25T08:37:33Z" user="GeoSylvaris" uid="24237008" lat="36.6211336" lon="101.7400986"/>
 <node id="13964390900" visible="true" version="1" changeset="184569307" timestamp="2026-06-25T08:37:33Z" user="GeoSylvaris" uid="24237008" lat="36.6211766" lon="101.7401683"/>
 <node id="13964397401" visible="true" version="1" changeset="184569307" timestamp="2026-06-25T08:37:33Z" user="GeoSylvaris" uid="24237008" lat="36.6214048" lon="101.7406511"/>
 <node id="13964397402" visible="true" version="1" changeset="184569307" timestamp="2026-06-25T08:37:33Z" user="GeoSylvaris" uid="24237008" lat="36.6216072" lon="101.7408657"/>
 <node id="13964397403" visible="true" version="1" changeset="184569307" timestamp="2026-06-25T08:37:33Z" user="GeoSylvaris" uid="24237008" lat="36.6216115" lon="101.7411232"/>
 <node id="13964397404" visible="true" version="1" changeset="184569307" timestamp="2026-06-25T08:37:33Z" user="GeoSylvaris" uid="24237008" lat="36.6215727" lon="101.7414182"/>
 <node id="13964397405" visible="true" version="1" changeset="184569307" timestamp="2026-06-25T08:37:33Z" user="GeoSylvaris" uid="24237008" lat="36.6214522" lon="101.7422819"/>
 <node id="13964397406" visible="true" version="1" changeset="184569307" timestamp="2026-06-25T08:37:33Z" user="GeoSylvaris" uid="24237008" lat="36.6210991" lon="101.7430544"/>
 <node id="13964397407" visible="true" version="1" changeset="184569307" timestamp="2026-06-25T08:37:33Z" user="GeoSylvaris" uid="24237008" lat="36.6210819" lon="101.7431617"/>
 <node id="13964397408" visible="true" version="1" changeset="184569307" timestamp="2026-06-25T08:37:33Z" user="GeoSylvaris" uid="24237008" lat="36.6211336" lon="101.7433011"/>
 <node id="13964397409" visible="true" version="1" changeset="184569307" timestamp="2026-06-25T08:37:33Z" user="GeoSylvaris" uid="24237008" lat="36.6212412" lon="101.7432636"/>
 <node id="13964397410" visible="true" version="1" changeset="184569307" timestamp="2026-06-25T08:37:33Z" user="GeoSylvaris" uid="24237008" lat="36.6214048" lon="101.7430383"/>
 <node id="13964397411" visible="true" version="1" changeset="184569307" timestamp="2026-06-25T08:37:33Z" user="GeoSylvaris" uid="24237008" lat="36.6218310" lon="101.7418903"/>
 <node id="13964397412" visible="true" version="1" changeset="184569307" timestamp="2026-06-25T08:37:33Z" user="GeoSylvaris" uid="24237008" lat="36.6220076" lon="101.7412895"/>
 <node id="13964397413" visible="true" version="1" changeset="184569307" timestamp="2026-06-25T08:37:33Z" user="GeoSylvaris" uid="24237008" lat="36.6221410" lon="101.7404634"/>
 <node id="13964397414" visible="true" version="1" changeset="184569307" timestamp="2026-06-25T08:37:33Z" user="GeoSylvaris" uid="24237008" lat="36.6218095" lon="101.7399430"/>
 <node id="13964397415" visible="true" version="1" changeset="184569307" timestamp="2026-06-25T08:37:33Z" user="GeoSylvaris" uid="24237008" lat="36.6217406" lon="101.7398304"/>
 <node id="13964397416" visible="true" version="1" changeset="184569307" timestamp="2026-06-25T08:37:33Z" user="GeoSylvaris" uid="24237008" lat="36.6217062" lon="101.7396480"/>
 <node id="13964397417" visible="true" version="1" changeset="184569307" timestamp="2026-06-25T08:37:33Z" user="GeoSylvaris" uid="24237008" lat="36.6216373" lon="101.7394334"/>
 <node id="13964397418" visible="true" version="1" changeset="184569307" timestamp="2026-06-25T08:37:33Z" user="GeoSylvaris" uid="24237008" lat="36.6215426" lon="101.7392886"/>
 <node id="13964397419" visible="true" version="1" changeset="184569307" timestamp="2026-06-25T08:37:33Z" user="GeoSylvaris" uid="24237008" lat="36.6213983" lon="101.7391719"/>
 <node id="13964397420" visible="true" version="1" changeset="184569307" timestamp="2026-06-25T08:37:33Z" user="GeoSylvaris" uid="24237008" lat="36.6213359" lon="101.7391129"/>
 <node id="13964397421" visible="true" version="1" changeset="184569307" timestamp="2026-06-25T08:37:33Z" user="GeoSylvaris" uid="24237008" lat="36.6213058" lon="101.7390244"/>
 <node id="13964397422" visible="true" version="1" changeset="184569307" timestamp="2026-06-25T08:37:33Z" user="GeoSylvaris" uid="24237008" lat="36.6213564" lon="101.7388768"/>
 <node id="13964397423" visible="true" version="1" changeset="184569307" timestamp="2026-06-25T08:37:33Z" user="GeoSylvaris" uid="24237008" lat="36.6214672" lon="101.7388138"/>
 <node id="13964397424" visible="true" version="1" changeset="184569307" timestamp="2026-06-25T08:37:33Z" user="GeoSylvaris" uid="24237008" lat="36.6215964" lon="101.7387441"/>
 <node id="13964397425" visible="true" version="1" changeset="184569307" timestamp="2026-06-25T08:37:33Z" user="GeoSylvaris" uid="24237008" lat="36.6217643" lon="101.7386220"/>
 <node id="13964397426" visible="true" version="1" changeset="184569307" timestamp="2026-06-25T08:37:33Z" user="GeoSylvaris" uid="24237008" lat="36.6218849" lon="101.7385040"/>
 <node id="13964397427" visible="true" version="1" changeset="184569307" timestamp="2026-06-25T08:37:33Z" user="GeoSylvaris" uid="24237008" lat="36.6219602" lon="101.7383431"/>
 <node id="13964397428" visible="true" version="1" changeset="184569307" timestamp="2026-06-25T08:37:33Z" user="GeoSylvaris" uid="24237008" lat="36.6219354" lon="101.7382157"/>
 <node id="13964397429" visible="true" version="1" changeset="184569307" timestamp="2026-06-25T08:37:33Z" user="GeoSylvaris" uid="24237008" lat="36.6219258" lon="101.7380682"/>
 <node id="13964397430" visible="true" version="1" changeset="184569307" timestamp="2026-06-25T08:37:33Z" user="GeoSylvaris" uid="24237008" lat="36.6219462" lon="101.7379622"/>
 <node id="13964397431" visible="true" version="1" changeset="184569307" timestamp="2026-06-25T08:37:33Z" user="GeoSylvaris" uid="24237008" lat="36.6220334" lon="101.7379206"/>
 <node id="13964397432" visible="true" version="1" changeset="184569307" timestamp="2026-06-25T08:37:33Z" user="GeoSylvaris" uid="24237008" lat="36.6221410" lon="101.7377543"/>
 <node id="13964397433" visible="true" version="1" changeset="184569307" timestamp="2026-06-25T08:37:33Z" user="GeoSylvaris" uid="24237008" lat="36.6222379" lon="101.7376149"/>
 <node id="13964397434" visible="true" version="1" changeset="184569307" timestamp="2026-06-25T08:37:33Z" user="GeoSylvaris" uid="24237008" lat="36.6223132" lon="101.7374808"/>
 <node id="13964397435" visible="true" version="1" changeset="184569307" timestamp="2026-06-25T08:37:33Z" user="GeoSylvaris" uid="24237008" lat="36.6223477" lon="101.7372823"/>
 <node id="13964397436" visible="true" version="1" changeset="184569307" timestamp="2026-06-25T08:37:33Z" user="GeoSylvaris" uid="24237008" lat="36.6224381" lon="101.7371562"/>
 <node id="13964397437" visible="true" version="1" changeset="184569307" timestamp="2026-06-25T08:37:33Z" user="GeoSylvaris" uid="24237008" lat="36.6225565" lon="101.7369604"/>
 <node id="13964397438" visible="true" version="1" changeset="184569307" timestamp="2026-06-25T08:37:33Z" user="GeoSylvaris" uid="24237008" lat="36.6228385" lon="101.7367995"/>
 <node id="13964397439" visible="true" version="1" changeset="184569307" timestamp="2026-06-25T08:37:33Z" user="GeoSylvaris" uid="24237008" lat="36.6232604" lon="101.7364052"/>
 <node id="13964397440" visible="true" version="1" changeset="184569307" timestamp="2026-06-25T08:37:33Z" user="GeoSylvaris" uid="24237008" lat="36.6234004" lon="101.7363059"/>
 <node id="13964397441" visible="true" version="1" changeset="184569307" timestamp="2026-06-25T08:37:33Z" user="GeoSylvaris" uid="24237008" lat="36.6233874" lon="101.7362496"/>
 <node id="13964397442" visible="true" version="1" changeset="184569307" timestamp="2026-06-25T08:37:33Z" user="GeoSylvaris" uid="24237008" lat="36.6232647" lon="101.7362201"/>
 <node id="13964397443" visible="true" version="1" changeset="184569307" timestamp="2026-06-25T08:37:33Z" user="GeoSylvaris" uid="24237008" lat="36.6230753" lon="101.7361987"/>
 <node id="13964397444" visible="true" version="1" changeset="184569307" timestamp="2026-06-25T08:37:33Z" user="GeoSylvaris" uid="24237008" lat="36.6229375" lon="101.7361316"/>
 <node id="13964397445" visible="true" version="1" changeset="184569307" timestamp="2026-06-25T08:37:33Z" user="GeoSylvaris" uid="24237008" lat="36.6229268" lon="101.7359626"/>
 <node id="13964397446" visible="true" version="1" changeset="184569307" timestamp="2026-06-25T08:37:33Z" user="GeoSylvaris" uid="24237008" lat="36.6230215" lon="101.7356729"/>
 <node id="13964397447" visible="true" version="1" changeset="184569307" timestamp="2026-06-25T08:37:33Z" user="GeoSylvaris" uid="24237008" lat="36.6231614" lon="101.7353484"/>
 <node id="13964397448" visible="true" version="1" changeset="184569307" timestamp="2026-06-25T08:37:33Z" user="GeoSylvaris" uid="24237008" lat="36.6233056" lon="101.7350373"/>
 <node id="13964397449" visible="true" version="1" changeset="184569307" timestamp="2026-06-25T08:37:33Z" user="GeoSylvaris" uid="24237008" lat="36.6233853" lon="101.7346752"/>
 <node id="13964397450" visible="true" version="1" changeset="184569307" timestamp="2026-06-25T08:37:33Z" user="GeoSylvaris" uid="24237008" lat="36.6234951" lon="101.7345008"/>
 <node id="13964397451" visible="true" version="1" changeset="184569307" timestamp="2026-06-25T08:37:33Z" user="GeoSylvaris" uid="24237008" lat="36.6237297" lon="101.7337042"/>
 <node id="13964397452" visible="true" version="1" changeset="184569307" timestamp="2026-06-25T08:37:33Z" user="GeoSylvaris" uid="24237008" lat="36.6237125" lon="101.7335728"/>
 <node id="13964397453" visible="true" version="1" changeset="184569307" timestamp="2026-06-25T08:37:33Z" user="GeoSylvaris" uid="24237008" lat="36.6237017" lon="101.7334682"/>
 <node id="13964397454" visible="true" version="1" changeset="184569307" timestamp="2026-06-25T08:37:33Z" user="GeoSylvaris" uid="24237008" lat="36.6237168" lon="101.7333770"/>
 <node id="13964397455" visible="true" version="1" changeset="184569307" timestamp="2026-06-25T08:37:33Z" user="GeoSylvaris" uid="24237008" lat="36.6238266" lon="101.7333689"/>
 <node id="13964397456" visible="true" version="1" changeset="184569307" timestamp="2026-06-25T08:37:33Z" user="GeoSylvaris" uid="24237008" lat="36.6242227" lon="101.7334279"/>
 <node id="13964397457" visible="true" version="1" changeset="184569307" timestamp="2026-06-25T08:37:33Z" user="GeoSylvaris" uid="24237008" lat="36.6243045" lon="101.7335084"/>
 <node id="13964397458" visible="true" version="1" changeset="184569307" timestamp="2026-06-25T08:37:33Z" user="GeoSylvaris" uid="24237008" lat="36.6243238" lon="101.7338812"/>
 <node id="13964397459" visible="true" version="1" changeset="184569307" timestamp="2026-06-25T08:37:33Z" user="GeoSylvaris" uid="24237008" lat="36.6242700" lon="101.7340475"/>
 <node id="13964397460" visible="true" version="1" changeset="184569307" timestamp="2026-06-25T08:37:33Z" user="GeoSylvaris" uid="24237008" lat="36.6222390" lon="101.7475323"/>
 <node id="13964397461" visible="true" version="1" changeset="184569307" timestamp="2026-06-25T08:37:33Z" user="GeoSylvaris" uid="24237008" lat="36.6222002" lon="101.7475297"/>
 <node id="13964397462" visible="true" version="1" changeset="184569307" timestamp="2026-06-25T08:37:33Z" user="GeoSylvaris" uid="24237008" lat="36.6221496" lon="101.7474666"/>
 <node id="13964397463" visible="true" version="1" changeset="184569307" timestamp="2026-06-25T08:37:33Z" user="GeoSylvaris" uid="24237008" lat="36.6221173" lon="101.7473607"/>
 <node id="13964397464" visible="true" version="1" changeset="184569307" timestamp="2026-06-25T08:37:33Z" user="GeoSylvaris" uid="24237008" lat="36.6220237" lon="101.7473902"/>
 <node id="13964397465" visible="true" version="1" changeset="184569307" timestamp="2026-06-25T08:37:33Z" user="GeoSylvaris" uid="24237008" lat="36.6219139" lon="101.7473593"/>
 <node id="13964397466" visible="true" version="1" changeset="184569307" timestamp="2026-06-25T08:37:33Z" user="GeoSylvaris" uid="24237008" lat="36.6218095" lon="101.7473164"/>
 <node id="13964397467" visible="true" version="1" changeset="184569307" timestamp="2026-06-25T08:37:33Z" user="GeoSylvaris" uid="24237008" lat="36.6218978" lon="101.7472373"/>
 <node id="13964397468" visible="true" version="1" changeset="184569307" timestamp="2026-06-25T08:37:33Z" user="GeoSylvaris" uid="24237008" lat="36.6218020" lon="101.7472145"/>
 <node id="13964397469" visible="true" version="1" changeset="184569307" timestamp="2026-06-25T08:37:33Z" user="GeoSylvaris" uid="24237008" lat="36.6218752" lon="101.7471273"/>
 <node id="13964397470" visible="true" version="1" changeset="184569307" timestamp="2026-06-25T08:37:33Z" user="GeoSylvaris" uid="24237008" lat="36.6217654" lon="101.7471287"/>
 <node id="13964397471" visible="true" version="1" changeset="184569307" timestamp="2026-06-25T08:37:33Z" user="GeoSylvaris" uid="24237008" lat="36.6218321" lon="101.7470562"/>
 <node id="13964397472" visible="true" version="1" changeset="184569307" timestamp="2026-06-25T08:37:33Z" user="GeoSylvaris" uid="24237008" lat="36.6217191" lon="101.7470576"/>
 <node id="13964397473" visible="true" version="1" changeset="184569307" timestamp="2026-06-25T08:37:33Z" user="GeoSylvaris" uid="24237008" lat="36.6217557" lon="101.7469838"/>
 <node id="13964397474" visible="true" version="1" changeset="184569307" timestamp="2026-06-25T08:37:33Z" user="GeoSylvaris" uid="24237008" lat="36.6216943" lon="101.7469530"/>
 <node id="13964397475" visible="true" version="1" changeset="184569307" timestamp="2026-06-25T08:37:33Z" user="GeoSylvaris" uid="24237008" lat="36.6217062" lon="101.7468363"/>
 <node id="13964397476" visible="true" version="1" changeset="184569307" timestamp="2026-06-25T08:37:33Z" user="GeoSylvaris" uid="24237008" lat="36.6216427" lon="101.7468323"/>
 <node id="13964397477" visible="true" version="1" changeset="184569307" timestamp="2026-06-25T08:37:33Z" user="GeoSylvaris" uid="24237008" lat="36.6216599" lon="101.7467545"/>
 <node id="13964397478" visible="true" version="1" changeset="184569307" timestamp="2026-06-25T08:37:33Z" user="GeoSylvaris" uid="24237008" lat="36.6216115" lon="101.7467237"/>
 <node id="13964397479" visible="true" version="1" changeset="184569307" timestamp="2026-06-25T08:37:33Z" user="GeoSylvaris" uid="24237008" lat="36.6215975" lon="101.7466378"/>
 <node id="13964397480" visible="true" version="1" changeset="184569307" timestamp="2026-06-25T08:37:33Z" user="GeoSylvaris" uid="24237008" lat="36.6215738" lon="101.7465614"/>
 <node id="13964397481" visible="true" version="1" changeset="184569307" timestamp="2026-06-25T08:37:33Z" user="GeoSylvaris" uid="24237008" lat="36.6217449" lon="101.7464608"/>
 <node id="13964397482" visible="true" version="1" changeset="184569307" timestamp="2026-06-25T08:37:33Z" user="GeoSylvaris" uid="24237008" lat="36.6219688" lon="101.7460746"/>
 <node id="13964397483" visible="true" version="1" changeset="184569307" timestamp="2026-06-25T08:37:33Z" user="GeoSylvaris" uid="24237008" lat="36.6221539" lon="101.7456990"/>
 <node id="13964397484" visible="true" version="1" changeset="184569307" timestamp="2026-06-25T08:37:33Z" user="GeoSylvaris" uid="24237008" lat="36.6221927" lon="101.7454147"/>
 <node id="13964397485" visible="true" version="1" changeset="184569307" timestamp="2026-06-25T08:37:33Z" user="GeoSylvaris" uid="24237008" lat="36.6222401" lon="101.7449963"/>
 <node id="13964397486" visible="true" version="1" changeset="184569307" timestamp="2026-06-25T08:37:33Z" user="GeoSylvaris" uid="24237008" lat="36.6223951" lon="101.7446691"/>
 <node id="13964397487" visible="true" version="1" changeset="184569307" timestamp="2026-06-25T08:37:33Z" user="GeoSylvaris" uid="24237008" lat="36.6225587" lon="101.7444652"/>
 <node id="13964397488" visible="true" version="1" changeset="184569307" timestamp="2026-06-25T08:37:33Z" user="GeoSylvaris" uid="24237008" lat="36.6227309" lon="101.7441112"/>
 <node id="13964397489" visible="true" version="1" changeset="184569307" timestamp="2026-06-25T08:37:33Z" user="GeoSylvaris" uid="24237008" lat="36.6229160" lon="101.7435747"/>
 <node id="13964397490" visible="true" version="1" changeset="184569307" timestamp="2026-06-25T08:37:33Z" user="GeoSylvaris" uid="24237008" lat="36.6230495" lon="101.7432153"/>
 <node id="13964397491" visible="true" version="1" changeset="184569307" timestamp="2026-06-25T08:37:33Z" user="GeoSylvaris" uid="24237008" lat="36.6232906" lon="101.7424053"/>
 <node id="13964397492" visible="true" version="1" changeset="184569307" timestamp="2026-06-25T08:37:33Z" user="GeoSylvaris" uid="24237008" lat="36.6233767" lon="101.7419654"/>
 <node id="13964397493" visible="true" version="1" changeset="184569307" timestamp="2026-06-25T08:37:33Z" user="GeoSylvaris" uid="24237008" lat="36.6234326" lon="101.7415523"/>
 <node id="13964397494" visible="true" version="1" changeset="184569307" timestamp="2026-06-25T08:37:33Z" user="GeoSylvaris" uid="24237008" lat="36.6235833" lon="101.7411393"/>
 <node id="13964397495" visible="true" version="1" changeset="184569307" timestamp="2026-06-25T08:37:33Z" user="GeoSylvaris" uid="24237008" lat="36.6237125" lon="101.7405921"/>
 <node id="13964397496" visible="true" version="1" changeset="184569307" timestamp="2026-06-25T08:37:33Z" user="GeoSylvaris" uid="24237008" lat="36.6237814" lon="101.7402273"/>
 <node id="13964397497" visible="true" version="1" changeset="184569307" timestamp="2026-06-25T08:37:33Z" user="GeoSylvaris" uid="24237008" lat="36.6237383" lon="101.7399752"/>
 <node id="13964397498" visible="true" version="1" changeset="184569307" timestamp="2026-06-25T08:37:33Z" user="GeoSylvaris" uid="24237008" lat="36.6236393" lon="101.7398706"/>
 <node id="13964397499" visible="true" version="1" changeset="184569307" timestamp="2026-06-25T08:37:33Z" user="GeoSylvaris" uid="24237008" lat="36.6236565" lon="101.7395487"/>
 <node id="13964397500" visible="true" version="1" changeset="184569307" timestamp="2026-06-25T08:37:33Z" user="GeoSylvaris" uid="24237008" lat="36.6237276" lon="101.7393851"/>
 <node id="13964397501" visible="true" version="1" changeset="184569307" timestamp="2026-06-25T08:37:33Z" user="GeoSylvaris" uid="24237008" lat="36.6238589" lon="101.7389560"/>
 <node id="13964397502" visible="true" version="1" changeset="184569307" timestamp="2026-06-25T08:37:33Z" user="GeoSylvaris" uid="24237008" lat="36.6239794" lon="101.7384356"/>
 <node id="13964397503" visible="true" version="1" changeset="184569307" timestamp="2026-06-25T08:37:33Z" user="GeoSylvaris" uid="24237008" lat="36.6240892" lon="101.7381057"/>
 <node id="13964397504" visible="true" version="1" changeset="184569307" timestamp="2026-06-25T08:37:33Z" user="GeoSylvaris" uid="24237008" lat="36.6242033" lon="101.7378724"/>
 <node id="13964397505" visible="true" version="1" changeset="184569307" timestamp="2026-06-25T08:37:33Z" user="GeoSylvaris" uid="24237008" lat="36.6243669" lon="101.7375880"/>
 <node id="13964397506" visible="true" version="1" changeset="184569307" timestamp="2026-06-25T08:37:33Z" user="GeoSylvaris" uid="24237008" lat="36.6245326" lon="101.7372072"/>
 <node id="13964397507" visible="true" version="1" changeset="184569307" timestamp="2026-06-25T08:37:33Z" user="GeoSylvaris" uid="24237008" lat="36.6247070" lon="101.7363301"/>
 <node id="13964397508" visible="true" version="1" changeset="184569307" timestamp="2026-06-25T08:37:33Z" user="GeoSylvaris" uid="24237008" lat="36.6247802" lon="101.7358258"/>
 <node id="13964397509" visible="true" version="1" changeset="184569307" timestamp="2026-06-25T08:37:33Z" user="GeoSylvaris" uid="24237008" lat="36.6247824" lon="101.7355201"/>
 <node id="13964397510" visible="true" version="1" changeset="184569307" timestamp="2026-06-25T08:37:33Z" user="GeoSylvaris" uid="24237008" lat="36.6246489" lon="101.7353055"/>
 <node id="13964397511" visible="true" version="1" changeset="184569307" timestamp="2026-06-25T08:37:33Z" user="GeoSylvaris" uid="24237008" lat="36.6243325" lon="101.7350963"/>
 <node id="13964397512" visible="true" version="1" changeset="184569307" timestamp="2026-06-25T08:37:33Z" user="GeoSylvaris" uid="24237008" lat="36.6241645" lon="101.7350695"/>
 <node id="13964397513" visible="true" version="1" changeset="184569307" timestamp="2026-06-25T08:37:33Z" user="GeoSylvaris" uid="24237008" lat="36.6242033" lon="101.7348334"/>
 <node id="13964397514" visible="true" version="1" changeset="184569307" timestamp="2026-06-25T08:37:33Z" user="GeoSylvaris" uid="24237008" lat="36.6242808" lon="101.7345384"/>
 <node id="13964397515" visible="true" version="1" changeset="184569307" timestamp="2026-06-25T08:37:33Z" user="GeoSylvaris" uid="24237008" lat="36.6243238" lon="101.7344150"/>
 <node id="13964397516" visible="true" version="1" changeset="184569307" timestamp="2026-06-25T08:37:33Z" user="GeoSylvaris" uid="24237008" lat="36.6243927" lon="101.7340603"/>
 <node id="13964397517" visible="true" version="1" changeset="184569307" timestamp="2026-06-25T08:37:33Z" user="GeoSylvaris" uid="24237008" lat="36.6245111" lon="101.7337900"/>
 <node id="13964397518" visible="true" version="1" changeset="184569307" timestamp="2026-06-25T08:37:33Z" user="GeoSylvaris" uid="24237008" lat="36.6245649" lon="101.7334977"/>
 <node id="13964397519" visible="true" version="1" changeset="184569307" timestamp="2026-06-25T08:37:33Z" user="GeoSylvaris" uid="24237008" lat="36.6245370" lon="101.7333636"/>
 <node id="13964397520" visible="true" version="1" changeset="184569307" timestamp="2026-06-25T08:37:33Z" user="GeoSylvaris" uid="24237008" lat="36.6244831" lon="101.7332509"/>
 <node id="13964397521" visible="true" version="1" changeset="184569307" timestamp="2026-06-25T08:37:33Z" user="GeoSylvaris" uid="24237008" lat="36.6243540" lon="101.7331275"/>
 <node id="13964397522" visible="true" version="1" changeset="184569307" timestamp="2026-06-25T08:37:33Z" user="GeoSylvaris" uid="24237008" lat="36.6240892" lon="101.7329103"/>
 <node id="13964397523" visible="true" version="1" changeset="184569307" timestamp="2026-06-25T08:37:33Z" user="GeoSylvaris" uid="24237008" lat="36.6239019" lon="101.7327923"/>
 <node id="13964397524" visible="true" version="1" changeset="184569307" timestamp="2026-06-25T08:37:33Z" user="GeoSylvaris" uid="24237008" lat="36.6237986" lon="101.7326957"/>
 <node id="13964397525" visible="true" version="1" changeset="184569307" timestamp="2026-06-25T08:37:33Z" user="GeoSylvaris" uid="24237008" lat="36.6237340" lon="101.7239919">
  <tag k="amenity" v="place_of_worship"/>
  <tag k="name" v="公墓祈福"/>
  <tag k="religion" v="buddhist"/>
 </node>
 <node id="13964397530" visible="true" version="1" changeset="184569307" timestamp="2026-06-25T08:37:33Z" user="GeoSylvaris" uid="24237008" lat="36.6271438" lon="101.7255208"/>
 <node id="13964397531" visible="true" version="1" changeset="184569307" timestamp="2026-06-25T08:37:33Z" user="GeoSylvaris" uid="24237008" lat="36.6272169" lon="101.7254457"/>
 <node id="13964397532" visible="true" version="1" changeset="184569307" timestamp="2026-06-25T08:37:33Z" user="GeoSylvaris" uid="24237008" lat="36.6271674" lon="101.7253706"/>
 <node id="13964397533" visible="true" version="1" changeset="184569307" timestamp="2026-06-25T08:37:33Z" user="GeoSylvaris" uid="24237008" lat="36.6270577" lon="101.7252740"/>
 <node id="13964397534" visible="true" version="1" changeset="184569307" timestamp="2026-06-25T08:37:33Z" user="GeoSylvaris" uid="24237008" lat="36.6269737" lon="101.7251667"/>
 <node id="13964397535" visible="true" version="1" changeset="184569307" timestamp="2026-06-25T08:37:33Z" user="GeoSylvaris" uid="24237008" lat="36.6269199" lon="101.7249978"/>
 <node id="13964397536" visible="true" version="1" changeset="184569307" timestamp="2026-06-25T08:37:33Z" user="GeoSylvaris" uid="24237008" lat="36.6265281" lon="101.7246518"/>
 <node id="13964397537" visible="true" version="1" changeset="184569307" timestamp="2026-06-25T08:37:33Z" user="GeoSylvaris" uid="24237008" lat="36.6264765" lon="101.7245740"/>
 <node id="13964397538" visible="true" version="1" changeset="184569307" timestamp="2026-06-25T08:37:33Z" user="GeoSylvaris" uid="24237008" lat="36.6265195" lon="101.7245015"/>
 <node id="13964397539" visible="true" version="1" changeset="184569307" timestamp="2026-06-25T08:37:33Z" user="GeoSylvaris" uid="24237008" lat="36.6265905" lon="101.7244345"/>
 <node id="13964397540" visible="true" version="1" changeset="184569307" timestamp="2026-06-25T08:37:33Z" user="GeoSylvaris" uid="24237008" lat="36.6265905" lon="101.7243996"/>
 <node id="13964397541" visible="true" version="1" changeset="184569307" timestamp="2026-06-25T08:37:33Z" user="GeoSylvaris" uid="24237008" lat="36.6264722" lon="101.7243835"/>
 <node id="13964397542" visible="true" version="1" changeset="184569307" timestamp="2026-06-25T08:37:33Z" user="GeoSylvaris" uid="24237008" lat="36.6263990" lon="101.7243701"/>
 <node id="13964397543" visible="true" version="1" changeset="184569307" timestamp="2026-06-25T08:37:33Z" user="GeoSylvaris" uid="24237008" lat="36.6263731" lon="101.7243084"/>
 <node id="13964397544" visible="true" version="1" changeset="184569307" timestamp="2026-06-25T08:37:33Z" user="GeoSylvaris" uid="24237008" lat="36.6263990" lon="101.7242414"/>
 <node id="13964397545" visible="true" version="1" changeset="184569307" timestamp="2026-06-25T08:37:33Z" user="GeoSylvaris" uid="24237008" lat="36.6264700" lon="101.7241770"/>
 <node id="13964397546" visible="true" version="1" changeset="184569307" timestamp="2026-06-25T08:37:33Z" user="GeoSylvaris" uid="24237008" lat="36.6264958" lon="101.7240751"/>
 <node id="13964397547" visible="true" version="1" changeset="184569307" timestamp="2026-06-25T08:37:33Z" user="GeoSylvaris" uid="24237008" lat="36.6264894" lon="101.7239436"/>
 <node id="13964397548" visible="true" version="1" changeset="184569307" timestamp="2026-06-25T08:37:33Z" user="GeoSylvaris" uid="24237008" lat="36.6264635" lon="101.7238525"/>
 <node id="13964397549" visible="true" version="1" changeset="184569307" timestamp="2026-06-25T08:37:33Z" user="GeoSylvaris" uid="24237008" lat="36.6263990" lon="101.7237881"/>
 <node id="13964397550" visible="true" version="1" changeset="184569307" timestamp="2026-06-25T08:37:33Z" user="GeoSylvaris" uid="24237008" lat="36.6263215" lon="101.7237049"/>
 <node id="13964397551" visible="true" version="1" changeset="184569307" timestamp="2026-06-25T08:37:33Z" user="GeoSylvaris" uid="24237008" lat="36.6262397" lon="101.7236969"/>
 <node id="13964397552" visible="true" version="1" changeset="184569307" timestamp="2026-06-25T08:37:33Z" user="GeoSylvaris" uid="24237008" lat="36.6262440" lon="101.7236406"/>
 <node id="13964397553" visible="true" version="1" changeset="184569307" timestamp="2026-06-25T08:37:33Z" user="GeoSylvaris" uid="24237008" lat="36.6262440" lon="101.7235440"/>
 <node id="13964397554" visible="true" version="1" changeset="184569307" timestamp="2026-06-25T08:37:33Z" user="GeoSylvaris" uid="24237008" lat="36.6262009" lon="101.7235145"/>
 <node id="13964397555" visible="true" version="1" changeset="184569307" timestamp="2026-06-25T08:37:33Z" user="GeoSylvaris" uid="24237008" lat="36.6261234" lon="101.7235360"/>
 <node id="13964397556" visible="true" version="1" changeset="184569307" timestamp="2026-06-25T08:37:33Z" user="GeoSylvaris" uid="24237008" lat="36.6259684" lon="101.7235708"/>
 <node id="13964397557" visible="true" version="1" changeset="184569307" timestamp="2026-06-25T08:37:33Z" user="GeoSylvaris" uid="24237008" lat="36.6258888" lon="101.7236473"/>
 <node id="13964397558" visible="true" version="1" changeset="184569307" timestamp="2026-06-25T08:37:33Z" user="GeoSylvaris" uid="24237008" lat="36.6258210" lon="101.7237157"/>
 <node id="13964397559" visible="true" version="1" changeset="184569307" timestamp="2026-06-25T08:37:33Z" user="GeoSylvaris" uid="24237008" lat="36.6257500" lon="101.7236593"/>
 <node id="13964397560" visible="true" version="1" changeset="184569307" timestamp="2026-06-25T08:37:33Z" user="GeoSylvaris" uid="24237008" lat="36.6256251" lon="101.7235641"/>
 <node id="13964397561" visible="true" version="1" changeset="184569307" timestamp="2026-06-25T08:37:33Z" user="GeoSylvaris" uid="24237008" lat="36.6255745" lon="101.7234260"/>
 <node id="13964397562" visible="true" version="1" changeset="184569307" timestamp="2026-06-25T08:37:33Z" user="GeoSylvaris" uid="24237008" lat="36.6255498" lon="101.7231645"/>
 <node id="13964397563" visible="true" version="1" changeset="184569307" timestamp="2026-06-25T08:37:33Z" user="GeoSylvaris" uid="24237008" lat="36.6255422" lon="101.7229901"/>
 <node id="13964397564" visible="true" version="1" changeset="184569307" timestamp="2026-06-25T08:37:33Z" user="GeoSylvaris" uid="24237008" lat="36.6255530" lon="101.7228426"/>
 <node id="13964397565" visible="true" version="1" changeset="184569307" timestamp="2026-06-25T08:37:33Z" user="GeoSylvaris" uid="24237008" lat="36.6244750" lon="101.7223065"/>
 <node id="13964397579" visible="true" version="1" changeset="184569307" timestamp="2026-06-25T08:37:33Z" user="GeoSylvaris" uid="24237008" lat="36.6240572" lon="101.7336435"/>
 <node id="13964397580" visible="true" version="1" changeset="184569307" timestamp="2026-06-25T08:37:33Z" user="GeoSylvaris" uid="24237008" lat="36.6241121" lon="101.7336569"/>
 <node id="13964397581" visible="true" version="1" changeset="184569307" timestamp="2026-06-25T08:37:33Z" user="GeoSylvaris" uid="24237008" lat="36.6240688" lon="101.7335701"/>
 <node id="13964397582" visible="true" version="1" changeset="184569307" timestamp="2026-06-25T08:37:33Z" user="GeoSylvaris" uid="24237008" lat="36.6241236" lon="101.7335835"/>
 <node id="13964397583" visible="true" version="1" changeset="184569307" timestamp="2026-06-25T08:37:33Z" user="GeoSylvaris" uid="24237008" lat="36.6243303" lon="101.7329317">
  <tag k="amenity" v="toilets"/>
  <tag k="name" v="厕所"/>
 </node>
 <node id="13964484441" visible="true" version="1" changeset="184569307" timestamp="2026-06-25T09:41:59Z" user="GeoSylvaris" uid="24237008" lat="36.6269667" lon="101.7289557"/>
 <node id="13964484442" visible="true" version="1" changeset="184569307" timestamp="2026-06-25T09:41:59Z" user="GeoSylvaris" uid="24237008" lat="36.6269585" lon="101.7289413"/>
 <node id="13964484443" visible="true" version="1" changeset="184569307" timestamp="2026-06-25T09:41:59Z" user="GeoSylvaris" uid="24237008" lat="36.6269586" lon="101.7289235"/>
 <node id="13964484444" visible="true" version="1" changeset="184569307" timestamp="2026-06-25T09:41:59Z" user="GeoSylvaris" uid="24237008" lat="36.6269671" lon="101.7289093"/>
 <node id="13964484445" visible="true" version="1" changeset="184569307" timestamp="2026-06-25T09:41:59Z" user="GeoSylvaris" uid="24237008" lat="36.6269942" lon="101.7289097"/>
 <node id="13964484446" visible="true" version="1" changeset="184569307" timestamp="2026-06-25T09:41:59Z" user="GeoSylvaris" uid="24237008" lat="36.6270024" lon="101.7289242"/>
 <node id="13964484447" visible="true" version="1" changeset="184569307" timestamp="2026-06-25T09:41:59Z" user="GeoSylvaris" uid="24237008" lat="36.6270022" lon="101.7289419"/>
 <node id="13964484448" visible="true" version="1" changeset="184569307" timestamp="2026-06-25T09:41:59Z" user="GeoSylvaris" uid="24237008" lat="36.6269937" lon="101.7289561"/>
 <node id="13964484449" visible="true" version="1" changeset="184569307" timestamp="2026-06-25T09:41:59Z" user="GeoSylvaris" uid="24237008" lat="36.6269802" lon="101.7289614"/>
 <node id="13964484450" visible="true" version="1" changeset="184569307" timestamp="2026-06-25T09:41:59Z" user="GeoSylvaris" uid="24237008" lat="36.6269807" lon="101.7289041"/>
 <node id="13964484451" visible="true" version="1" changeset="184569307" timestamp="2026-06-25T09:41:59Z" user="GeoSylvaris" uid="24237008" lat="36.6268398" lon="101.7288021"/>
 <node id="13964484452" visible="true" version="1" changeset="184569307" timestamp="2026-06-25T09:41:59Z" user="GeoSylvaris" uid="24237008" lat="36.6268482" lon="101.7288164"/>
 <node id="13964484453" visible="true" version="1" changeset="184569307" timestamp="2026-06-25T09:41:59Z" user="GeoSylvaris" uid="24237008" lat="36.6268483" lon="101.7288341"/>
 <node id="13964484454" visible="true" version="1" changeset="184569307" timestamp="2026-06-25T09:41:59Z" user="GeoSylvaris" uid="24237008" lat="36.6268400" lon="101.7288485"/>
 <node id="13964484455" visible="true" version="1" changeset="184569307" timestamp="2026-06-25T09:41:59Z" user="GeoSylvaris" uid="24237008" lat="36.6268130" lon="101.7288487"/>
 <node id="13964484456" visible="true" version="1" changeset="184569307" timestamp="2026-06-25T09:41:59Z" user="GeoSylvaris" uid="24237008" lat="36.6268045" lon="101.7288345"/>
 <node id="13964484457" visible="true" version="1" changeset="184569307" timestamp="2026-06-25T09:41:59Z" user="GeoSylvaris" uid="24237008" lat="36.6268045" lon="101.7288167"/>
 <node id="13964484458" visible="true" version="1" changeset="184569307" timestamp="2026-06-25T09:41:59Z" user="GeoSylvaris" uid="24237008" lat="36.6268128" lon="101.7288023"/>
 <node id="13964484459" visible="true" version="1" changeset="184569307" timestamp="2026-06-25T09:41:59Z" user="GeoSylvaris" uid="24237008" lat="36.6268265" lon="101.7288541"/>
 <node id="13964484460" visible="true" version="1" changeset="184569307" timestamp="2026-06-25T09:41:59Z" user="GeoSylvaris" uid="24237008" lat="36.6268263" lon="101.7287968"/>
 <node id="13964484461" visible="true" version="1" changeset="184569307" timestamp="2026-06-25T09:41:59Z" user="GeoSylvaris" uid="24237008" lat="36.6265362" lon="101.7288354"/>
 <node id="13964484462" visible="true" version="1" changeset="184569307" timestamp="2026-06-25T09:41:59Z" user="GeoSylvaris" uid="24237008" lat="36.6266169" lon="101.7288998"/>
 <node id="13964484463" visible="true" version="1" changeset="184569307" timestamp="2026-06-25T09:41:59Z" user="GeoSylvaris" uid="24237008" lat="36.6266874" lon="101.7285410"/>
 <node id="13964484464" visible="true" version="1" changeset="184569307" timestamp="2026-06-25T09:41:59Z" user="GeoSylvaris" uid="24237008" lat="36.6267681" lon="101.7286053"/>
 <node id="13964484465" visible="true" version="1" changeset="184569307" timestamp="2026-06-25T09:41:59Z" user="GeoSylvaris" uid="24237008" lat="36.6264442" lon="101.7288400"/>
 <node id="13964484466" visible="true" version="1" changeset="184569307" timestamp="2026-06-25T09:41:59Z" user="GeoSylvaris" uid="24237008" lat="36.6265303" lon="101.7288400"/>
 <node id="13964484467" visible="true" version="1" changeset="184569307" timestamp="2026-06-25T09:41:59Z" user="GeoSylvaris" uid="24237008" lat="36.6264442" lon="101.7285530"/>
 <node id="13964484468" visible="true" version="1" changeset="184569307" timestamp="2026-06-25T09:41:59Z" user="GeoSylvaris" uid="24237008" lat="36.6265303" lon="101.7285530"/>
 <node id="13964484469" visible="true" version="1" changeset="184569307" timestamp="2026-06-25T09:41:59Z" user="GeoSylvaris" uid="24237008" lat="36.6249886" lon="101.7311496"/>
 <node id="13964484470" visible="true" version="1" changeset="184569307" timestamp="2026-06-25T09:41:59Z" user="GeoSylvaris" uid="24237008" lat="36.6253474" lon="101.7302455">
  <tag k="amenity" v="toilets"/>
  <tag k="female" v="yes"/>
  <tag k="male" v="yes"/>
  <tag k="name" v="厕所"/>
  <tag k="operator" v="西野"/>
  <tag k="unisex" v="yes"/>
 </node>
 <node id="13964484471" visible="true" version="1" changeset="184569307" timestamp="2026-06-25T09:41:59Z" user="GeoSylvaris" uid="24237008" lat="36.6254615" lon="101.7305298"/>
 <node id="13964484472" visible="true" version="1" changeset="184569307" timestamp="2026-06-25T09:41:59Z" user="GeoSylvaris" uid="24237008" lat="36.6254486" lon="101.7305915"/>
 <node id="13964484473" visible="true" version="1" changeset="184569307" timestamp="2026-06-25T09:41:59Z" user="GeoSylvaris" uid="24237008" lat="36.6254120" lon="101.7306679"/>
 <node id="13964484474" visible="true" version="1" changeset="184569307" timestamp="2026-06-25T09:41:59Z" user="GeoSylvaris" uid="24237008" lat="36.6253463" lon="101.7307558"/>
 <node id="13964484475" visible="true" version="1" changeset="184569307" timestamp="2026-06-25T09:41:59Z" user="GeoSylvaris" uid="24237008" lat="36.6253910" lon="101.7308470"/>
 <node id="13964484476" visible="true" version="1" changeset="184569307" timestamp="2026-06-25T09:41:59Z" user="GeoSylvaris" uid="24237008" lat="36.6254260" lon="101.7308068"/>
 <node id="13964484477" visible="true" version="1" changeset="184569307" timestamp="2026-06-25T09:41:59Z" user="GeoSylvaris" uid="24237008" lat="36.6254814" lon="101.7307162"/>
 <node id="13964484478" visible="true" version="1" changeset="184569307" timestamp="2026-06-25T09:41:59Z" user="GeoSylvaris" uid="24237008" lat="36.6255223" lon="101.7306237"/>
 <node id="13964484479" visible="true" version="1" changeset="184569307" timestamp="2026-06-25T09:41:59Z" user="GeoSylvaris" uid="24237008" lat="36.6255352" lon="101.7305607"/>
 <node id="13964484480" visible="true" version="1" changeset="184569307" timestamp="2026-06-25T09:41:59Z" user="GeoSylvaris" uid="24237008" lat="36.6263546" lon="101.7284643"/>
 <node id="13964484481" visible="true" version="1" changeset="184569307" timestamp="2026-06-25T09:41:59Z" user="GeoSylvaris" uid="24237008" lat="36.6262816" lon="101.7284860">
  <tag k="name" v="小卖铺(烤肠)"/>
  <tag k="shop" v="kiosk"/>
 </node>
 <node id="13964484482" visible="true" version="1" changeset="184569307" timestamp="2026-06-25T09:41:59Z" user="GeoSylvaris" uid="24237008" lat="36.6276485" lon="101.7272964">
  <tag k="amenity" v="restaurant"/>
  <tag k="name" v="熊猫餐厅"/>
 </node>
 <node id="13964484483" visible="true" version="1" changeset="184569307" timestamp="2026-06-25T09:41:59Z" user="GeoSylvaris" uid="24237008" lat="36.6300504" lon="101.7266736"/>
 <node id="13964484484" visible="true" version="1" changeset="184569307" timestamp="2026-06-25T09:41:59Z" user="GeoSylvaris" uid="24237008" lat="36.6301379" lon="101.7266473">
  <tag k="entrance" v="service"/>
  <tag k="name" v="西野西门"/>
 </node>
 <node id="13964484485" visible="true" version="1" changeset="184569307" timestamp="2026-06-25T09:41:59Z" user="GeoSylvaris" uid="24237008" lat="36.6301034" lon="101.7260384">
  <tag k="entrance" v="service"/>
  <tag k="name" v="西野西门"/>
 </node>
 <node id="13964484486" visible="true" version="1" changeset="184569307" timestamp="2026-06-25T09:41:59Z" user="GeoSylvaris" uid="24237008" lat="36.6286139" lon="101.7300081">
  <tag k="name" v="2323高原生灵实验室"/>
  <tag k="shop" v="bookmaker"/>
 </node>
 <node id="13964484487" visible="true" version="1" changeset="184569307" timestamp="2026-06-25T09:41:59Z" user="GeoSylvaris" uid="24237008" lat="36.6282308" lon="101.7302375"/>
 <node id="13964484488" visible="true" version="1" changeset="184569307" timestamp="2026-06-25T09:41:59Z" user="GeoSylvaris" uid="24237008" lat="36.6281350" lon="101.7302120"/>
 <node id="13964484489" visible="true" version="1" changeset="184569307" timestamp="2026-06-25T09:41:59Z" user="GeoSylvaris" uid="24237008" lat="36.6281296" lon="101.7301919"/>
 <node id="13964484490" visible="true" version="1" changeset="184569307" timestamp="2026-06-25T09:41:59Z" user="GeoSylvaris" uid="24237008" lat="36.6281016" lon="101.7301355"/>
 <node id="13964484491" visible="true" version="1" changeset="184569307" timestamp="2026-06-25T09:41:59Z" user="GeoSylvaris" uid="24237008" lat="36.6280640" lon="101.7301087"/>
 <node id="13964484492" visible="true" version="1" changeset="184569307" timestamp="2026-06-25T09:41:59Z" user="GeoSylvaris" uid="24237008" lat="36.6280758" lon="101.7300645"/>
 <node id="13964484493" visible="true" version="1" changeset="184569307" timestamp="2026-06-25T09:41:59Z" user="GeoSylvaris" uid="24237008" lat="36.6280349" lon="101.7300551"/>
 <node id="13964484494" visible="true" version="1" changeset="184569307" timestamp="2026-06-25T09:41:59Z" user="GeoSylvaris" uid="24237008" lat="36.6279865" lon="101.7300725"/>
 <node id="13964484495" visible="true" version="1" changeset="184569307" timestamp="2026-06-25T09:41:59Z" user="GeoSylvaris" uid="24237008" lat="36.6279706" lon="101.7299556"/>
 <node id="13964484496" visible="true" version="1" changeset="184569307" timestamp="2026-06-25T09:41:59Z" user="GeoSylvaris" uid="24237008" lat="36.6280500" lon="101.7299439"/>
 <node id="13964484497" visible="true" version="1" changeset="184569307" timestamp="2026-06-25T09:41:59Z" user="GeoSylvaris" uid="24237008" lat="36.6281272" lon="101.7299699"/>
 <node id="13964484498" visible="true" version="1" changeset="184569307" timestamp="2026-06-25T09:41:59Z" user="GeoSylvaris" uid="24237008" lat="36.6281911" lon="101.7300298"/>
 <node id="13964484499" visible="true" version="1" changeset="184569307" timestamp="2026-06-25T09:41:59Z" user="GeoSylvaris" uid="24237008" lat="36.6282324" lon="101.7301150"/>
 <node id="13964484500" visible="true" version="1" changeset="184569307" timestamp="2026-06-25T09:41:59Z" user="GeoSylvaris" uid="24237008" lat="36.6282454" lon="101.7302133"/>
 <node id="13964485077" visible="true" version="1" changeset="184569307" timestamp="2026-06-25T10:04:46Z" user="GeoSylvaris" uid="24237008" lat="36.6251033" lon="101.7310815"/>
 <node id="13964485078" visible="true" version="1" changeset="184569307" timestamp="2026-06-25T10:04:46Z" user="GeoSylvaris" uid="24237008" lat="36.6251517" lon="101.7311539"/>
 <node id="13964485079" visible="true" version="1" changeset="184569307" timestamp="2026-06-25T10:04:46Z" user="GeoSylvaris" uid="24237008" lat="36.6252936" lon="101.7308839"/>
 <node id="13964485080" visible="true" version="1" changeset="184569307" timestamp="2026-06-25T10:04:46Z" user="GeoSylvaris" uid="24237008" lat="36.6253420" lon="101.7309563"/>
 <node id="13968361828" visible="true" version="1" changeset="184644771" timestamp="2026-06-26T13:13:55Z" user="GeoSylvaris" uid="24237008" lat="36.6317137" lon="101.7267950">
  <tag k="building" v="yes"/>
  <tag k="name" v="紫宁家园14号楼2期"/>
 </node>
 <node id="13968361830" visible="true" version="1" changeset="184644771" timestamp="2026-06-26T13:13:55Z" user="GeoSylvaris" uid="24237008" lat="36.6317055" lon="101.7270328">
  <tag k="amenity" v="parking_entrance"/>
  <tag k="name" v="新华通讯社青海分社地面停车场(出入口)"/>
 </node>
 <node id="13968361840" visible="true" version="2" changeset="184645396" timestamp="2026-06-26T13:28:14Z" user="PizzaTreeIsland" uid="17308617" lat="36.6318209" lon="101.7275744">
  <tag k="access" v="yes"/>
  <tag k="amenity" v="parking"/>
  <tag k="name" v="新华通讯社青海分社地面停车场"/>
 </node>
 <node id="13968361854" visible="true" version="1" changeset="184644771" timestamp="2026-06-26T13:13:55Z" user="GeoSylvaris" uid="24237008" lat="36.6319554" lon="101.7281079">
  <tag k="landuse" v="residential"/>
  <tag k="name" v="嘉荣华天伦家园"/>
 </node>
 <node id="13968361857" visible="true" version="2" changeset="184645396" timestamp="2026-06-26T13:28:14Z" user="PizzaTreeIsland" uid="17308617" lat="36.6318872" lon="101.7376183">
  <tag k="access" v="yes"/>
  <tag k="amenity" v="parking"/>
  <tag k="name" v="青海移动家属院地上停车场"/>
 </node>
 <node id="13968361863" visible="true" version="2" changeset="184645396" timestamp="2026-06-26T13:28:14Z" user="PizzaTreeIsland" uid="17308617" lat="36.6316924" lon="101.7295228">
  <tag k="access" v="yes"/>
  <tag k="amenity" v="parking"/>
  <tag k="name" v="园林小区地上停车场"/>
 </node>
 <node id="13968361864" visible="true" version="2" changeset="184645396" timestamp="2026-06-26T13:28:14Z" user="PizzaTreeIsland" uid="17308617" lat="36.6315478" lon="101.7369355">
  <tag k="access" v="yes"/>
  <tag k="amenity" v="parking"/>
  <tag k="name" v="馨宁小区停车场"/>
 </node>
 <node id="13968361865" visible="true" version="1" changeset="184644771" timestamp="2026-06-26T13:13:55Z" user="GeoSylvaris" uid="24237008" lat="36.6313848" lon="101.7371045">
  <tag k="amenity" v="parking_entrance"/>
  <tag k="name" v="西府兰庭停车场(入口)"/>
 </node>
 <node id="13968361866" visible="true" version="1" changeset="184644771" timestamp="2026-06-26T13:13:55Z" user="GeoSylvaris" uid="24237008" lat="36.6301593" lon="101.7374694">
  <tag k="landuse" v="residential"/>
  <tag k="name" v="馨宁小区"/>
 </node>
 <node id="13968361868" visible="true" version="1" changeset="184644771" timestamp="2026-06-26T13:13:55Z" user="GeoSylvaris" uid="24237008" lat="36.6311094" lon="101.7299495">
  <tag k="building" v="yes"/>
  <tag k="name" v="青海省林业局家属楼3号楼"/>
 </node>
 <node id="13968361870" visible="true" version="1" changeset="184644771" timestamp="2026-06-26T13:13:55Z" user="GeoSylvaris" uid="24237008" lat="36.6314084" lon="101.7297327">
  <tag k="landuse" v="residential"/>
  <tag k="name" v="园林小区"/>
 </node>
 <node id="13968361871" visible="true" version="2" changeset="184645396" timestamp="2026-06-26T13:28:14Z" user="PizzaTreeIsland" uid="17308617" lat="36.6318970" lon="101.7361519">
  <tag k="access" v="yes"/>
  <tag k="amenity" v="parking"/>
  <tag k="name" v="盐湖小区停车场"/>
 </node>
 <node id="13968361872" visible="true" version="1" changeset="184644771" timestamp="2026-06-26T13:13:55Z" user="GeoSylvaris" uid="24237008" lat="36.6318858" lon="101.7364337">
  <tag k="highway" v="bus_stop"/>
  <tag k="name" v="西川南路(公交站)"/>
 </node>
 <node id="13968361877" visible="true" version="2" changeset="184645396" timestamp="2026-06-26T13:28:14Z" user="PizzaTreeIsland" uid="17308617" lat="36.6298011" lon="101.7300735">
  <tag k="access" v="yes"/>
  <tag k="amenity" v="parking"/>
  <tag k="name" v="青藏高原野生动物园正门东停车点"/>
 </node>
 <node id="13968361879" visible="true" version="1" changeset="184644771" timestamp="2026-06-26T13:13:55Z" user="GeoSylvaris" uid="24237008" lat="36.6312851" lon="101.7364827">
  <tag k="landuse" v="residential"/>
  <tag k="name" v="西府兰庭"/>
 </node>
 <node id="13968361880" visible="true" version="2" changeset="184645396" timestamp="2026-06-26T13:28:14Z" user="PizzaTreeIsland" uid="17308617" lat="36.6301520" lon="101.7299616">
  <tag k="access" v="yes"/>
  <tag k="amenity" v="parking"/>
  <tag k="name" v="西宁野生动物园地面停车场"/>
 </node>
 <node id="13968361881" visible="true" version="2" changeset="184645396" timestamp="2026-06-26T13:28:14Z" user="PizzaTreeIsland" uid="17308617" lat="36.6301490" lon="101.7299636">
  <tag k="access" v="yes"/>
  <tag k="amenity" v="parking"/>
  <tag k="name" v="青藏高原野生动物园正门停车点"/>
 </node>
 <node id="13968361884" visible="true" version="1" changeset="184644771" timestamp="2026-06-26T13:13:55Z" user="GeoSylvaris" uid="24237008" lat="36.6311878" lon="101.7307590">
  <tag k="highway" v="bus_stop"/>
  <tag k="name" v="野生动物园(公交站)"/>
 </node>
 <node id="13968361885" visible="true" version="2" changeset="184645396" timestamp="2026-06-26T13:28:14Z" user="PizzaTreeIsland" uid="17308617" lat="36.6308188" lon="101.7310358">
  <tag k="access" v="yes"/>
  <tag k="amenity" v="parking"/>
  <tag k="name" v="青藏高原野生动物园行知路停车点"/>
 </node>
 <node id="13968361886" visible="true" version="1" changeset="184644771" timestamp="2026-06-26T13:13:55Z" user="GeoSylvaris" uid="24237008" lat="36.6312429" lon="101.7351164">
  <tag k="landuse" v="residential"/>
  <tag k="name" v="盐湖小区"/>
 </node>
 <node id="13968361888" visible="true" version="1" changeset="184644771" timestamp="2026-06-26T13:13:55Z" user="GeoSylvaris" uid="24237008" lat="36.6315616" lon="101.7336401">
  <tag k="amenity" v="parking_entrance"/>
  <tag k="name" v="夏都景苑内部地下停车场(出入口)"/>
 </node>
 <node id="13968361889" visible="true" version="1" changeset="184644771" timestamp="2026-06-26T13:13:55Z" user="GeoSylvaris" uid="24237008" lat="36.6316063" lon="101.7341768">
  <tag k="landuse" v="residential"/>
  <tag k="name" v="西川南路17号院"/>
 </node>
 <way id="193218931" visible="true" version="6" changeset="184561732" timestamp="2026-06-25T03:53:57Z" user="GeoSylvaris" uid="24237008">
  <nd ref="2458348683"/>
  <nd ref="2458348629"/>
  <nd ref="2458348507"/>
  <nd ref="2458348411"/>
  <nd ref="2458348510"/>
  <nd ref="2458348485"/>
  <nd ref="2458348475"/>
  <nd ref="2458348660"/>
  <nd ref="2458348680"/>
  <nd ref="2458348537"/>
  <nd ref="2458348685"/>
  <nd ref="2458348409"/>
  <nd ref="2458348499"/>
  <nd ref="2458348533"/>
  <nd ref="2458348470"/>
  <nd ref="2037375571"/>
  <nd ref="2037375700"/>
  <nd ref="2458348624"/>
  <nd ref="2037375655"/>
  <nd ref="2458348426"/>
  <nd ref="2037375637"/>
  <nd ref="2037375640"/>
  <nd ref="2037375621"/>
  <nd ref="2458348670"/>
  <nd ref="2037375674"/>
  <nd ref="2458348451"/>
  <nd ref="2037375500"/>
  <nd ref="2458348626"/>
  <nd ref="2458348401"/>
  <nd ref="2458348466"/>
  <nd ref="2037375672"/>
  <nd ref="2037375670"/>
  <nd ref="2037375524"/>
  <nd ref="2458348596"/>
  <nd ref="2458348538"/>
  <nd ref="13963131299"/>
  <nd ref="2458348498"/>
  <nd ref="9234791829"/>
  <nd ref="2037375556"/>
  <nd ref="13963131130"/>
  <nd ref="2458348590"/>
  <nd ref="2037375433"/>
  <nd ref="2458348687"/>
  <nd ref="6716130793"/>
  <nd ref="6716130792"/>
  <nd ref="2037375613"/>
  <nd ref="6716130791"/>
  <nd ref="2037375664"/>
  <nd ref="6716130790"/>
  <nd ref="2037375607"/>
  <nd ref="6716130787"/>
  <nd ref="6716130786"/>
  <nd ref="2037375491"/>
  <tag k="highway" v="service"/>
 </way>
 <way id="193218944" visible="true" version="7" changeset="122499906" timestamp="2022-06-17T09:31:31Z" user="user_8291442" uid="8291442">
  <nd ref="2986745623"/>
  <nd ref="2458348525"/>
  <nd ref="2458348515"/>
  <nd ref="3184595298"/>
  <nd ref="2458348429"/>
  <nd ref="2458348567"/>
  <nd ref="2458348649"/>
  <nd ref="2458348462"/>
  <nd ref="2458348557"/>
  <nd ref="2458348536"/>
  <nd ref="2458348638"/>
  <nd ref="2458348478"/>
  <nd ref="2458348658"/>
  <nd ref="2458348500"/>
  <nd ref="2458348620"/>
  <nd ref="2458348469"/>
  <nd ref="9824951256"/>
  <nd ref="2458348471"/>
  <nd ref="2458348408"/>
  <nd ref="2458348586"/>
  <nd ref="2458348612"/>
  <nd ref="2037375430"/>
  <nd ref="2037375733"/>
  <nd ref="2037375624"/>
  <nd ref="2037375706"/>
  <nd ref="2458348417"/>
  <nd ref="2037375643"/>
  <nd ref="2037375478"/>
  <nd ref="2037375691"/>
  <nd ref="9824951246"/>
  <nd ref="2037375559"/>
  <nd ref="2037375419"/>
  <nd ref="2037375506"/>
  <nd ref="2037375591"/>
  <nd ref="2037375568"/>
  <nd ref="2037375488"/>
  <nd ref="5320152451"/>
  <tag k="highway" v="service"/>
  <tag k="oneway" v="yes"/>
 </way>
 <way id="237978028" visible="true" version="4" changeset="184564321" timestamp="2026-06-25T05:13:23Z" user="GeoSylvaris" uid="24237008">
  <nd ref="2458348488"/>
  <nd ref="2458348473"/>
  <nd ref="2458348431"/>
  <nd ref="2458348645"/>
  <nd ref="2458348509"/>
  <nd ref="13963131236"/>
  <nd ref="2458348563"/>
  <nd ref="2458348544"/>
  <nd ref="2458348430"/>
  <nd ref="2458348405"/>
  <nd ref="2458348422"/>
  <nd ref="13963131289"/>
  <nd ref="2458348480"/>
  <nd ref="2458348672"/>
  <nd ref="2458348656"/>
  <nd ref="2458348550"/>
  <nd ref="2458348527"/>
  <nd ref="2458348517"/>
  <nd ref="2458348534"/>
  <nd ref="2458348457"/>
  <nd ref="2458348483"/>
  <nd ref="2458348392"/>
  <nd ref="2458348413"/>
  <nd ref="2458348433"/>
  <nd ref="2458348686"/>
  <nd ref="2458348604"/>
  <nd ref="2458348644"/>
  <nd ref="2458348576"/>
  <nd ref="2458348495"/>
  <nd ref="2458348427"/>
  <nd ref="2458348669"/>
  <nd ref="2458348501"/>
  <nd ref="2458348423"/>
  <nd ref="2458348637"/>
  <nd ref="2458348610"/>
  <nd ref="2458348455"/>
  <nd ref="2458348441"/>
  <nd ref="2458348447"/>
  <nd ref="13963131193"/>
  <nd ref="2458348442"/>
  <nd ref="2458348412"/>
  <nd ref="2458348520"/>
  <nd ref="2458348553"/>
  <nd ref="2458348663"/>
  <nd ref="2458348531"/>
  <nd ref="13964017005"/>
  <nd ref="2458348420"/>
  <nd ref="2458348514"/>
  <nd ref="2458348683"/>
  <tag k="highway" v="service"/>
 </way>
 <way id="237978036" visible="true" version="3" changeset="184532253" timestamp="2026-06-24T16:12:07Z" user="GeoSylvaris" uid="24237008">
  <nd ref="2458348600"/>
  <nd ref="2458348677"/>
  <nd ref="2458348448"/>
  <nd ref="2458348472"/>
  <nd ref="2458348528"/>
  <nd ref="2458348543"/>
  <nd ref="2458348580"/>
  <nd ref="2458348394"/>
  <nd ref="2458348681"/>
  <nd ref="2458348622"/>
  <nd ref="2458348678"/>
  <nd ref="2458348606"/>
  <nd ref="2458348540"/>
  <nd ref="2458348631"/>
  <nd ref="2458348486"/>
  <nd ref="2458348506"/>
  <nd ref="2458348481"/>
  <nd ref="2458348460"/>
  <nd ref="2458348450"/>
  <nd ref="2458348521"/>
  <nd ref="2458348600"/>
  <tag k="name" v="水禽湖"/>
  <tag k="natural" v="water"/>
  <tag k="water" v="basin"/>
 </way>
 <way id="371987569" visible="true" version="4" changeset="122499906" timestamp="2022-06-17T09:31:31Z" user="user_8291442" uid="8291442">
  <nd ref="2458348641"/>
  <nd ref="9824951249"/>
  <nd ref="9234791955"/>
  <nd ref="2458348518"/>
  <nd ref="2458348523"/>
  <nd ref="2458348530"/>
  <nd ref="2458348571"/>
  <nd ref="2458348539"/>
  <nd ref="2458348484"/>
  <nd ref="2458348565"/>
  <tag k="highway" v="residential"/>
  <tag k="source" v="yahoo"/>
 </way>
 <way id="655142030" visible="true" version="2" changeset="184532253" timestamp="2026-06-24T16:12:07Z" user="GeoSylvaris" uid="24237008">
  <nd ref="3851472585"/>
  <nd ref="6138541383"/>
  <nd ref="6138541384"/>
  <nd ref="6138541786"/>
  <nd ref="6138541788"/>
  <nd ref="6138541787"/>
  <nd ref="6138541789"/>
  <nd ref="6138541790"/>
  <nd ref="6138541785"/>
  <nd ref="6138541791"/>
  <nd ref="6138541792"/>
  <nd ref="6138541793"/>
  <nd ref="6138541794"/>
  <nd ref="6138541795"/>
  <nd ref="6138541796"/>
  <nd ref="13962711862"/>
  <nd ref="6138541797"/>
  <nd ref="6138541798"/>
  <nd ref="6138541799"/>
  <nd ref="6138541800"/>
  <nd ref="6138541801"/>
  <nd ref="6138541803"/>
  <nd ref="6138541814"/>
  <nd ref="6138541809"/>
  <nd ref="6138541810"/>
  <nd ref="6138541806"/>
  <nd ref="6138541805"/>
  <nd ref="6138541804"/>
  <nd ref="6138541802"/>
  <nd ref="6138541811"/>
  <nd ref="6138541808"/>
  <nd ref="6138541807"/>
  <nd ref="6138541815"/>
  <nd ref="6138541817"/>
  <nd ref="6138541823"/>
  <nd ref="6138541822"/>
  <nd ref="6138541826"/>
  <nd ref="6138541824"/>
  <nd ref="6138541827"/>
  <nd ref="6138541830"/>
  <nd ref="6138541831"/>
  <nd ref="6138541829"/>
  <nd ref="6138541832"/>
  <nd ref="6138541833"/>
  <nd ref="6138541834"/>
  <nd ref="6138541835"/>
  <nd ref="6138541836"/>
  <nd ref="6138541837"/>
  <nd ref="6138541838"/>
  <nd ref="6138541839"/>
  <nd ref="6138541840"/>
  <nd ref="6138541841"/>
  <tag k="admin_level" v="8"/>
  <tag k="boundary" v="administrative"/>
  <tag k="source" v="estimated"/>
 </way>
 <way id="698845415" visible="true" version="1" changeset="71472209" timestamp="2019-06-21T08:30:55Z" user="lorenzo23622" uid="476483">
  <nd ref="2458348565"/>
  <nd ref="2458348682"/>
  <tag k="highway" v="residential"/>
  <tag k="layer" v="-1"/>
  <tag k="source" v="yahoo"/>
  <tag k="tunnel" v="yes"/>
 </way>
 <way id="698845416" visible="true" version="4" changeset="184569307" timestamp="2026-06-25T07:55:41Z" user="GeoSylvaris" uid="24237008">
  <nd ref="2458348682"/>
  <nd ref="2458348410"/>
  <nd ref="2458348647"/>
  <nd ref="13964196291"/>
  <nd ref="2458348489"/>
  <nd ref="13964196292"/>
  <nd ref="13964196293"/>
  <nd ref="2458348488"/>
  <nd ref="13963131219"/>
  <nd ref="2458348668"/>
  <nd ref="13963131237"/>
  <nd ref="2458348657"/>
  <nd ref="2458348574"/>
  <nd ref="13963131225"/>
  <nd ref="2458348653"/>
  <nd ref="2458348547"/>
  <nd ref="2458348482"/>
  <nd ref="2458348594"/>
  <nd ref="2458348662"/>
  <nd ref="2458348496"/>
  <nd ref="2458348491"/>
  <nd ref="13963131118"/>
  <nd ref="2458348628"/>
  <nd ref="13963131117"/>
  <nd ref="2458348443"/>
  <nd ref="2458348415"/>
  <nd ref="2458348458"/>
  <nd ref="2458348436"/>
  <nd ref="2458348505"/>
  <nd ref="2458348432"/>
  <nd ref="2458348444"/>
  <nd ref="2458348446"/>
  <nd ref="13963131136"/>
  <nd ref="2458348616"/>
  <nd ref="2458348687"/>
  <tag k="highway" v="service"/>
  <tag k="source" v="yahoo"/>
 </way>
 <way id="714479351" visible="true" version="3" changeset="82067741" timestamp="2020-03-11T15:26:45Z" user="lorenzo23622" uid="476483">
  <nd ref="6716130784"/>
  <nd ref="6716130783"/>
  <nd ref="6716130782"/>
  <nd ref="6716130781"/>
  <nd ref="6716130780"/>
  <nd ref="6716130779"/>
  <nd ref="6716130778"/>
  <nd ref="7285300108"/>
  <nd ref="6716130777"/>
  <nd ref="6716130776"/>
  <nd ref="6716130775"/>
  <nd ref="6716130774"/>
  <nd ref="6716130773"/>
  <nd ref="6716130772"/>
  <nd ref="6716130771"/>
  <nd ref="6716130770"/>
  <nd ref="6716130769"/>
  <nd ref="6716130768"/>
  <nd ref="6716130767"/>
  <nd ref="6716130766"/>
  <nd ref="7285300175"/>
  <nd ref="6716130764"/>
  <nd ref="6716130762"/>
  <nd ref="6716130761"/>
  <nd ref="6716130760"/>
  <nd ref="6716130759"/>
  <nd ref="6716130758"/>
  <nd ref="7285300088"/>
  <nd ref="6716130757"/>
  <nd ref="6716130756"/>
  <nd ref="6716130755"/>
  <nd ref="7285295659"/>
  <tag k="highway" v="trunk"/>
  <tag k="lanes" v="3"/>
  <tag k="maxspeed" v="80"/>
  <tag k="oneway" v="yes"/>
 </way>
 <way id="714479352" visible="true" version="1" changeset="73423121" timestamp="2019-08-16T16:34:41Z" user="takje" uid="9291395">
  <nd ref="2037375491"/>
  <nd ref="6716130785"/>
  <tag k="highway" v="residential"/>
  <tag k="layer" v="-1"/>
  <tag k="tunnel" v="yes"/>
 </way>
 <way id="714479353" visible="true" version="2" changeset="82067741" timestamp="2020-03-11T15:26:45Z" user="lorenzo23622" uid="476483">
  <nd ref="6716130785"/>
  <nd ref="7285300167"/>
  <tag k="highway" v="residential"/>
 </way>
 <way id="714479354" visible="true" version="5" changeset="184569307" timestamp="2026-06-25T07:31:47Z" user="GeoSylvaris" uid="24237008">
  <nd ref="6716130793"/>
  <nd ref="6716130794"/>
  <nd ref="6716130795"/>
  <nd ref="6716130796"/>
  <nd ref="6716130797"/>
  <nd ref="6716130798"/>
  <nd ref="6716130799"/>
  <nd ref="6716130800"/>
  <nd ref="6716130801"/>
  <nd ref="6716130802"/>
  <nd ref="6716130803"/>
  <nd ref="6716130804"/>
  <nd ref="6716130805"/>
  <nd ref="6716130806"/>
  <nd ref="6716130807"/>
  <nd ref="6716130808"/>
  <nd ref="6716130809"/>
  <nd ref="13964210315"/>
  <nd ref="6716130810"/>
  <nd ref="6716130811"/>
  <nd ref="6716130812"/>
  <nd ref="6716130813"/>
  <nd ref="6716130814"/>
  <nd ref="6716130815"/>
  <nd ref="6716130816"/>
  <nd ref="6716130817"/>
  <nd ref="6716130818"/>
  <nd ref="6716130819"/>
  <nd ref="6716130820"/>
  <nd ref="6716130821"/>
  <nd ref="6716130822"/>
  <nd ref="6716130823"/>
  <nd ref="6716130824"/>
  <nd ref="6716130825"/>
  <nd ref="6716130826"/>
  <nd ref="6716130827"/>
  <nd ref="6716130828"/>
  <nd ref="6716130829"/>
  <nd ref="6716130830"/>
  <nd ref="13964210356"/>
  <nd ref="6716130831"/>
  <nd ref="6716130832"/>
  <nd ref="6716130833"/>
  <nd ref="9234791713"/>
  <nd ref="9234791714"/>
  <nd ref="9234791715"/>
  <nd ref="13963131351"/>
  <nd ref="9234791716"/>
  <nd ref="9234791817"/>
  <nd ref="9234791818"/>
  <nd ref="13963883703"/>
  <nd ref="9234791819"/>
  <nd ref="9234791820"/>
  <nd ref="9234791821"/>
  <nd ref="9234791822"/>
  <nd ref="9234791823"/>
  <nd ref="9234791824"/>
  <nd ref="13963883757"/>
  <nd ref="9234791825"/>
  <nd ref="9234791826"/>
  <nd ref="9234791827"/>
  <nd ref="9234791828"/>
  <nd ref="9234791829"/>
  <tag k="highway" v="service"/>
 </way>
 <way id="780234201" visible="true" version="2" changeset="184543088" timestamp="2026-06-24T20:02:51Z" user="GeoSylvaris" uid="24237008">
  <nd ref="6716130702"/>
  <nd ref="6716130703"/>
  <nd ref="6716130704"/>
  <nd ref="6716130705"/>
  <nd ref="6716130706"/>
  <nd ref="6716130707"/>
  <nd ref="6716130708"/>
  <nd ref="6716130709"/>
  <nd ref="6716130710"/>
  <nd ref="6716130711"/>
  <nd ref="7285300143"/>
  <nd ref="6716130712"/>
  <nd ref="6716130713"/>
  <nd ref="7285300140"/>
  <nd ref="6716130714"/>
  <nd ref="6716130715"/>
  <nd ref="6716130716"/>
  <nd ref="6716130717"/>
  <nd ref="6716130718"/>
  <nd ref="6716130719"/>
  <nd ref="6716130720"/>
  <nd ref="6716130721"/>
  <nd ref="6716130722"/>
  <nd ref="13963131251"/>
  <nd ref="6716130723"/>
  <nd ref="6716130724"/>
  <nd ref="6716130725"/>
  <nd ref="6716130726"/>
  <nd ref="6716130727"/>
  <nd ref="6716130728"/>
  <nd ref="6716130729"/>
  <nd ref="6716130730"/>
  <nd ref="6716130731"/>
  <tag k="highway" v="trunk"/>
  <tag k="lanes" v="3"/>
  <tag k="maxspeed" v="80"/>
  <tag k="oneway" v="yes"/>
 </way>
 <way id="780234210" visible="true" version="1" changeset="82067741" timestamp="2020-03-11T15:26:45Z" user="lorenzo23622" uid="476483">
  <nd ref="7285300108"/>
  <nd ref="7285300109"/>
  <nd ref="7285300110"/>
  <nd ref="7285300111"/>
  <nd ref="7285300112"/>
  <nd ref="7285300113"/>
  <nd ref="7285300114"/>
  <nd ref="7285300115"/>
  <nd ref="6716130788"/>
  <tag k="highway" v="trunk_link"/>
  <tag k="oneway" v="yes"/>
 </way>
 <way id="780234211" visible="true" version="1" changeset="82067741" timestamp="2020-03-11T15:26:45Z" user="lorenzo23622" uid="476483">
  <nd ref="6716130788"/>
  <nd ref="7285300116"/>
  <nd ref="7285300117"/>
  <nd ref="7285300118"/>
  <nd ref="7285300119"/>
  <nd ref="7285300120"/>
  <nd ref="7285300121"/>
  <nd ref="7285300168"/>
  <nd ref="7285300122"/>
  <nd ref="7285300123"/>
  <nd ref="7285300124"/>
  <nd ref="7285300125"/>
  <nd ref="7285300142"/>
  <tag k="highway" v="trunk_link"/>
  <tag k="oneway" v="yes"/>
 </way>
 <way id="780234212" visible="true" version="1" changeset="82067741" timestamp="2020-03-11T15:26:45Z" user="lorenzo23622" uid="476483">
  <nd ref="7285300141"/>
  <nd ref="7285300128"/>
  <nd ref="7285300129"/>
  <nd ref="7285300130"/>
  <nd ref="7285300131"/>
  <nd ref="7285300132"/>
  <nd ref="7285300133"/>
  <nd ref="7285300134"/>
  <nd ref="7285300135"/>
  <nd ref="7285300136"/>
  <nd ref="7285300137"/>
  <nd ref="7285300138"/>
  <nd ref="7285300139"/>
  <nd ref="7285300140"/>
  <tag k="highway" v="trunk_link"/>
  <tag k="oneway" v="yes"/>
 </way>
 <way id="780234213" visible="true" version="1" changeset="82067741" timestamp="2020-03-11T15:26:45Z" user="lorenzo23622" uid="476483">
  <nd ref="7285300142"/>
  <nd ref="7285300126"/>
  <nd ref="7285300127"/>
  <nd ref="7285300141"/>
  <tag k="bridge" v="yes"/>
  <tag k="highway" v="trunk_link"/>
  <tag k="layer" v="1"/>
  <tag k="oneway" v="yes"/>
 </way>
 <way id="780234214" visible="true" version="1" changeset="82067741" timestamp="2020-03-11T15:26:45Z" user="lorenzo23622" uid="476483">
  <nd ref="7285300143"/>
  <nd ref="7285300144"/>
  <nd ref="7285300145"/>
  <nd ref="7285300146"/>
  <nd ref="7285300147"/>
  <nd ref="7285300148"/>
  <nd ref="7285300149"/>
  <nd ref="7285300150"/>
  <nd ref="7285300151"/>
  <nd ref="7285300152"/>
  <nd ref="7285300153"/>
  <nd ref="7285300154"/>
  <tag k="highway" v="trunk_link"/>
  <tag k="oneway" v="yes"/>
 </way>
 <way id="780234215" visible="true" version="1" changeset="82067741" timestamp="2020-03-11T15:26:45Z" user="lorenzo23622" uid="476483">
  <nd ref="7285300154"/>
  <nd ref="7285300155"/>
  <nd ref="7285300156"/>
  <nd ref="7285300157"/>
  <nd ref="7285300158"/>
  <tag k="bridge" v="yes"/>
  <tag k="highway" v="trunk_link"/>
  <tag k="layer" v="1"/>
  <tag k="oneway" v="yes"/>
 </way>
 <way id="780234216" visible="true" version="1" changeset="82067741" timestamp="2020-03-11T15:26:45Z" user="lorenzo23622" uid="476483">
  <nd ref="7285300158"/>
  <nd ref="7285300159"/>
  <nd ref="7285300160"/>
  <nd ref="7285300161"/>
  <nd ref="7285300162"/>
  <nd ref="7285300163"/>
  <nd ref="7285300164"/>
  <nd ref="7285300165"/>
  <nd ref="7285300166"/>
  <nd ref="7285300167"/>
  <tag k="highway" v="trunk_link"/>
  <tag k="oneway" v="yes"/>
 </way>
 <way id="780234217" visible="true" version="1" changeset="82067741" timestamp="2020-03-11T15:26:45Z" user="lorenzo23622" uid="476483">
  <nd ref="7285300168"/>
  <nd ref="7285300169"/>
  <nd ref="7285300170"/>
  <nd ref="7285300171"/>
  <nd ref="7285300172"/>
  <nd ref="7285300173"/>
  <nd ref="7285300174"/>
  <nd ref="7285300175"/>
  <tag k="highway" v="trunk_link"/>
  <tag k="oneway" v="yes"/>
 </way>
 <way id="780234218" visible="true" version="4" changeset="123818368" timestamp="2022-07-19T17:30:36Z" user="Maps Man" uid="10216874">
  <nd ref="9897967675"/>
  <nd ref="9897967671"/>
  <nd ref="369938263"/>
  <nd ref="369938265"/>
  <nd ref="2458348445"/>
  <nd ref="2458348541"/>
  <nd ref="369938266"/>
  <nd ref="369939652"/>
  <nd ref="369939582"/>
  <nd ref="369938269"/>
  <nd ref="9897967673"/>
  <nd ref="2458348655"/>
  <tag k="highway" v="trunk"/>
  <tag k="name" v="昆仑西路"/>
  <tag k="oneway" v="yes"/>
  <tag k="ref" v="G109"/>
 </way>
 <way id="780234220" visible="true" version="3" changeset="184036178" timestamp="2026-06-12T23:23:59Z" user="rza31" uid="2137840">
  <nd ref="7285300167"/>
  <nd ref="6716130788"/>
  <nd ref="9824951255"/>
  <nd ref="2037375430"/>
  <nd ref="369939582"/>
  <tag k="highway" v="primary"/>
 </way>
 <way id="1000455158" visible="true" version="2" changeset="184532253" timestamp="2026-06-24T16:12:07Z" user="GeoSylvaris" uid="24237008">
  <nd ref="13962711879"/>
  <nd ref="13962711807"/>
  <nd ref="13962711808"/>
  <nd ref="13962711809"/>
  <nd ref="13962711810"/>
  <nd ref="13962711811"/>
  <nd ref="13962711812"/>
  <nd ref="13962711813"/>
  <nd ref="13962711814"/>
  <nd ref="13962711815"/>
  <nd ref="13962711816"/>
  <nd ref="13962711817"/>
  <nd ref="13962711818"/>
  <nd ref="13962711819"/>
  <nd ref="13962711820"/>
  <nd ref="13962711821"/>
  <nd ref="13962711822"/>
  <nd ref="13962711823"/>
  <nd ref="13962711824"/>
  <nd ref="13962711825"/>
  <nd ref="13962711826"/>
  <nd ref="13962711827"/>
  <nd ref="13962711828"/>
  <nd ref="13962711829"/>
  <nd ref="13962711830"/>
  <nd ref="13962711831"/>
  <nd ref="13962711832"/>
  <nd ref="13962711833"/>
  <nd ref="13962711834"/>
  <nd ref="13962711835"/>
  <nd ref="13962711836"/>
  <nd ref="13962711837"/>
  <nd ref="13962711838"/>
  <nd ref="13962711839"/>
  <nd ref="13962711840"/>
  <nd ref="13962711841"/>
  <nd ref="13962711842"/>
  <nd ref="9234791649"/>
  <nd ref="13962741030"/>
  <nd ref="9234791650"/>
  <nd ref="9234791651"/>
  <nd ref="9234791652"/>
  <nd ref="9234791653"/>
  <nd ref="9234791654"/>
  <nd ref="9234791655"/>
  <nd ref="9234791656"/>
  <nd ref="13962741031"/>
  <nd ref="9234791657"/>
  <nd ref="9234791658"/>
  <nd ref="9234791659"/>
  <nd ref="9234791660"/>
  <nd ref="9234791661"/>
  <nd ref="9234791662"/>
  <nd ref="6716130717"/>
  <tag k="highway" v="service"/>
  <tag k="name" v="墓园道路"/>
  <tag k="service" v="墓园道路"/>
 </way>
 <way id="1000455159" visible="true" version="4" changeset="184569307" timestamp="2026-06-25T07:31:47Z" user="GeoSylvaris" uid="24237008">
  <nd ref="9234791663"/>
  <nd ref="13963131156"/>
  <nd ref="9234791664"/>
  <nd ref="9234791665"/>
  <nd ref="9234791666"/>
  <nd ref="9234791667"/>
  <nd ref="9234791668"/>
  <nd ref="9234791669"/>
  <nd ref="9234791670"/>
  <nd ref="9234791671"/>
  <nd ref="9234791672"/>
  <nd ref="9234791673"/>
  <nd ref="9234791674"/>
  <nd ref="9234791675"/>
  <nd ref="9234791663"/>
  <tag k="animal" v="bird"/>
  <tag k="name" v="西野百鸟苑"/>
  <tag k="tourism" v="viewpoint"/>
  <tag k="zoo" v="aviary"/>
 </way>
 <way id="1000455160" visible="true" version="4" changeset="184569307" timestamp="2026-06-25T09:41:59Z" user="GeoSylvaris" uid="24237008">
  <nd ref="9234791676"/>
  <nd ref="9234791677"/>
  <nd ref="13963131262"/>
  <nd ref="13963131240"/>
  <nd ref="9234791678"/>
  <nd ref="9234791679"/>
  <nd ref="9234791680"/>
  <nd ref="9234791681"/>
  <nd ref="9234791682"/>
  <nd ref="9234791683"/>
  <nd ref="9234791684"/>
  <nd ref="9234791685"/>
  <nd ref="9234791686"/>
  <nd ref="13964397516"/>
  <nd ref="9234791687"/>
  <nd ref="9234791688"/>
  <nd ref="9234791689"/>
  <nd ref="13963131393"/>
  <nd ref="13963131395"/>
  <nd ref="13963131394"/>
  <nd ref="9234791690"/>
  <nd ref="9234791691"/>
  <nd ref="9234791692"/>
  <nd ref="9234791693"/>
  <nd ref="9234791694"/>
  <nd ref="9234791695"/>
  <nd ref="9234791696"/>
  <nd ref="9234791697"/>
  <nd ref="9234791698"/>
  <nd ref="13963131396"/>
  <nd ref="13963131397"/>
  <nd ref="9234791700"/>
  <nd ref="13963131392"/>
  <nd ref="9234791701"/>
  <nd ref="13963131400"/>
  <nd ref="13963131399"/>
  <nd ref="13963131398"/>
  <nd ref="9234791704"/>
  <nd ref="9234791705"/>
  <nd ref="9234791706"/>
  <nd ref="9234791707"/>
  <nd ref="9234791708"/>
  <nd ref="9234791709"/>
  <nd ref="13964484485"/>
  <nd ref="9234791710"/>
  <nd ref="13964484483"/>
  <nd ref="9234791711"/>
  <nd ref="9234791712"/>
  <nd ref="9234791676"/>
  <tag k="name" v="西宁野生动物园"/>
  <tag k="tourism" v="zoo"/>
 </way>
 <way id="1000455161" visible="true" version="1" changeset="113511331" timestamp="2021-11-08T08:44:09Z" user="ff5722" uid="3450290">
  <nd ref="2037375655"/>
  <nd ref="9234791830"/>
  <nd ref="9234791831"/>
  <nd ref="9234791832"/>
  <nd ref="9234791833"/>
  <nd ref="9234791834"/>
  <nd ref="9234791846"/>
  <nd ref="9234791835"/>
  <tag k="bridge" v="yes"/>
  <tag k="highway" v="footway"/>
  <tag k="layer" v="1"/>
 </way>
 <way id="1000455162" visible="true" version="1" changeset="113511331" timestamp="2021-11-08T08:44:09Z" user="ff5722" uid="3450290">
  <nd ref="9234791877"/>
  <nd ref="9234791878"/>
  <nd ref="9234791842"/>
  <nd ref="9234791843"/>
  <nd ref="9234791844"/>
  <nd ref="9234791845"/>
  <nd ref="9234791847"/>
  <nd ref="9234791848"/>
  <nd ref="9234791849"/>
  <nd ref="9234791850"/>
  <nd ref="9234791851"/>
  <nd ref="9234791852"/>
  <nd ref="9234791853"/>
  <nd ref="9234791854"/>
  <nd ref="9234791855"/>
  <nd ref="9234791856"/>
  <nd ref="9234791857"/>
  <nd ref="9234791858"/>
  <nd ref="9234791859"/>
  <nd ref="9234791860"/>
  <nd ref="9234791861"/>
  <nd ref="9234791862"/>
  <nd ref="9234791863"/>
  <nd ref="9234791864"/>
  <nd ref="9234791865"/>
  <nd ref="9234791866"/>
  <nd ref="9234791867"/>
  <nd ref="9234791868"/>
  <nd ref="9234791869"/>
  <nd ref="9234791870"/>
  <nd ref="9234791871"/>
  <nd ref="9234791872"/>
  <nd ref="9234791873"/>
  <nd ref="9234791874"/>
  <nd ref="9234791875"/>
  <nd ref="9234791876"/>
  <nd ref="9234791877"/>
  <tag k="highway" v="service"/>
 </way>
 <way id="1000455163" visible="true" version="2" changeset="184569307" timestamp="2026-06-25T09:41:59Z" user="GeoSylvaris" uid="24237008">
  <nd ref="2037375571"/>
  <nd ref="9234791836"/>
  <nd ref="9234791837"/>
  <nd ref="13964484469"/>
  <nd ref="9234791838"/>
  <nd ref="9234791839"/>
  <nd ref="9234791840"/>
  <nd ref="9234791841"/>
  <nd ref="9234791877"/>
  <tag k="highway" v="service"/>
 </way>
 <way id="1000455164" visible="true" version="1" changeset="113511331" timestamp="2021-11-08T08:44:09Z" user="ff5722" uid="3450290">
  <nd ref="9234791877"/>
  <nd ref="9234791879"/>
  <nd ref="9234791880"/>
  <nd ref="9234791835"/>
  <tag k="highway" v="footway"/>
 </way>
 <way id="1000455165" visible="true" version="3" changeset="184543088" timestamp="2026-06-24T20:02:51Z" user="GeoSylvaris" uid="24237008">
  <nd ref="9234791882"/>
  <nd ref="9234791883"/>
  <nd ref="9234791884"/>
  <nd ref="9234791885"/>
  <nd ref="9234791886"/>
  <nd ref="13963131242"/>
  <nd ref="9234791887"/>
  <nd ref="9234791888"/>
  <nd ref="9234791889"/>
  <nd ref="9234791890"/>
  <nd ref="9234791891"/>
  <nd ref="9234791892"/>
  <nd ref="13962741002"/>
  <nd ref="9234791893"/>
  <nd ref="9234791894"/>
  <nd ref="9234791895"/>
  <nd ref="9234791896"/>
  <nd ref="9234791897"/>
  <nd ref="9234791898"/>
  <nd ref="9234791899"/>
  <nd ref="9234791900"/>
  <nd ref="9234791901"/>
  <nd ref="9234791902"/>
  <nd ref="9234791903"/>
  <nd ref="9234791904"/>
  <nd ref="9234791905"/>
  <nd ref="9234791906"/>
  <nd ref="9234791907"/>
  <nd ref="9234791908"/>
  <nd ref="9234791909"/>
  <nd ref="9234791910"/>
  <nd ref="9234791911"/>
  <nd ref="9234791912"/>
  <nd ref="9234791913"/>
  <nd ref="9234791914"/>
  <nd ref="9234791915"/>
  <nd ref="9234791916"/>
  <nd ref="9234791917"/>
  <nd ref="9234791918"/>
  <nd ref="9234791919"/>
  <nd ref="9234791920"/>
  <nd ref="9234791921"/>
  <nd ref="9234791882"/>
  <tag k="leisure" v="nature_reserve"/>
  <tag k="name" v="南山旅游风景区"/>
 </way>
 <way id="1000455184" visible="true" version="1" changeset="113511331" timestamp="2021-11-08T08:44:09Z" user="ff5722" uid="3450290">
  <nd ref="2458348571"/>
  <nd ref="9234792116"/>
  <nd ref="9234792117"/>
  <nd ref="9234792118"/>
  <nd ref="9234792119"/>
  <nd ref="9234792120"/>
  <nd ref="9234792121"/>
  <tag k="highway" v="residential"/>
 </way>
 <way id="1054621754" visible="true" version="3" changeset="184569307" timestamp="2026-06-25T08:37:33Z" user="GeoSylvaris" uid="24237008">
  <nd ref="9691358194"/>
  <nd ref="9691358195"/>
  <nd ref="9691358196"/>
  <nd ref="13964390828"/>
  <nd ref="9691358197"/>
  <nd ref="9691358198"/>
  <nd ref="9691358199"/>
  <nd ref="9691358200"/>
  <nd ref="9691358201"/>
  <nd ref="9691358202"/>
  <nd ref="9691358203"/>
  <nd ref="9691372674"/>
  <nd ref="9691358204"/>
  <nd ref="9691358205"/>
  <nd ref="9691358206"/>
  <nd ref="9691358207"/>
  <nd ref="9691358208"/>
  <nd ref="9691358209"/>
  <nd ref="9691358210"/>
  <nd ref="9691358211"/>
  <nd ref="9691358212"/>
  <nd ref="9691358213"/>
  <nd ref="9691358214"/>
  <nd ref="9691358215"/>
  <nd ref="9691358216"/>
  <nd ref="9691372617"/>
  <nd ref="9691372618"/>
  <nd ref="9691372619"/>
  <nd ref="9691372620"/>
  <nd ref="9691372621"/>
  <nd ref="9691372622"/>
  <nd ref="9691372955"/>
  <nd ref="9691372623"/>
  <nd ref="9691372624"/>
  <nd ref="9691372625"/>
  <nd ref="9691372626"/>
  <nd ref="9691372627"/>
  <nd ref="9691372628"/>
  <nd ref="9691372629"/>
  <nd ref="9691372630"/>
  <nd ref="9691372631"/>
  <nd ref="9691372632"/>
  <nd ref="9691372633"/>
  <nd ref="9691372634"/>
  <nd ref="9691372635"/>
  <nd ref="9691372636"/>
  <nd ref="9691372637"/>
  <nd ref="9691372638"/>
  <nd ref="9691372639"/>
  <nd ref="9691372640"/>
  <nd ref="9691372641"/>
  <nd ref="9691372642"/>
  <nd ref="9691372643"/>
  <nd ref="9691372644"/>
  <nd ref="9691372645"/>
  <nd ref="9691372646"/>
  <nd ref="9691372647"/>
  <nd ref="9691372648"/>
  <nd ref="9691372649"/>
  <nd ref="9691372650"/>
  <nd ref="9691372651"/>
  <nd ref="9691372652"/>
  <nd ref="9691372653"/>
  <nd ref="9691372654"/>
  <nd ref="2037375524"/>
  <nd ref="9691372655"/>
  <nd ref="9691372656"/>
  <nd ref="13963131297"/>
  <nd ref="9691372657"/>
  <nd ref="9691372658"/>
  <nd ref="9691372659"/>
  <nd ref="9691372660"/>
  <nd ref="13963131314"/>
  <nd ref="9691372661"/>
  <nd ref="9691372662"/>
  <nd ref="9691372663"/>
  <nd ref="9691372664"/>
  <nd ref="9691372665"/>
  <nd ref="9691372666"/>
  <nd ref="9691372667"/>
  <nd ref="9691372668"/>
  <nd ref="9691372669"/>
  <nd ref="9691372670"/>
  <nd ref="9691372671"/>
  <nd ref="9691372672"/>
  <nd ref="9691372673"/>
  <nd ref="2037375556"/>
  <tag k="highway" v="service"/>
 </way>
 <way id="1054621758" visible="true" version="2" changeset="184569307" timestamp="2026-06-25T08:37:33Z" user="GeoSylvaris" uid="24237008">
  <nd ref="9691372882"/>
  <nd ref="9691372883"/>
  <nd ref="9691372884"/>
  <nd ref="9691372885"/>
  <nd ref="9691372886"/>
  <nd ref="9691372887"/>
  <nd ref="9691372888"/>
  <nd ref="9691372889"/>
  <nd ref="9691372890"/>
  <nd ref="9691372891"/>
  <nd ref="9691372892"/>
  <nd ref="9691372893"/>
  <nd ref="9691372894"/>
  <nd ref="9691372895"/>
  <nd ref="9691372896"/>
  <nd ref="9691372897"/>
  <nd ref="9691372898"/>
  <nd ref="9691372899"/>
  <nd ref="9691372900"/>
  <nd ref="9691372901"/>
  <nd ref="9691372902"/>
  <nd ref="9691372903"/>
  <nd ref="9691372904"/>
  <nd ref="9691372905"/>
  <nd ref="9691372906"/>
  <nd ref="9691372907"/>
  <nd ref="9691372908"/>
  <nd ref="9691372909"/>
  <nd ref="9691372910"/>
  <nd ref="9691372911"/>
  <nd ref="9691372912"/>
  <nd ref="9691372913"/>
  <nd ref="9691372914"/>
  <nd ref="9691372915"/>
  <nd ref="9691372916"/>
  <nd ref="9691372917"/>
  <nd ref="9691372918"/>
  <nd ref="9691372919"/>
  <nd ref="9691372920"/>
  <nd ref="9691372921"/>
  <nd ref="9691372956"/>
  <nd ref="9691372922"/>
  <nd ref="9691372923"/>
  <nd ref="13964397565"/>
  <nd ref="9691372924"/>
  <nd ref="9691372925"/>
  <nd ref="9691372926"/>
  <nd ref="9691372927"/>
  <nd ref="9691372928"/>
  <nd ref="9691372929"/>
  <nd ref="9691372930"/>
  <nd ref="9691372931"/>
  <nd ref="9691372932"/>
  <nd ref="9691372933"/>
  <nd ref="9691372934"/>
  <nd ref="9691372935"/>
  <nd ref="9691372936"/>
  <nd ref="9691372937"/>
  <nd ref="9691372938"/>
  <nd ref="9691372939"/>
  <nd ref="9691372940"/>
  <nd ref="13964397564"/>
  <nd ref="13964397563"/>
  <nd ref="13964397562"/>
  <nd ref="13964397561"/>
  <nd ref="13964397560"/>
  <nd ref="13964397559"/>
  <nd ref="13964397558"/>
  <nd ref="13964397557"/>
  <nd ref="13964397556"/>
  <nd ref="13964397555"/>
  <nd ref="13964397554"/>
  <nd ref="13964397553"/>
  <nd ref="13964397552"/>
  <nd ref="13964397551"/>
  <nd ref="13964397550"/>
  <nd ref="13964397549"/>
  <nd ref="13964397548"/>
  <nd ref="13964397547"/>
  <nd ref="13964397546"/>
  <nd ref="13964397545"/>
  <nd ref="13964397544"/>
  <nd ref="13964397543"/>
  <nd ref="13964397542"/>
  <nd ref="13964397541"/>
  <nd ref="13964397540"/>
  <nd ref="13964397539"/>
  <nd ref="13964397538"/>
  <nd ref="13964397537"/>
  <nd ref="13964397536"/>
  <nd ref="13964397535"/>
  <nd ref="13964397534"/>
  <nd ref="13964397533"/>
  <nd ref="13964397532"/>
  <nd ref="13964397531"/>
  <nd ref="13964397530"/>
  <nd ref="6716130827"/>
  <tag k="highway" v="service"/>
  <tag k="name" v="西野西小门"/>
 </way>
 <way id="1054621759" visible="true" version="1" changeset="120149106" timestamp="2022-04-25T06:23:18Z" user="EtnaJason" uid="4820990">
  <nd ref="9691372921"/>
  <nd ref="9691372959"/>
  <nd ref="9691372941"/>
  <nd ref="9691372942"/>
  <nd ref="9691372943"/>
  <nd ref="9691372944"/>
  <nd ref="9691372945"/>
  <nd ref="9691372946"/>
  <nd ref="9691372947"/>
  <nd ref="9691372948"/>
  <nd ref="9691372949"/>
  <nd ref="9691372950"/>
  <nd ref="9691372951"/>
  <nd ref="9691372952"/>
  <nd ref="9691372953"/>
  <nd ref="9691372954"/>
  <nd ref="9691372955"/>
  <tag k="highway" v="service"/>
 </way>
 <way id="1070578256" visible="true" version="1" changeset="122499906" timestamp="2022-06-17T09:31:31Z" user="user_8291442" uid="8291442">
  <nd ref="9824951249"/>
  <nd ref="9824951250"/>
  <nd ref="9824951251"/>
  <nd ref="9824951252"/>
  <nd ref="9824951253"/>
  <nd ref="9824951254"/>
  <nd ref="9824951255"/>
  <tag k="highway" v="residential"/>
 </way>
 <way id="1070578257" visible="true" version="1" changeset="122499906" timestamp="2022-06-17T09:31:31Z" user="user_8291442" uid="8291442">
  <nd ref="9824951256"/>
  <nd ref="9824951257"/>
  <nd ref="9824951258"/>
  <nd ref="9824951259"/>
  <nd ref="9824951263"/>
  <nd ref="9824951260"/>
  <nd ref="9824951261"/>
  <tag k="highway" v="residential"/>
 </way>
 <way id="1070578258" visible="true" version="1" changeset="122499906" timestamp="2022-06-17T09:31:31Z" user="user_8291442" uid="8291442">
  <nd ref="2458348500"/>
  <nd ref="9824951262"/>
  <nd ref="9824951263"/>
  <nd ref="9824951264"/>
  <tag k="highway" v="residential"/>
 </way>
 <way id="1079828987" visible="true" version="1" changeset="123818368" timestamp="2022-07-19T17:30:36Z" user="Maps Man" uid="10216874">
  <nd ref="2458348655"/>
  <nd ref="369938270"/>
  <nd ref="2458348439"/>
  <nd ref="369938271"/>
  <nd ref="9234792108"/>
  <nd ref="369938272"/>
  <nd ref="5320152146"/>
  <tag k="highway" v="trunk"/>
  <tag k="name" v="昆仑西路"/>
  <tag k="oneway" v="yes"/>
  <tag k="ref" v="G109"/>
 </way>
 <way id="1079828992" visible="true" version="2" changeset="184036178" timestamp="2026-06-12T23:23:59Z" user="rza31" uid="2137840">
  <nd ref="9897967687"/>
  <nd ref="2458348655"/>
  <tag k="highway" v="trunk"/>
  <tag k="name" v="昆仑西路"/>
  <tag k="oneway" v="yes"/>
  <tag k="ref" v="G109"/>
 </way>
 <way id="1528914371" visible="true" version="1" changeset="184036178" timestamp="2026-06-12T23:23:59Z" user="rza31" uid="2137840">
  <nd ref="13932241754"/>
  <nd ref="13932241753"/>
  <nd ref="13932241752"/>
  <nd ref="13932241751"/>
  <nd ref="13932241754"/>
  <tag k="building" v="yes"/>
 </way>
 <way id="1531985638" visible="true" version="1" changeset="184532253" timestamp="2026-06-24T16:12:07Z" user="GeoSylvaris" uid="24237008">
  <nd ref="13962741014"/>
  <nd ref="13962741012"/>
  <nd ref="13962741011"/>
  <nd ref="13962741010"/>
  <nd ref="13962741009"/>
  <nd ref="13962741008"/>
  <nd ref="13962741007"/>
  <nd ref="13962741006"/>
  <nd ref="13962741005"/>
  <nd ref="13962741004"/>
  <tag k="access" v="customers"/>
  <tag k="highway" v="path"/>
  <tag k="name" v="墓园内部路"/>
 </way>
 <way id="1531985639" visible="true" version="1" changeset="184532253" timestamp="2026-06-24T16:12:07Z" user="GeoSylvaris" uid="24237008">
  <nd ref="13962741030"/>
  <nd ref="13962741029"/>
  <nd ref="13962741028"/>
  <nd ref="13962741027"/>
  <nd ref="13962741026"/>
  <nd ref="13962741025"/>
  <nd ref="13962741024"/>
  <nd ref="13962741023"/>
  <nd ref="13962741022"/>
  <nd ref="13962741021"/>
  <nd ref="13962741020"/>
  <nd ref="13962741019"/>
  <nd ref="13962741018"/>
  <nd ref="13962741017"/>
  <nd ref="13962741016"/>
  <nd ref="13962741015"/>
  <nd ref="13962741014"/>
  <nd ref="13962741013"/>
  <nd ref="13962741003"/>
  <nd ref="13962741002"/>
  <nd ref="13962741001"/>
  <nd ref="13962741000"/>
  <nd ref="13962740999"/>
  <nd ref="13962740998"/>
  <nd ref="13962740997"/>
  <nd ref="13962740996"/>
  <nd ref="13962740995"/>
  <tag k="access" v="customers"/>
  <tag k="highway" v="path"/>
  <tag k="name" v="墓园内部路"/>
 </way>
 <way id="1531985640" visible="true" version="1" changeset="184532253" timestamp="2026-06-24T16:12:07Z" user="GeoSylvaris" uid="24237008">
  <nd ref="9234791654"/>
  <nd ref="13962741032"/>
  <tag k="highway" v="service"/>
 </way>
 <way id="1531985641" visible="true" version="2" changeset="184562132" timestamp="2026-06-25T04:04:56Z" user="GeoSylvaris" uid="24237008">
  <nd ref="13962741047"/>
  <nd ref="13962741045"/>
  <nd ref="13962741043"/>
  <nd ref="13962741041"/>
  <nd ref="13962741040"/>
  <nd ref="13962741039"/>
  <nd ref="13962741037"/>
  <nd ref="13962741035"/>
  <nd ref="13962741034"/>
  <nd ref="13962741038"/>
  <nd ref="13962741036"/>
  <nd ref="13962741042"/>
  <nd ref="13962741044"/>
  <nd ref="13962741046"/>
  <nd ref="13962741047"/>
  <tag k="building" v="yes"/>
  <tag k="name" v="西山公墓"/>
 </way>
 <way id="1531985642" visible="true" version="1" changeset="184532253" timestamp="2026-06-24T16:12:07Z" user="GeoSylvaris" uid="24237008">
  <nd ref="13962741055"/>
  <nd ref="13962741054"/>
  <nd ref="13962741053"/>
  <nd ref="13962741052"/>
  <nd ref="13962741051"/>
  <nd ref="13962741050"/>
  <nd ref="13962741049"/>
  <nd ref="13962741048"/>
  <nd ref="13962741055"/>
  <tag k="building:part" v="哀悼馆"/>
 </way>
 <way id="1531985643" visible="true" version="1" changeset="184532253" timestamp="2026-06-24T16:12:07Z" user="GeoSylvaris" uid="24237008">
  <nd ref="13962741059"/>
  <nd ref="13962741056"/>
  <nd ref="13962741057"/>
  <nd ref="13962741058"/>
  <nd ref="13962741059"/>
  <tag k="building" v="yes"/>
  <tag k="name" v="悼念馆(青海生命文化纪念馆)"/>
 </way>
 <way id="1531985644" visible="true" version="1" changeset="184532253" timestamp="2026-06-24T16:12:07Z" user="GeoSylvaris" uid="24237008">
  <nd ref="13962741063"/>
  <nd ref="13962741060"/>
  <nd ref="13962741061"/>
  <nd ref="13962741062"/>
  <nd ref="13962741063"/>
  <tag k="building" v="yes"/>
  <tag k="name" v="火化场操作间"/>
 </way>
 <way id="1532020439" visible="true" version="1" changeset="184539954" timestamp="2026-06-24T18:46:30Z" user="GeoSylvaris" uid="24237008">
  <nd ref="13962968079"/>
  <nd ref="13962968078"/>
  <nd ref="13962968077"/>
  <nd ref="13962968076"/>
  <nd ref="13962968075"/>
  <nd ref="13962968074"/>
  <nd ref="13962968073"/>
  <nd ref="13962968072"/>
  <nd ref="13962968079"/>
  <tag k="amenity" v="school"/>
  <tag k="description" v="西宁市城西区行知小学创办于2006年9月，是一所位于青海省西宁市城西区的公办完全小学。该校以陶行知教育理念为依托，近年来通过大规模改扩建项目全面升级了校园设施，致力于打造现代化、特色化的优质教育环境。"/>
  <tag k="isced:level" v="0"/>
  <tag k="min_age" v="7"/>
  <tag k="name" v="西宁行知小学(翻新中)"/>
  <tag k="operator" v="公办"/>
 </way>
 <way id="1532035155" visible="true" version="3" changeset="184569307" timestamp="2026-06-25T07:55:41Z" user="GeoSylvaris" uid="24237008">
  <nd ref="13963131113"/>
  <nd ref="13963131112"/>
  <nd ref="13963131111"/>
  <nd ref="13963131110"/>
  <nd ref="13963131109"/>
  <nd ref="13963131108"/>
  <nd ref="13963131107"/>
  <nd ref="13963131106"/>
  <nd ref="13963131105"/>
  <nd ref="13963131104"/>
  <nd ref="13963131103"/>
  <nd ref="13963131102"/>
  <nd ref="13963131113"/>
  <tag k="building" v="西野员工宿舍"/>
  <tag k="name" v="动物配料室"/>
  <tag k="office" v="architect"/>
  <tag k="operator" v="西野"/>
  <tag k="shop" v="bakery"/>
 </way>
 <way id="1532035156" visible="true" version="1" changeset="184543088" timestamp="2026-06-24T20:02:51Z" user="GeoSylvaris" uid="24237008">
  <nd ref="13963131117"/>
  <nd ref="13963131116"/>
  <nd ref="13963131115"/>
  <nd ref="13963131114"/>
  <tag k="highway" v="service"/>
  <tag k="source" v="西野员工"/>
 </way>
 <way id="1532035157" visible="true" version="1" changeset="184543088" timestamp="2026-06-24T20:02:51Z" user="GeoSylvaris" uid="24237008">
  <nd ref="13963131143"/>
  <nd ref="9691372667"/>
  <tag k="highway" v="service"/>
 </way>
 <way id="1532035158" visible="true" version="1" changeset="184543088" timestamp="2026-06-24T20:02:51Z" user="GeoSylvaris" uid="24237008">
  <nd ref="13963131130"/>
  <nd ref="13963131129"/>
  <nd ref="13963131128"/>
  <nd ref="13963131127"/>
  <nd ref="13963131126"/>
  <nd ref="13963131125"/>
  <nd ref="13963131144"/>
  <tag k="highway" v="service"/>
  <tag k="source" v="西野员工"/>
 </way>
 <way id="1532035159" visible="true" version="1" changeset="184543088" timestamp="2026-06-24T20:02:51Z" user="GeoSylvaris" uid="24237008">
  <nd ref="13963131136"/>
  <nd ref="13963131135"/>
  <nd ref="13963131134"/>
  <nd ref="13963131133"/>
  <nd ref="13963131132"/>
  <nd ref="13963131131"/>
  <tag k="highway" v="service"/>
  <tag k="source" v="西野员工"/>
 </way>
 <way id="1532035160" visible="true" version="1" changeset="184543088" timestamp="2026-06-24T20:02:51Z" user="GeoSylvaris" uid="24237008">
  <nd ref="13963131118"/>
  <nd ref="13963131119"/>
  <nd ref="13963131120"/>
  <nd ref="13963131121"/>
  <nd ref="13963131122"/>
  <nd ref="13963131114"/>
  <nd ref="13963131123"/>
  <nd ref="13963131161"/>
  <nd ref="13963131155"/>
  <nd ref="13963131154"/>
  <nd ref="13963131153"/>
  <nd ref="13963131152"/>
  <nd ref="13963131151"/>
  <nd ref="13963131150"/>
  <nd ref="13963131149"/>
  <nd ref="13963131148"/>
  <nd ref="13963131147"/>
  <nd ref="13963131146"/>
  <nd ref="13963131131"/>
  <nd ref="13963131145"/>
  <nd ref="13963131144"/>
  <nd ref="13963131143"/>
  <nd ref="13963131142"/>
  <nd ref="13963131141"/>
  <nd ref="13963131140"/>
  <nd ref="13963131139"/>
  <nd ref="13963131138"/>
  <nd ref="13963131137"/>
  <nd ref="13963131154"/>
  <tag k="highway" v="service"/>
  <tag k="source" v="yahoo"/>
 </way>
 <way id="1532035161" visible="true" version="1" changeset="184543088" timestamp="2026-06-24T20:02:51Z" user="GeoSylvaris" uid="24237008">
  <nd ref="2458348443"/>
  <nd ref="13963131162"/>
  <nd ref="13963131161"/>
  <nd ref="13963131160"/>
  <nd ref="13963131159"/>
  <nd ref="13963131158"/>
  <nd ref="13963131157"/>
  <nd ref="13963131156"/>
  <tag k="highway" v="service"/>
  <tag k="source" v="西野员工"/>
 </way>
 <way id="1532035162" visible="true" version="4" changeset="184569307" timestamp="2026-06-25T07:31:47Z" user="GeoSylvaris" uid="24237008">
  <nd ref="13963131169"/>
  <nd ref="13963131168"/>
  <nd ref="13964210346"/>
  <nd ref="13963131167"/>
  <nd ref="13963131166"/>
  <nd ref="13963131169"/>
  <tag k="building" v="yes"/>
  <tag k="name" v="后厨"/>
 </way>
 <way id="1532035163" visible="true" version="2" changeset="184569307" timestamp="2026-06-25T07:31:47Z" user="GeoSylvaris" uid="24237008">
  <nd ref="9691372635"/>
  <nd ref="13963131174"/>
  <nd ref="13963131173"/>
  <nd ref="13963131172"/>
  <nd ref="13963131171"/>
  <nd ref="13963131170"/>
  <nd ref="13964210347"/>
  <nd ref="13964210346"/>
  <tag k="highway" v="service"/>
 </way>
 <way id="1532035164" visible="true" version="1" changeset="184543088" timestamp="2026-06-24T20:02:51Z" user="GeoSylvaris" uid="24237008">
  <nd ref="13963131178"/>
  <nd ref="13963131177"/>
 </way>
 <way id="1532035165" visible="true" version="1" changeset="184543088" timestamp="2026-06-24T20:02:51Z" user="GeoSylvaris" uid="24237008">
  <nd ref="13963131180"/>
  <nd ref="13963131179"/>
 </way>
 <way id="1532035166" visible="true" version="3" changeset="184569307" timestamp="2026-06-25T07:31:47Z" user="GeoSylvaris" uid="24237008">
  <nd ref="13963131184"/>
  <nd ref="13963131180"/>
  <nd ref="13963131177"/>
  <nd ref="13963131181"/>
  <nd ref="13963131182"/>
  <nd ref="13964210316"/>
  <nd ref="13963131178"/>
  <nd ref="13963131179"/>
  <nd ref="13963131183"/>
  <nd ref="13963131184"/>
  <tag k="building" v="yes"/>
  <tag k="name" v="雪豹馆"/>
 </way>
 <way id="1532035167" visible="true" version="1" changeset="184543088" timestamp="2026-06-24T20:02:51Z" user="GeoSylvaris" uid="24237008">
  <nd ref="13963131193"/>
  <nd ref="13963131192"/>
  <nd ref="13963131191"/>
  <nd ref="13963131190"/>
  <nd ref="13963131189"/>
  <nd ref="13963131188"/>
  <nd ref="13963131187"/>
  <nd ref="13963131186"/>
  <tag k="highway" v="path"/>
  <tag k="name" v="内部通道"/>
 </way>
 <way id="1532035168" visible="true" version="1" changeset="184543088" timestamp="2026-06-24T20:02:51Z" user="GeoSylvaris" uid="24237008">
  <nd ref="13963131202"/>
  <nd ref="13963131201"/>
  <nd ref="13963131195"/>
  <nd ref="13963131196"/>
  <nd ref="13963131200"/>
  <nd ref="13963131197"/>
  <nd ref="13963131198"/>
  <nd ref="13963131199"/>
  <nd ref="13963131202"/>
  <tag k="amenity" v="veterinary"/>
  <tag k="building" v="yes"/>
  <tag k="name" v="动物治疗中心"/>
 </way>
 <way id="1532035169" visible="true" version="1" changeset="184543088" timestamp="2026-06-24T20:02:51Z" user="GeoSylvaris" uid="24237008">
  <nd ref="2458348491"/>
  <nd ref="13963131209"/>
  <nd ref="13963131208"/>
  <nd ref="13963131207"/>
  <nd ref="13963131206"/>
  <nd ref="13963131205"/>
  <nd ref="13963131204"/>
  <nd ref="13963131203"/>
  <tag k="highway" v="path"/>
  <tag k="name" v="员工通道"/>
 </way>
 <way id="1532035170" visible="true" version="1" changeset="184543088" timestamp="2026-06-24T20:02:51Z" user="GeoSylvaris" uid="24237008">
  <nd ref="13963131219"/>
  <nd ref="13963131218"/>
  <nd ref="13963131217"/>
  <nd ref="13963131216"/>
  <nd ref="13963131215"/>
  <nd ref="13963131214"/>
  <nd ref="13963131213"/>
  <nd ref="13963131212"/>
  <nd ref="13963131211"/>
  <tag k="highway" v="service"/>
  <tag k="source" v="西野员工"/>
 </way>
 <way id="1532035171" visible="true" version="1" changeset="184543088" timestamp="2026-06-24T20:02:51Z" user="GeoSylvaris" uid="24237008">
  <nd ref="13963131225"/>
  <nd ref="13963131224"/>
  <nd ref="13963131223"/>
  <nd ref="13963131222"/>
  <nd ref="13963131221"/>
  <nd ref="13963131220"/>
  <tag k="highway" v="service"/>
  <tag k="source" v="yahoo"/>
 </way>
 <way id="1532035172" visible="true" version="1" changeset="184543088" timestamp="2026-06-24T20:02:51Z" user="GeoSylvaris" uid="24237008">
  <nd ref="13963131229"/>
  <nd ref="13963131228"/>
  <nd ref="13963131227"/>
  <nd ref="13963131226"/>
  <nd ref="13963131220"/>
  <nd ref="13963131234"/>
  <tag k="highway" v="service"/>
  <tag k="source" v="yahoo"/>
 </way>
 <way id="1532035173" visible="true" version="1" changeset="184543088" timestamp="2026-06-24T20:02:51Z" user="GeoSylvaris" uid="24237008">
  <nd ref="13963131235"/>
  <nd ref="13963131234"/>
  <nd ref="13963131233"/>
  <nd ref="13963131232"/>
  <nd ref="13963131231"/>
  <nd ref="13963131230"/>
  <tag k="highway" v="service"/>
  <tag k="source" v="yahoo"/>
 </way>
 <way id="1532035174" visible="true" version="1" changeset="184543088" timestamp="2026-06-24T20:02:51Z" user="GeoSylvaris" uid="24237008">
  <nd ref="13963131244"/>
  <nd ref="13963131237"/>
  <nd ref="13963131229"/>
  <nd ref="13963131211"/>
  <nd ref="13963131235"/>
  <nd ref="13963131230"/>
  <nd ref="13963131236"/>
  <tag k="highway" v="service"/>
  <tag k="source" v="yahoo"/>
 </way>
 <way id="1532035175" visible="true" version="1" changeset="184543088" timestamp="2026-06-24T20:02:51Z" user="GeoSylvaris" uid="24237008">
  <nd ref="13963131257"/>
  <nd ref="13963131238"/>
  <nd ref="13963131239"/>
  <nd ref="13963131240"/>
  <nd ref="13963131241"/>
  <nd ref="13963131242"/>
  <nd ref="13963131243"/>
  <nd ref="13963131244"/>
  <nd ref="13963131245"/>
  <nd ref="13963131246"/>
  <nd ref="13963131247"/>
  <nd ref="13963131248"/>
  <nd ref="13963131249"/>
  <nd ref="13963131250"/>
  <nd ref="2458348657"/>
  <nd ref="13963131266"/>
  <nd ref="13963131265"/>
  <nd ref="13963131264"/>
  <nd ref="13963131263"/>
  <nd ref="13963131262"/>
  <nd ref="13963131261"/>
  <nd ref="13963131260"/>
  <nd ref="13963131259"/>
  <nd ref="13963131258"/>
  <nd ref="13963131257"/>
  <nd ref="13963131256"/>
  <nd ref="13963131255"/>
  <nd ref="13963131254"/>
  <nd ref="13963131253"/>
  <nd ref="13963131252"/>
  <nd ref="13963131251"/>
  <tag k="highway" v="service"/>
  <tag k="source" v="一个西野员工"/>
 </way>
 <way id="1532035176" visible="true" version="1" changeset="184543088" timestamp="2026-06-24T20:02:51Z" user="GeoSylvaris" uid="24237008">
  <nd ref="13963131283"/>
  <nd ref="13963131281"/>
  <nd ref="13963131280"/>
  <nd ref="13963131279"/>
  <nd ref="13963131278"/>
  <nd ref="13963131277"/>
  <nd ref="13963131276"/>
  <nd ref="13963131275"/>
  <nd ref="13963131282"/>
  <nd ref="13963131274"/>
  <nd ref="13963131273"/>
  <nd ref="13963131272"/>
  <nd ref="13963131271"/>
  <nd ref="13963131270"/>
  <nd ref="13963131269"/>
  <nd ref="13963131268"/>
  <nd ref="13963131283"/>
  <tag k="building" v="yes"/>
  <tag k="name" v="鹦鹉馆"/>
  <tag k="operator" v="西野"/>
 </way>
 <way id="1532035177" visible="true" version="1" changeset="184543088" timestamp="2026-06-24T20:02:51Z" user="GeoSylvaris" uid="24237008">
  <nd ref="2458348413"/>
  <nd ref="13963131292"/>
  <nd ref="13963131291"/>
  <nd ref="13963131290"/>
  <nd ref="13963131289"/>
  <tag k="highway" v="path"/>
  <tag k="name" v="食草动物区员工通道"/>
 </way>
 <way id="1532035178" visible="true" version="1" changeset="184543088" timestamp="2026-06-24T20:02:51Z" user="GeoSylvaris" uid="24237008">
  <nd ref="13963131302"/>
  <nd ref="13963131298"/>
  <nd ref="13963131297"/>
  <tag k="highway" v="service"/>
 </way>
 <way id="1532035179" visible="true" version="2" changeset="184569307" timestamp="2026-06-25T09:41:59Z" user="GeoSylvaris" uid="24237008">
  <nd ref="13963131314"/>
  <nd ref="13963131313"/>
  <nd ref="13963131312"/>
  <nd ref="13963131311"/>
  <nd ref="13963131310"/>
  <nd ref="13963131309"/>
  <nd ref="13963131308"/>
  <nd ref="13963131307"/>
  <nd ref="13963131306"/>
  <nd ref="13963131305"/>
  <nd ref="13963131304"/>
  <nd ref="13963131303"/>
  <nd ref="13963131302"/>
  <nd ref="13963131301"/>
  <nd ref="13964484480"/>
  <nd ref="13963131300"/>
  <nd ref="13963131299"/>
  <tag k="highway" v="service"/>
 </way>
 <way id="1532035180" visible="true" version="1" changeset="184543088" timestamp="2026-06-24T20:02:51Z" user="GeoSylvaris" uid="24237008">
  <nd ref="13963131351"/>
  <nd ref="13963131350"/>
  <nd ref="13963131349"/>
  <nd ref="13963131348"/>
  <nd ref="13963131347"/>
  <nd ref="13963131346"/>
  <nd ref="13963131345"/>
  <nd ref="13963131344"/>
  <nd ref="13963131343"/>
  <nd ref="13963131342"/>
  <nd ref="13963131341"/>
  <nd ref="13963131340"/>
  <nd ref="13963131339"/>
  <nd ref="13963131338"/>
  <nd ref="13963131337"/>
  <nd ref="13963131336"/>
  <nd ref="13963131335"/>
  <nd ref="13963131334"/>
  <nd ref="13963131333"/>
  <nd ref="13963131332"/>
  <nd ref="13963131331"/>
  <nd ref="13963131330"/>
  <nd ref="13963131329"/>
  <nd ref="13963131328"/>
  <nd ref="13963131327"/>
  <nd ref="13963131326"/>
  <nd ref="13963131325"/>
  <nd ref="13963131324"/>
  <nd ref="13963131323"/>
  <nd ref="13963131322"/>
  <nd ref="13963131321"/>
  <nd ref="13963131320"/>
  <nd ref="13963131319"/>
  <nd ref="13963131318"/>
  <nd ref="13963131317"/>
  <tag k="highway" v="service"/>
 </way>
 <way id="1532035181" visible="true" version="1" changeset="184543088" timestamp="2026-06-24T20:02:51Z" user="GeoSylvaris" uid="24237008">
  <nd ref="13963131391"/>
  <nd ref="13963131390"/>
  <nd ref="13963131389"/>
  <nd ref="13963131388"/>
  <nd ref="13963131387"/>
  <nd ref="13963131386"/>
  <nd ref="13963131385"/>
  <nd ref="13963131384"/>
  <nd ref="13963131383"/>
  <nd ref="13963131382"/>
  <nd ref="13963131381"/>
  <nd ref="13963131380"/>
  <nd ref="13963131379"/>
  <nd ref="13963131378"/>
  <nd ref="13963131377"/>
  <nd ref="13963131376"/>
  <nd ref="13963131375"/>
  <nd ref="13963131374"/>
  <nd ref="13963131373"/>
  <nd ref="13963131372"/>
  <nd ref="13963131371"/>
  <nd ref="13963131370"/>
  <nd ref="13963131369"/>
  <nd ref="13963131368"/>
  <nd ref="13963131367"/>
  <nd ref="13963131366"/>
  <nd ref="13963131365"/>
  <nd ref="13963131364"/>
  <nd ref="13963131363"/>
  <nd ref="13963131362"/>
  <nd ref="13963131361"/>
  <nd ref="13963131360"/>
  <nd ref="13963131359"/>
  <nd ref="13963131358"/>
  <nd ref="13963131357"/>
  <nd ref="13963131356"/>
  <nd ref="13963131355"/>
  <nd ref="13963131354"/>
  <nd ref="13963131353"/>
  <nd ref="13963131391"/>
  <tag k="name" v="西宁熊猫馆"/>
  <tag k="tourism" v="zoo"/>
 </way>
 <way id="1532035182" visible="true" version="1" changeset="184543088" timestamp="2026-06-24T20:02:51Z" user="GeoSylvaris" uid="24237008">
  <nd ref="13963131412"/>
  <nd ref="13963131411"/>
  <nd ref="13963131410"/>
  <nd ref="13963131409"/>
  <nd ref="13963131408"/>
  <nd ref="13963131407"/>
  <nd ref="13963131406"/>
  <nd ref="13963131405"/>
  <nd ref="13963131404"/>
  <nd ref="13963131403"/>
  <nd ref="13963131402"/>
  <nd ref="13963131401"/>
  <nd ref="13963131412"/>
  <tag k="building" v="public"/>
  <tag k="name" v="青藏高原野生动物园海洋馆"/>
 </way>
 <way id="1532144971" visible="true" version="1" changeset="184561732" timestamp="2026-06-25T03:53:57Z" user="GeoSylvaris" uid="24237008">
  <nd ref="9234791820"/>
  <nd ref="13963865395"/>
  <nd ref="13963865394"/>
  <nd ref="13963865393"/>
  <nd ref="13963883701"/>
  <tag k="highway" v="service"/>
 </way>
 <way id="1532144972" visible="true" version="1" changeset="184561732" timestamp="2026-06-25T03:53:57Z" user="GeoSylvaris" uid="24237008">
  <nd ref="13963883703"/>
  <nd ref="13963883702"/>
  <nd ref="13963883701"/>
  <nd ref="13963865400"/>
  <nd ref="13963865399"/>
  <nd ref="13963865398"/>
  <nd ref="13963865397"/>
  <nd ref="13963865396"/>
  <nd ref="6716130798"/>
  <tag k="highway" v="service"/>
 </way>
 <way id="1532144973" visible="true" version="1" changeset="184561732" timestamp="2026-06-25T03:53:57Z" user="GeoSylvaris" uid="24237008">
  <nd ref="13963883727"/>
  <nd ref="13963883725"/>
  <nd ref="13963883724"/>
  <nd ref="13963883723"/>
  <nd ref="13963883722"/>
  <nd ref="13963883721"/>
  <nd ref="13963883720"/>
  <nd ref="13963883719"/>
  <nd ref="13963883718"/>
  <nd ref="13963883717"/>
  <nd ref="13963883716"/>
  <nd ref="13963883715"/>
  <nd ref="13963883726"/>
  <nd ref="13963883714"/>
  <nd ref="13963883713"/>
  <nd ref="13963883712"/>
  <nd ref="13963883711"/>
  <nd ref="13963883710"/>
  <nd ref="13963883709"/>
  <nd ref="13963883708"/>
  <nd ref="13963883707"/>
  <nd ref="13963883706"/>
  <nd ref="13963883705"/>
  <nd ref="13963883704"/>
  <nd ref="13963883727"/>
  <tag k="building" v="yes"/>
  <tag k="name" v="马戏包"/>
 </way>
 <way id="1532144974" visible="true" version="1" changeset="184561732" timestamp="2026-06-25T03:53:57Z" user="GeoSylvaris" uid="24237008">
  <nd ref="13963883731"/>
  <nd ref="13963883730"/>
  <nd ref="13963883729"/>
  <nd ref="13963883728"/>
  <nd ref="13963883731"/>
  <tag k="amenity" v="animal_boarding"/>
  <tag k="animal_boarding" v="horse"/>
  <tag k="name" v="马厩"/>
 </way>
 <way id="1532144975" visible="true" version="1" changeset="184561732" timestamp="2026-06-25T03:53:57Z" user="GeoSylvaris" uid="24237008">
  <nd ref="13963883744"/>
  <nd ref="13963883743"/>
  <nd ref="13963883742"/>
  <nd ref="13963883741"/>
  <nd ref="13963883740"/>
  <nd ref="13963883739"/>
  <nd ref="13963883738"/>
  <nd ref="13963883737"/>
  <nd ref="13963883736"/>
  <nd ref="13963883735"/>
  <nd ref="13963883734"/>
  <nd ref="13963883733"/>
  <nd ref="13963883732"/>
  <nd ref="13963883744"/>
  <tag k="landuse" v="farmland"/>
  <tag k="name" v="动物康养区"/>
 </way>
 <way id="1532144976" visible="true" version="1" changeset="184561732" timestamp="2026-06-25T03:53:57Z" user="GeoSylvaris" uid="24237008">
  <nd ref="13963883748"/>
  <nd ref="13963883747"/>
  <nd ref="13963883746"/>
  <nd ref="13963883745"/>
  <nd ref="13963883748"/>
  <tag k="building" v="yes"/>
  <tag k="name" v="森林防火"/>
 </way>
 <way id="1532144977" visible="true" version="1" changeset="184561732" timestamp="2026-06-25T03:53:57Z" user="GeoSylvaris" uid="24237008">
  <nd ref="2458348596"/>
  <nd ref="13963883756"/>
  <nd ref="13963883755"/>
  <nd ref="13963883754"/>
  <nd ref="13963883753"/>
  <nd ref="13963883752"/>
  <nd ref="13963883751"/>
  <nd ref="13963883750"/>
  <nd ref="13963883749"/>
  <nd ref="13963131372"/>
  <tag k="highway" v="path"/>
  <tag k="name" v="员工通道"/>
 </way>
 <way id="1532144978" visible="true" version="1" changeset="184561732" timestamp="2026-06-25T03:53:57Z" user="GeoSylvaris" uid="24237008">
  <nd ref="13963883765"/>
  <nd ref="13963883764"/>
  <nd ref="13963883763"/>
  <nd ref="13963883762"/>
  <nd ref="13963883761"/>
  <nd ref="13963883760"/>
  <nd ref="13963883759"/>
  <nd ref="13963883758"/>
  <nd ref="13963883765"/>
  <tag k="building" v="allotment_house"/>
  <tag k="name" v="西野-领导办公区"/>
 </way>
 <way id="1532164648" visible="true" version="1" changeset="184564321" timestamp="2026-06-25T05:13:23Z" user="GeoSylvaris" uid="24237008">
  <nd ref="13964017004"/>
  <nd ref="13964017002"/>
  <nd ref="13964017001"/>
  <nd ref="13964017003"/>
  <nd ref="13964017004"/>
  <tag k="building" v="yes"/>
  <tag k="name" v="写字中心"/>
 </way>
 <way id="1532164649" visible="true" version="1" changeset="184564321" timestamp="2026-06-25T05:13:23Z" user="GeoSylvaris" uid="24237008">
  <nd ref="13964017009"/>
  <nd ref="13964017007"/>
  <nd ref="13964017006"/>
  <nd ref="13964017008"/>
  <nd ref="13964017009"/>
  <tag k="building" v="yes"/>
  <tag k="name" v="领导车库"/>
 </way>
 <way id="1532164650" visible="true" version="1" changeset="184564321" timestamp="2026-06-25T05:13:23Z" user="GeoSylvaris" uid="24237008">
  <nd ref="13964017015"/>
  <nd ref="13964017012"/>
  <nd ref="13964017013"/>
  <nd ref="13964017014"/>
  <nd ref="13964017015"/>
  <tag k="building" v="yes"/>
  <tag k="name" v="马厩"/>
 </way>
 <way id="1532164651" visible="true" version="1" changeset="184564321" timestamp="2026-06-25T05:13:23Z" user="GeoSylvaris" uid="24237008">
  <nd ref="13964017019"/>
  <nd ref="13964017018"/>
  <nd ref="13964017017"/>
  <nd ref="13964017016"/>
  <nd ref="13964017019"/>
  <tag k="building" v="yes"/>
  <tag k="name" v="马厩"/>
 </way>
 <way id="1532164652" visible="true" version="1" changeset="184564321" timestamp="2026-06-25T05:13:23Z" user="GeoSylvaris" uid="24237008">
  <nd ref="13964017035"/>
  <nd ref="13964017033"/>
  <nd ref="13964017032"/>
  <nd ref="13964017031"/>
  <nd ref="13964017030"/>
  <nd ref="13964017029"/>
  <nd ref="13964017028"/>
  <nd ref="13964017027"/>
  <nd ref="13964017034"/>
  <nd ref="13964017026"/>
  <nd ref="13964017025"/>
  <nd ref="13964017024"/>
  <nd ref="13964017023"/>
  <nd ref="13964017022"/>
  <nd ref="13964017021"/>
  <nd ref="13964017020"/>
  <nd ref="13964017035"/>
  <tag k="man_made" v="water_tower"/>
  <tag k="name" v="水塔"/>
 </way>
 <way id="1532164653" visible="true" version="1" changeset="184564321" timestamp="2026-06-25T05:13:23Z" user="GeoSylvaris" uid="24237008">
  <nd ref="13964017040"/>
  <nd ref="13964017039"/>
  <nd ref="13964017038"/>
  <nd ref="13964017037"/>
  <nd ref="13964017036"/>
  <nd ref="13964017040"/>
  <tag k="access" v="permit"/>
  <tag k="amenity" v="parking"/>
  <tag k="name" v="西野内部员工停车场"/>
 </way>
 <way id="1532188621" visible="true" version="1" changeset="184569307" timestamp="2026-06-25T07:31:47Z" user="GeoSylvaris" uid="24237008">
  <nd ref="13964210315"/>
  <nd ref="13964210314"/>
  <nd ref="13964210313"/>
  <nd ref="13964210312"/>
  <nd ref="13964210311"/>
  <nd ref="13964210310"/>
  <nd ref="13964210309"/>
  <nd ref="13964210308"/>
  <nd ref="13964210307"/>
  <nd ref="13964210306"/>
  <nd ref="13964210305"/>
  <nd ref="13964210304"/>
  <nd ref="13964017040"/>
  <tag k="highway" v="service"/>
 </way>
 <way id="1532188622" visible="true" version="1" changeset="184569307" timestamp="2026-06-25T07:31:47Z" user="GeoSylvaris" uid="24237008">
  <nd ref="13964210323"/>
  <nd ref="13964210322"/>
  <nd ref="13964210321"/>
  <nd ref="13964210320"/>
  <nd ref="13964210319"/>
  <nd ref="13964210318"/>
  <nd ref="13964210317"/>
  <nd ref="13964210316"/>
  <nd ref="13964210323"/>
  <tag k="building" v="yes"/>
  <tag k="name" v="雪豹馆后场 (可以看到休息的雪豹, 西野通常只会2只雪豹营业)"/>
 </way>
 <way id="1532188623" visible="true" version="1" changeset="184569307" timestamp="2026-06-25T07:31:47Z" user="GeoSylvaris" uid="24237008">
  <nd ref="13964210330"/>
  <nd ref="13964210329"/>
  <nd ref="13964210328"/>
  <nd ref="13964210327"/>
  <nd ref="13964210326"/>
  <nd ref="13964210325"/>
  <nd ref="13964210324"/>
  <nd ref="13964210330"/>
  <tag k="landuse" v="grass"/>
  <tag k="name" v="小树林(拉过)"/>
 </way>
 <way id="1532188624" visible="true" version="1" changeset="184569307" timestamp="2026-06-25T07:31:47Z" user="GeoSylvaris" uid="24237008">
  <nd ref="13964210334"/>
  <nd ref="13964210332"/>
  <nd ref="13964210331"/>
  <nd ref="13964210333"/>
  <nd ref="13964210334"/>
  <tag k="building" v="yes"/>
  <tag k="name" v="马厩"/>
 </way>
 <way id="1532188625" visible="true" version="1" changeset="184569307" timestamp="2026-06-25T07:31:47Z" user="GeoSylvaris" uid="24237008">
  <nd ref="13964210340"/>
  <nd ref="13964210339"/>
  <nd ref="13964210338"/>
  <nd ref="13964210337"/>
  <nd ref="13964210336"/>
  <nd ref="13964210335"/>
  <nd ref="13964210340"/>
  <tag k="building" v="yes"/>
  <tag k="name" v="休息室 (有空调)"/>
 </way>
 <way id="1532188626" visible="true" version="1" changeset="184569307" timestamp="2026-06-25T07:31:47Z" user="GeoSylvaris" uid="24237008">
  <nd ref="13964210344"/>
  <nd ref="13964210342"/>
  <nd ref="13964210341"/>
  <nd ref="13964210343"/>
  <nd ref="13964210344"/>
  <tag k="building" v="yes"/>
  <tag k="name" v="马厩"/>
 </way>
 <way id="1532188627" visible="true" version="1" changeset="184569307" timestamp="2026-06-25T07:31:47Z" user="GeoSylvaris" uid="24237008">
  <nd ref="13964210354"/>
  <nd ref="13964210352"/>
  <nd ref="13964210351"/>
  <nd ref="13964210350"/>
  <nd ref="13964210349"/>
  <nd ref="13964210348"/>
 </way>
 <way id="1532188628" visible="true" version="1" changeset="184569307" timestamp="2026-06-25T07:31:47Z" user="GeoSylvaris" uid="24237008">
  <nd ref="13964210355"/>
  <nd ref="13964210354"/>
  <nd ref="13964210353"/>
  <nd ref="13964210365"/>
 </way>
 <way id="1532188629" visible="true" version="1" changeset="184569307" timestamp="2026-06-25T07:31:47Z" user="GeoSylvaris" uid="24237008">
  <nd ref="13964210357"/>
  <nd ref="13964210355"/>
  <nd ref="13964210362"/>
 </way>
 <way id="1532188630" visible="true" version="1" changeset="184569307" timestamp="2026-06-25T07:31:47Z" user="GeoSylvaris" uid="24237008">
  <nd ref="13964210358"/>
  <nd ref="13964210357"/>
  <nd ref="13964210356"/>
 </way>
 <way id="1532188631" visible="true" version="1" changeset="184569307" timestamp="2026-06-25T07:31:47Z" user="GeoSylvaris" uid="24237008">
  <nd ref="6716130833"/>
  <nd ref="13964210348"/>
  <nd ref="13964210371"/>
  <nd ref="13964210370"/>
  <nd ref="13964210369"/>
  <nd ref="13964210368"/>
  <nd ref="13964210367"/>
  <nd ref="13964210366"/>
  <nd ref="13964210365"/>
  <nd ref="13964210364"/>
  <nd ref="13964210363"/>
  <nd ref="13964210362"/>
  <nd ref="13964210361"/>
  <nd ref="13964210360"/>
  <nd ref="13964210359"/>
  <nd ref="13964210358"/>
  <nd ref="6716130828"/>
 </way>
 <way id="1532194240" visible="true" version="1" changeset="184569307" timestamp="2026-06-25T07:55:41Z" user="GeoSylvaris" uid="24237008">
  <nd ref="13964196286"/>
  <nd ref="13964196284"/>
  <nd ref="13964196283"/>
  <nd ref="13964196285"/>
  <nd ref="13964196286"/>
  <tag k="building" v="yes"/>
  <tag k="name" v="荒漠猫"/>
 </way>
 <way id="1532194241" visible="true" version="1" changeset="184569307" timestamp="2026-06-25T07:55:41Z" user="GeoSylvaris" uid="24237008">
  <nd ref="13964196290"/>
  <nd ref="13964196288"/>
  <nd ref="13964196287"/>
  <nd ref="13964196289"/>
  <nd ref="13964196290"/>
  <tag k="building" v="yes"/>
  <tag k="name" v="兔狲"/>
 </way>
 <way id="1532194242" visible="true" version="1" changeset="184569307" timestamp="2026-06-25T07:55:41Z" user="GeoSylvaris" uid="24237008">
  <nd ref="13964196298"/>
  <nd ref="13964196296"/>
  <nd ref="13964196295"/>
  <nd ref="13964196297"/>
  <nd ref="13964196298"/>
  <tag k="building" v="yes"/>
  <tag k="information" v="audioguide"/>
  <tag k="name" v="西野游客服务中心"/>
  <tag k="tourism" v="information"/>
 </way>
 <way id="1532194243" visible="true" version="1" changeset="184569307" timestamp="2026-06-25T07:55:41Z" user="GeoSylvaris" uid="24237008">
  <nd ref="13964270303"/>
  <nd ref="13964196299"/>
  <nd ref="13964196300"/>
  <nd ref="13964270317"/>
  <nd ref="13964270310"/>
  <nd ref="13964270311"/>
  <nd ref="13964270312"/>
  <nd ref="13964270313"/>
  <nd ref="13964270314"/>
  <nd ref="13964270315"/>
  <nd ref="13964270316"/>
  <nd ref="13964270301"/>
  <nd ref="13964270302"/>
  <nd ref="13964270304"/>
  <nd ref="13964270309"/>
  <nd ref="13964270308"/>
  <nd ref="13964270307"/>
  <nd ref="13964270306"/>
  <nd ref="13964270305"/>
  <nd ref="13964270303"/>
  <tag k="building" v="yes"/>
  <tag k="name" v="科普馆"/>
 </way>
 <way id="1532213545" visible="true" version="1" changeset="184569307" timestamp="2026-06-25T08:37:33Z" user="GeoSylvaris" uid="24237008">
  <nd ref="13964397514"/>
  <nd ref="13964397459"/>
  <nd ref="13964397458"/>
  <nd ref="13964397457"/>
  <nd ref="13964397456"/>
  <nd ref="13964397455"/>
  <nd ref="13964397454"/>
  <nd ref="13964397453"/>
  <nd ref="13964397452"/>
  <nd ref="13964397451"/>
  <nd ref="13964397450"/>
  <nd ref="13964397449"/>
  <nd ref="13964397448"/>
  <nd ref="13964397447"/>
  <nd ref="13964397446"/>
  <nd ref="13964397445"/>
  <nd ref="13964397444"/>
  <nd ref="13964397443"/>
  <nd ref="13964397442"/>
  <nd ref="13964397441"/>
  <nd ref="13964397440"/>
  <nd ref="13964397439"/>
  <nd ref="13964397438"/>
  <nd ref="13964397437"/>
  <nd ref="13964397436"/>
  <nd ref="13964397435"/>
  <nd ref="13964397434"/>
  <nd ref="13964397433"/>
  <nd ref="13964397432"/>
  <nd ref="13964397431"/>
  <nd ref="13964397430"/>
  <nd ref="13964397429"/>
  <nd ref="13964397428"/>
  <nd ref="13964397427"/>
  <nd ref="13964397426"/>
  <nd ref="13964397425"/>
  <nd ref="13964397424"/>
  <nd ref="13964397423"/>
  <nd ref="13964397422"/>
  <nd ref="13964397421"/>
  <nd ref="13964397420"/>
  <nd ref="13964397419"/>
  <nd ref="13964397418"/>
  <nd ref="13964397417"/>
  <nd ref="13964397416"/>
  <nd ref="13964397415"/>
  <nd ref="13964397414"/>
  <nd ref="13964397413"/>
  <nd ref="13964397412"/>
  <nd ref="13964397411"/>
  <nd ref="13964397410"/>
  <nd ref="13964397409"/>
  <nd ref="13964397408"/>
  <nd ref="13964397407"/>
  <nd ref="13964397406"/>
  <nd ref="13964397405"/>
  <nd ref="13964397404"/>
  <nd ref="13964397403"/>
  <nd ref="13964397402"/>
  <nd ref="13964397401"/>
  <nd ref="13964390900"/>
  <nd ref="13964390899"/>
  <nd ref="13964390898"/>
  <nd ref="13964390897"/>
  <nd ref="13964390896"/>
  <nd ref="13964390895"/>
  <nd ref="13964390894"/>
  <nd ref="13964390893"/>
  <nd ref="13964390892"/>
  <nd ref="13964390891"/>
  <tag k="highway" v="service"/>
  <tag k="name" v="西野下山 (往南坡)"/>
 </way>
 <way id="1532213546" visible="true" version="1" changeset="184569307" timestamp="2026-06-25T08:37:33Z" user="GeoSylvaris" uid="24237008">
  <nd ref="2458348507"/>
  <nd ref="13964397524"/>
  <nd ref="13964397523"/>
  <nd ref="13964397522"/>
  <nd ref="13964397521"/>
  <nd ref="13964397520"/>
  <nd ref="13964397519"/>
  <nd ref="13964397518"/>
  <nd ref="13964397517"/>
  <nd ref="13964397516"/>
  <nd ref="13964397515"/>
  <nd ref="13964397514"/>
  <nd ref="13964397513"/>
  <nd ref="13964397512"/>
  <nd ref="13964397511"/>
  <nd ref="13964397510"/>
  <nd ref="13964397509"/>
  <nd ref="13964397508"/>
  <nd ref="13964397507"/>
  <nd ref="13964397506"/>
  <nd ref="13964397505"/>
  <nd ref="13964397504"/>
  <nd ref="13964397503"/>
  <nd ref="13964397502"/>
  <nd ref="13964397501"/>
  <nd ref="13964397500"/>
  <nd ref="13964397499"/>
  <nd ref="13964397498"/>
  <nd ref="13964397497"/>
  <nd ref="13964397496"/>
  <nd ref="13964397495"/>
  <nd ref="13964397494"/>
  <nd ref="13964397493"/>
  <nd ref="13964397492"/>
  <nd ref="13964397491"/>
  <nd ref="13964397490"/>
  <nd ref="13964397489"/>
  <nd ref="13964397488"/>
  <nd ref="13964397487"/>
  <nd ref="13964397486"/>
  <nd ref="13964397485"/>
  <nd ref="13964397484"/>
  <nd ref="13964397483"/>
  <nd ref="13964397482"/>
  <nd ref="13964397481"/>
  <nd ref="13964397480"/>
  <nd ref="13964397479"/>
  <nd ref="13964397478"/>
  <nd ref="13964397477"/>
  <nd ref="13964397476"/>
  <nd ref="13964397475"/>
  <nd ref="13964397474"/>
  <nd ref="13964397473"/>
  <nd ref="13964397472"/>
  <nd ref="13964397471"/>
  <nd ref="13964397470"/>
  <nd ref="13964397469"/>
  <nd ref="13964397468"/>
  <nd ref="13964397467"/>
  <nd ref="13964397466"/>
  <nd ref="13964397465"/>
  <nd ref="13964397464"/>
  <nd ref="13964397463"/>
  <nd ref="13964397462"/>
  <nd ref="13964397461"/>
  <nd ref="13964397460"/>
  <tag k="highway" v="service"/>
  <tag k="name" v="西野东小门往植物园方向"/>
 </way>
 <way id="1532213549" visible="true" version="1" changeset="184569307" timestamp="2026-06-25T08:37:33Z" user="GeoSylvaris" uid="24237008">
  <nd ref="13964397582"/>
  <nd ref="13964397580"/>
  <nd ref="13964397579"/>
  <nd ref="13964397581"/>
  <nd ref="13964397582"/>
  <tag k="building" v="yes"/>
  <tag k="name" v="工具屋"/>
 </way>
 <way id="1532230603" visible="true" version="1" changeset="184569307" timestamp="2026-06-25T09:41:59Z" user="GeoSylvaris" uid="24237008">
  <nd ref="13964484449"/>
  <nd ref="13964484448"/>
  <nd ref="13964484447"/>
  <nd ref="13964484446"/>
  <nd ref="13964484445"/>
  <nd ref="13964484450"/>
  <nd ref="13964484444"/>
  <nd ref="13964484443"/>
  <nd ref="13964484442"/>
  <nd ref="13964484441"/>
  <nd ref="13964484449"/>
  <tag k="building" v="yes"/>
  <tag k="name" v="西野校准控制点"/>
 </way>
 <way id="1532230604" visible="true" version="1" changeset="184569307" timestamp="2026-06-25T09:41:59Z" user="GeoSylvaris" uid="24237008">
  <nd ref="13964484460"/>
  <nd ref="13964484458"/>
  <nd ref="13964484457"/>
  <nd ref="13964484456"/>
  <nd ref="13964484455"/>
  <nd ref="13964484459"/>
  <nd ref="13964484454"/>
  <nd ref="13964484453"/>
  <nd ref="13964484452"/>
  <nd ref="13964484451"/>
  <nd ref="13964484460"/>
  <tag k="building" v="yes"/>
  <tag k="name" v="西野校准控制点"/>
 </way>
 <way id="1532230605" visible="true" version="1" changeset="184569307" timestamp="2026-06-25T09:41:59Z" user="GeoSylvaris" uid="24237008">
  <nd ref="13964484464"/>
  <nd ref="13964484462"/>
  <nd ref="13964484461"/>
  <nd ref="13964484463"/>
  <nd ref="13964484464"/>
  <tag k="building" v="yes"/>
 </way>
 <way id="1532230606" visible="true" version="1" changeset="184569307" timestamp="2026-06-25T09:41:59Z" user="GeoSylvaris" uid="24237008">
  <nd ref="13964484468"/>
  <nd ref="13964484466"/>
  <nd ref="13964484465"/>
  <nd ref="13964484467"/>
  <nd ref="13964484468"/>
  <tag k="building" v="yes"/>
 </way>
 <way id="1532230607" visible="true" version="1" changeset="184569307" timestamp="2026-06-25T09:41:59Z" user="GeoSylvaris" uid="24237008">
  <nd ref="13964484469"/>
  <nd ref="9234791876"/>
  <tag k="bridge" v="yes"/>
  <tag k="highway" v="footway"/>
  <tag k="layer" v="2"/>
 </way>
 <way id="1532230608" visible="true" version="1" changeset="184569307" timestamp="2026-06-25T09:41:59Z" user="GeoSylvaris" uid="24237008">
  <nd ref="13964484479"/>
  <nd ref="13964484478"/>
  <nd ref="13964484477"/>
  <nd ref="13964484476"/>
  <nd ref="13964484475"/>
  <nd ref="13964484474"/>
  <nd ref="13964484473"/>
  <nd ref="13964484472"/>
  <nd ref="13964484471"/>
  <nd ref="13964484479"/>
  <tag k="building" v="yes"/>
  <tag k="name" v="猛兽区"/>
 </way>
 <way id="1532230609" visible="true" version="1" changeset="184569307" timestamp="2026-06-25T09:41:59Z" user="GeoSylvaris" uid="24237008">
  <nd ref="13964484481"/>
  <nd ref="13964484480"/>
 </way>
 <way id="1532230610" visible="true" version="1" changeset="184569307" timestamp="2026-06-25T09:41:59Z" user="GeoSylvaris" uid="24237008">
  <nd ref="13964484484"/>
  <nd ref="13964484483"/>
  <tag k="highway" v="service"/>
 </way>
 <way id="1532230611" visible="true" version="1" changeset="184569307" timestamp="2026-06-25T09:41:59Z" user="GeoSylvaris" uid="24237008">
  <nd ref="13964484500"/>
  <nd ref="13964484499"/>
  <nd ref="13964484498"/>
  <nd ref="13964484497"/>
  <nd ref="13964484496"/>
  <nd ref="13964484495"/>
  <nd ref="13964484494"/>
  <nd ref="13964484493"/>
  <nd ref="13964484492"/>
  <nd ref="13964484491"/>
  <nd ref="13964484490"/>
  <nd ref="13964484489"/>
  <nd ref="13964484488"/>
  <nd ref="13964484487"/>
  <nd ref="13964484500"/>
  <tag k="building" v="yes"/>
  <tag k="name" v="灵长馆"/>
 </way>
 <way id="1532237523" visible="true" version="1" changeset="184569307" timestamp="2026-06-25T10:04:46Z" user="GeoSylvaris" uid="24237008">
  <nd ref="13964485080"/>
  <nd ref="13964485078"/>
  <nd ref="13964485077"/>
  <nd ref="13964485079"/>
  <nd ref="13964485080"/>
  <tag k="building" v="yes"/>
  <tag k="name" v="🐯老虎馆"/>
 </way>
 <relation id="153104" visible="true" version="842" changeset="189615177" timestamp="2026-09-27T06:47:55Z" user="neverdance" uid="9446181">
  <member type="way" ref="193281746" role=""/>
  <member type="way" ref="237030449" role=""/>
  <member type="way" ref="236783343" role=""/>
  <member type="way" ref="236783337" role=""/>
  <member type="way" ref="237040377" role=""/>
  <member type="way" ref="237040363" role=""/>
  <member type="way" ref="236783334" role=""/>
  <member type="way" ref="324838271" role=""/>
  <member type="way" ref="324838272" role=""/>
  <member type="way" ref="224804885" role=""/>
  <member type="way" ref="224804889" role=""/>
  <member type="way" ref="324838276" role=""/>
  <member type="way" ref="236783331" role=""/>
  <member type="way" ref="236783340" role=""/>
  <member type="way" ref="324838269" role=""/>
  <member type="way" ref="324838263" role=""/>
  <member type="way" ref="324838277" role=""/>
  <member type="way" ref="236783332" role=""/>
  <member type="way" ref="236783336" role=""/>
  <member type="way" ref="237043708" role=""/>
  <member type="way" ref="324838268" role=""/>
  <member type="way" ref="324838264" role=""/>
  <member type="way" ref="184442531" role=""/>
  <member type="way" ref="324838341" role=""/>
  <member type="way" ref="324838340" role=""/>
  <member type="way" ref="237043707" role=""/>
  <member type="way" ref="236783341" role=""/>
  <member type="way" ref="236783333" role=""/>
  <member type="way" ref="324838267" role=""/>
  <member type="way" ref="324838275" role=""/>
  <member type="way" ref="324838266" role=""/>
  <member type="way" ref="236783329" role=""/>
  <member type="way" ref="236783338" role=""/>
  <member type="way" ref="324838270" role=""/>
  <member type="way" ref="236783339" role=""/>
  <member type="way" ref="224804886" role=""/>
  <member type="way" ref="324838265" role=""/>
  <member type="way" ref="324838273" role=""/>
  <member type="way" ref="236783335" role=""/>
  <member type="way" ref="237040375" role=""/>
  <member type="way" ref="237040368" role=""/>
  <member type="way" ref="236783330" role=""/>
  <member type="way" ref="236783342" role=""/>
  <member type="way" ref="49833163" role=""/>
  <member type="way" ref="283783737" role=""/>
  <member type="way" ref="733287202" role=""/>
  <member type="way" ref="733287203" role=""/>
  <member type="way" ref="733287206" role=""/>
  <member type="way" ref="733287235" role=""/>
  <member type="way" ref="733287236" role=""/>
  <member type="way" ref="733287237" role=""/>
  <member type="way" ref="733287239" role=""/>
  <member type="way" ref="733287240" role=""/>
  <member type="way" ref="733287242" role=""/>
  <member type="way" ref="733287244" role=""/>
  <member type="way" ref="733287245" role=""/>
  <member type="way" ref="733287246" role=""/>
  <member type="way" ref="733287278" role=""/>
  <member type="way" ref="340586558" role=""/>
  <member type="way" ref="733287273" role=""/>
  <member type="way" ref="395866221" role=""/>
  <member type="way" ref="586115732" role=""/>
  <member type="way" ref="713203025" role=""/>
  <member type="way" ref="371989282" role=""/>
  <member type="way" ref="714505680" role=""/>
  <member type="way" ref="714505685" role=""/>
  <member type="way" ref="714505684" role=""/>
  <member type="way" ref="32836510" role=""/>
  <member type="way" ref="379232948" role=""/>
  <member type="way" ref="32838227" role=""/>
  <member type="way" ref="379232951" role=""/>
  <member type="way" ref="184330048" role=""/>
  <member type="way" ref="1079829844" role=""/>
  <member type="way" ref="184330045" role=""/>
  <member type="way" ref="1070578259" role=""/>
  <member type="way" ref="1079828987" role=""/>
  <member type="way" ref="780234218" role=""/>
  <member type="way" ref="1079828990" role=""/>
  <member type="way" ref="312591328" role=""/>
  <member type="way" ref="542833991" role=""/>
  <member type="way" ref="780339661" role=""/>
  <member type="way" ref="1070578263" role=""/>
  <member type="way" ref="780339662" role=""/>
  <member type="way" ref="698008524" role=""/>
  <member type="way" ref="586115414" role=""/>
  <member type="way" ref="698008527" role=""/>
  <member type="way" ref="698008530" role=""/>
  <member type="way" ref="698008532" role=""/>
  <member type="way" ref="698008534" role=""/>
  <member type="way" ref="780339692" role=""/>
  <member type="way" ref="780339694" role=""/>
  <member type="way" ref="780339693" role=""/>
  <member type="way" ref="780339703" role=""/>
  <member type="way" ref="780339702" role=""/>
  <member type="way" ref="780339696" role=""/>
  <member type="way" ref="780339697" role=""/>
  <member type="way" ref="698008533" role=""/>
  <member type="way" ref="698008531" role=""/>
  <member type="way" ref="698008529" role=""/>
  <member type="way" ref="698008528" role=""/>
  <member type="way" ref="780339663" role=""/>
  <member type="way" ref="698008535" role=""/>
  <member type="way" ref="698008523" role=""/>
  <member type="way" ref="1070578262" role=""/>
  <member type="way" ref="780234197" role=""/>
  <member type="way" ref="312591333" role=""/>
  <member type="way" ref="542833990" role=""/>
  <member type="way" ref="184330049" role=""/>
  <member type="way" ref="1079828991" role=""/>
  <member type="way" ref="1079828994" role=""/>
  <member type="way" ref="1079828993" role=""/>
  <member type="way" ref="1079828988" role=""/>
  <member type="way" ref="1079828989" role=""/>
  <member type="way" ref="1079828995" role=""/>
  <member type="way" ref="1079828992" role=""/>
  <member type="way" ref="550650894" role=""/>
  <member type="way" ref="208214027" role=""/>
  <member type="way" ref="208246941" role=""/>
  <member type="way" ref="462197838" role=""/>
  <member type="way" ref="780490705" role=""/>
  <member type="way" ref="208214037" role=""/>
  <member type="way" ref="550650895" role=""/>
  <member type="way" ref="208249457" role=""/>
  <member type="way" ref="462197832" role=""/>
  <member type="way" ref="462197839" role=""/>
  <member type="way" ref="462197898" role=""/>
  <member type="way" ref="127079930" role=""/>
  <member type="way" ref="127079963" role=""/>
  <member type="way" ref="127079861" role=""/>
  <member type="way" ref="127079845" role=""/>
  <member type="way" ref="127079778" role=""/>
  <member type="way" ref="779455267" role=""/>
  <member type="way" ref="779455266" role=""/>
  <member type="way" ref="127079970" role=""/>
  <member type="way" ref="127079893" role=""/>
  <member type="way" ref="127079912" role=""/>
  <member type="way" ref="127079867" role=""/>
  <member type="way" ref="127079968" role=""/>
  <member type="way" ref="127079950" role=""/>
  <member type="way" ref="127079785" role=""/>
  <member type="way" ref="127079800" role=""/>
  <member type="way" ref="127079957" role=""/>
  <member type="way" ref="779455269" role=""/>
  <member type="way" ref="779455268" role=""/>
  <member type="way" ref="127079904" role=""/>
  <member type="way" ref="127079977" role=""/>
  <member type="way" ref="127079940" role=""/>
  <member type="way" ref="127079881" role=""/>
  <member type="way" ref="462197861" role=""/>
  <member type="way" ref="1062809082" role=""/>
  <member type="way" ref="208249455" role=""/>
  <member type="way" ref="462197836" role=""/>
  <member type="way" ref="1063556406" role=""/>
  <member type="way" ref="1424346136" role=""/>
  <member type="way" ref="712182834" role=""/>
  <member type="way" ref="480378518" role=""/>
  <member type="way" ref="480378517" role=""/>
  <member type="way" ref="479051993" role=""/>
  <member type="way" ref="1051961314" role=""/>
  <member type="way" ref="1051961315" role=""/>
  <member type="way" ref="146651487" role=""/>
  <member type="way" ref="1051961345" role=""/>
  <member type="way" ref="1063556424" role=""/>
  <member type="way" ref="579979124" role=""/>
  <member type="way" ref="1063609697" role=""/>
  <member type="way" ref="461703758" role=""/>
  <member type="way" ref="1063609730" role=""/>
  <member type="way" ref="1063609731" role=""/>
  <member type="way" ref="461703757" role=""/>
  <member type="way" ref="627564482" role=""/>
  <member type="way" ref="627564483" role=""/>
  <member type="way" ref="1220205981" role=""/>
  <member type="way" ref="1220205980" role=""/>
  <member type="way" ref="1063609728" role=""/>
  <member type="way" ref="250515971" role=""/>
  <member type="way" ref="250515972" role=""/>
  <member type="way" ref="70382253" role=""/>
  <member type="way" ref="475504551" role=""/>
  <member type="way" ref="70382247" role=""/>
  <member type="way" ref="371115716" role=""/>
  <member type="way" ref="1268614970" role=""/>
  <member type="way" ref="1268614971" role=""/>
  <member type="way" ref="1268615019" role=""/>
  <member type="way" ref="1268615020" role=""/>
  <member type="way" ref="475504552" role=""/>
  <member type="way" ref="371115713" role=""/>
  <member type="way" ref="310653688" role=""/>
  <member type="way" ref="310653687" role=""/>
  <member type="way" ref="406805038" role=""/>
  <member type="way" ref="406805037" role=""/>
  <member type="way" ref="70382260" role=""/>
  <member type="way" ref="627480108" role=""/>
  <member type="way" ref="627480109" role=""/>
  <member type="way" ref="627480106" role=""/>
  <member type="way" ref="479011547" role=""/>
  <member type="way" ref="1085929637" role=""/>
  <member type="way" ref="1085929636" role=""/>
  <member type="way" ref="479004737" role=""/>
  <member type="way" ref="479011543" role=""/>
  <member type="way" ref="479011533" role=""/>
  <member type="way" ref="479006419" role=""/>
  <member type="way" ref="843436337" role=""/>
  <member type="way" ref="843436340" role=""/>
  <member type="way" ref="479011539" role=""/>
  <member type="way" ref="251658178" role=""/>
  <member type="way" ref="627098150" role=""/>
  <member type="way" ref="1063979985" role=""/>
  <member type="way" ref="1063979986" role=""/>
  <member type="way" ref="1097567832" role=""/>
  <member type="way" ref="1097567833" role=""/>
  <member type="way" ref="1063979984" role=""/>
  <member type="way" ref="1063979983" role=""/>
  <member type="way" ref="780629198" role=""/>
  <member type="way" ref="780629217" role=""/>
  <member type="way" ref="780629216" role=""/>
  <member type="way" ref="251658179" role=""/>
  <member type="way" ref="251658180" role=""/>
  <member type="way" ref="627098149" role=""/>
  <member type="way" ref="102997041" role=""/>
  <member type="way" ref="794275919" role=""/>
  <member type="way" ref="794275920" role=""/>
  <member type="way" ref="183535111" role=""/>
  <member type="way" ref="102997036" role=""/>
  <member type="way" ref="167038246" role=""/>
  <member type="way" ref="1215484905" role=""/>
  <member type="way" ref="1215484906" role=""/>
  <member type="way" ref="1215484907" role=""/>
  <member type="way" ref="1215484908" role=""/>
  <member type="way" ref="167038244" role=""/>
  <member type="way" ref="326741398" role=""/>
  <member type="way" ref="326741393" role=""/>
  <member type="way" ref="245414780" role=""/>
  <member type="way" ref="326741396" role=""/>
  <member type="way" ref="479004726" role=""/>
  <member type="way" ref="127079951" role=""/>
  <member type="way" ref="127079737" role="forward"/>
  <member type="way" ref="183535038" role="forward"/>
  <member type="way" ref="183535039" role="forward"/>
  <member type="way" ref="138391000" role="forward"/>
  <member type="way" ref="361467213" role="forward"/>
  <member type="way" ref="361467214" role="forward"/>
  <member type="way" ref="341206821" role="forward"/>
  <member type="way" ref="341206829" role="forward"/>
  <member type="way" ref="1462765986" role="forward"/>
  <member type="way" ref="1462765985" role="forward"/>
  <member type="way" ref="958320569" role="forward"/>
  <member type="way" ref="229412612" role="forward"/>
  <member type="way" ref="478892214" role="forward"/>
  <member type="way" ref="478892215" role="forward"/>
  <member type="way" ref="369537458" role=""/>
  <member type="way" ref="958319258" role=""/>
  <member type="way" ref="958319256" role=""/>
  <member type="way" ref="958319257" role=""/>
  <member type="way" ref="958319254" role=""/>
  <member type="way" ref="479013815" role=""/>
  <member type="way" ref="395900096" role=""/>
  <member type="way" ref="341206831" role="forward"/>
  <member type="way" ref="478892213" role="forward"/>
  <member type="way" ref="478892216" role="forward"/>
  <member type="way" ref="958320568" role="forward"/>
  <member type="way" ref="229412619" role="forward"/>
  <member type="way" ref="1462765984" role="forward"/>
  <member type="way" ref="1462765983" role="forward"/>
  <member type="way" ref="341206820" role="forward"/>
  <member type="way" ref="341206819" role="forward"/>
  <member type="way" ref="361467212" role="forward"/>
  <member type="way" ref="361467211" role="forward"/>
  <member type="way" ref="127079939" role="forward"/>
  <member type="way" ref="183535037" role="forward"/>
  <member type="way" ref="183535040" role="forward"/>
  <member type="way" ref="204096380" role=""/>
  <member type="way" ref="118820709" role=""/>
  <member type="way" ref="180539451" role=""/>
  <member type="way" ref="180539442" role=""/>
  <member type="way" ref="317650074" role=""/>
  <member type="way" ref="138398604" role=""/>
  <member type="way" ref="535058175" role=""/>
  <member type="way" ref="535058173" role=""/>
  <member type="way" ref="535058178" role=""/>
  <member type="way" ref="535058177" role=""/>
  <member type="way" ref="535058174" role=""/>
  <member type="way" ref="535058176" role=""/>
  <member type="way" ref="317650086" role=""/>
  <member type="way" ref="138699615" role=""/>
  <member type="way" ref="228859477" role=""/>
  <member type="way" ref="289637343" role=""/>
  <member type="way" ref="229416465" role=""/>
  <member type="way" ref="503687491" role=""/>
  <member type="way" ref="404844130" role=""/>
  <member type="way" ref="317650064" role=""/>
  <member type="way" ref="395902384" role=""/>
  <member type="way" ref="317650059" role=""/>
  <member type="way" ref="406855225" role=""/>
  <member type="way" ref="406855222" role=""/>
  <member type="way" ref="317650075" role=""/>
  <member type="way" ref="1014947289" role=""/>
  <member type="way" ref="1014947288" role=""/>
  <member type="way" ref="204096376" role=""/>
  <member type="way" ref="183354876" role="forward"/>
  <member type="way" ref="302320230" role="forward"/>
  <member type="way" ref="664515087" role="forward"/>
  <member type="way" ref="664515090" role="forward"/>
  <member type="way" ref="1014947291" role=""/>
  <member type="way" ref="1014947290" role=""/>
  <member type="way" ref="208781807" role=""/>
  <member type="way" ref="406855223" role=""/>
  <member type="way" ref="406855224" role=""/>
  <member type="way" ref="317650066" role=""/>
  <member type="way" ref="404844126" role=""/>
  <member type="way" ref="404844125" role=""/>
  <member type="way" ref="402935782" role=""/>
  <member type="way" ref="402935784" role=""/>
  <member type="way" ref="317650082" role=""/>
  <member type="way" ref="317650094" role=""/>
  <member type="way" ref="503687492" role=""/>
  <member type="way" ref="404844132" role=""/>
  <member type="way" ref="404844131" role=""/>
  <member type="way" ref="664515086" role="forward"/>
  <member type="way" ref="664515089" role="forward"/>
  <member type="way" ref="208781787" role="forward"/>
  <member type="way" ref="302320218" role=""/>
  <member type="way" ref="462187353" role=""/>
  <member type="way" ref="317656329" role=""/>
  <member type="way" ref="340403721" role=""/>
  <member type="way" ref="340403719" role=""/>
  <member type="way" ref="340403714" role=""/>
  <member type="way" ref="317656332" role=""/>
  <member type="way" ref="317653526" role=""/>
  <member type="way" ref="340403711" role=""/>
  <member type="way" ref="340403718" role=""/>
  <member type="way" ref="321002699" role=""/>
  <member type="way" ref="321002700" role=""/>
  <member type="way" ref="321002676" role=""/>
  <member type="way" ref="697850565" role=""/>
  <member type="way" ref="697850566" role=""/>
  <member type="way" ref="317653533" role=""/>
  <member type="way" ref="317653554" role=""/>
  <member type="way" ref="321002675" role=""/>
  <member type="way" ref="321002683" role=""/>
  <member type="way" ref="317653528" role=""/>
  <member type="way" ref="317653545" role=""/>
  <member type="way" ref="321002706" role=""/>
  <member type="way" ref="317653558" role=""/>
  <member type="way" ref="317653560" role=""/>
  <member type="way" ref="321002686" role=""/>
  <member type="way" ref="321002704" role=""/>
  <member type="way" ref="697850558" role=""/>
  <member type="way" ref="697850557" role=""/>
  <member type="way" ref="157430843" role=""/>
  <member type="way" ref="697850548" role=""/>
  <member type="way" ref="697850541" role=""/>
  <member type="way" ref="341206832" role=""/>
  <member type="way" ref="341206828" role=""/>
  <member type="way" ref="157404661" role=""/>
  <member type="way" ref="317653559" role=""/>
  <member type="way" ref="157404578" role=""/>
  <member type="way" ref="340996035" role=""/>
  <member type="way" ref="340996032" role=""/>
  <member type="way" ref="341206822" role=""/>
  <member type="way" ref="341206825" role=""/>
  <member type="way" ref="321002707" role=""/>
  <member type="way" ref="340996036" role=""/>
  <member type="way" ref="182400999" role=""/>
  <member type="way" ref="142292496" role=""/>
  <member type="way" ref="428153827" role=""/>
  <member type="way" ref="428153825" role=""/>
  <member type="way" ref="428153832" role=""/>
  <member type="way" ref="428153830" role=""/>
  <member type="way" ref="321002703" role=""/>
  <member type="way" ref="341206826" role=""/>
  <member type="way" ref="341206824" role=""/>
  <member type="way" ref="340996031" role=""/>
  <member type="way" ref="340996034" role=""/>
  <member type="way" ref="157404565" role=""/>
  <member type="way" ref="317653556" role=""/>
  <member type="way" ref="341206830" role=""/>
  <member type="way" ref="341206827" role=""/>
  <member type="way" ref="697850549" role=""/>
  <member type="way" ref="697850547" role=""/>
  <member type="way" ref="697850542" role=""/>
  <member type="way" ref="321002708" role=""/>
  <member type="way" ref="697850555" role=""/>
  <member type="way" ref="697850556" role=""/>
  <member type="way" ref="321002698" role=""/>
  <member type="way" ref="317653524" role=""/>
  <member type="way" ref="317653522" role=""/>
  <member type="way" ref="317653525" role=""/>
  <member type="way" ref="317653537" role=""/>
  <member type="way" ref="183354877" role=""/>
  <member type="way" ref="321002682" role=""/>
  <member type="way" ref="321002677" role=""/>
  <member type="way" ref="317653531" role=""/>
  <member type="way" ref="317653542" role=""/>
  <member type="way" ref="321002687" role=""/>
  <member type="way" ref="697850567" role=""/>
  <member type="way" ref="697850568" role=""/>
  <member type="way" ref="321002688" role=""/>
  <member type="way" ref="321002690" role=""/>
  <member type="way" ref="340403712" role=""/>
  <member type="way" ref="340403717" role=""/>
  <member type="way" ref="340403708" role=""/>
  <member type="way" ref="183354878" role=""/>
  <member type="way" ref="317656331" role=""/>
  <member type="way" ref="321002697" role=""/>
  <member type="way" ref="317650098" role=""/>
  <member type="way" ref="208781798" role=""/>
  <member type="way" ref="428153837" role=""/>
  <member type="way" ref="157404524" role=""/>
  <member type="way" ref="157404546" role=""/>
  <member type="way" ref="157404572" role=""/>
  <member type="way" ref="503171682" role=""/>
  <member type="way" ref="503171684" role=""/>
  <member type="way" ref="157404555" role="forward"/>
  <member type="way" ref="157404559" role="forward"/>
  <member type="way" ref="157404561" role=""/>
  <member type="way" ref="157404539" role=""/>
  <member type="way" ref="157404548" role=""/>
  <member type="way" ref="157404544" role=""/>
  <member type="way" ref="670385817" role=""/>
  <member type="way" ref="670385818" role=""/>
  <member type="way" ref="157404550" role=""/>
  <member type="way" ref="428153829" role=""/>
  <member type="way" ref="428153839" role=""/>
  <member type="way" ref="428153822" role=""/>
  <member type="way" ref="428153820" role=""/>
  <member type="way" ref="428153834" role=""/>
  <member type="way" ref="428153824" role=""/>
  <member type="way" ref="204123438" role=""/>
  <member type="way" ref="780313523" role=""/>
  <member type="way" ref="204124835" role=""/>
  <member type="way" ref="693388174" role=""/>
  <member type="way" ref="693388173" role=""/>
  <member type="way" ref="693388178" role=""/>
  <member type="way" ref="693388179" role=""/>
  <member type="way" ref="239577828" role=""/>
  <member type="way" ref="1034343730" role=""/>
  <member type="way" ref="943506798" role=""/>
  <member type="way" ref="1121006705" role=""/>
  <member type="way" ref="1416907236" role=""/>
  <member type="way" ref="542842351" role=""/>
  <member type="way" ref="152613203" role=""/>
  <member type="way" ref="182705808" role=""/>
  <member type="way" ref="1115657134" role=""/>
  <member type="way" ref="182707430" role=""/>
  <member type="way" ref="1378377573" role=""/>
  <member type="way" ref="152613190" role=""/>
  <member type="way" ref="152613181" role=""/>
  <member type="way" ref="241267905" role=""/>
  <member type="way" ref="241267903" role=""/>
  <member type="way" ref="1058237933" role=""/>
  <member type="way" ref="25719825" role=""/>
  <member type="way" ref="154852812" role=""/>
  <member type="way" ref="138390994" role=""/>
  <member type="way" ref="229412616" role=""/>
  <member type="way" ref="138391002" role=""/>
  <member type="way" ref="182886991" role=""/>
  <member type="way" ref="627480107" role=""/>
  <member type="way" ref="458824578" role=""/>
  <member type="way" ref="36786461" role=""/>
  <member type="way" ref="458824580" role=""/>
  <member type="way" ref="36786460" role=""/>
  <member type="way" ref="36786459" role=""/>
  <member type="way" ref="1239432727" role=""/>
  <member type="way" ref="271406692" role=""/>
  <member type="way" ref="311750365" role=""/>
  <member type="way" ref="986988023" role=""/>
  <member type="way" ref="271406695" role=""/>
  <member type="way" ref="1239432747" role=""/>
  <member type="way" ref="732631773" role=""/>
  <member type="way" ref="4839370" role=""/>
  <member type="way" ref="1385649487" role=""/>
  <member type="way" ref="1385649485" role=""/>
  <member type="way" ref="1385649484" role=""/>
  <member type="way" ref="1385902789" role=""/>
  <member type="way" ref="1385902791" role=""/>
  <member type="way" ref="1385902793" role=""/>
  <member type="way" ref="1385902794" role=""/>
  <member type="way" ref="625868371" role=""/>
  <member type="way" ref="821403518" role=""/>
  <member type="way" ref="741064214" role=""/>
  <member type="way" ref="463696434" role=""/>
  <member type="way" ref="478981682" role=""/>
  <member type="way" ref="353756759" role=""/>
  <member type="way" ref="851929012" role=""/>
  <member type="way" ref="154551588" role=""/>
  <member type="way" ref="27167600" role=""/>
  <member type="way" ref="448863852" role=""/>
  <member type="way" ref="448863851" role=""/>
  <member type="way" ref="382190427" role=""/>
  <member type="way" ref="382190426" role=""/>
  <member type="way" ref="27167599" role=""/>
  <member type="way" ref="853237551" role=""/>
  <member type="way" ref="853237550" role=""/>
  <member type="way" ref="382190432" role=""/>
  <member type="way" ref="27167597" role=""/>
  <member type="way" ref="448894914" role=""/>
  <member type="way" ref="448894917" role=""/>
  <member type="way" ref="448894915" role=""/>
  <member type="way" ref="448894916" role=""/>
  <member type="way" ref="448911219" role=""/>
  <member type="way" ref="448911220" role=""/>
  <member type="way" ref="25260979" role=""/>
  <member type="way" ref="397924273" role=""/>
  <member type="way" ref="397924261" role=""/>
  <member type="way" ref="397924267" role=""/>
  <member type="way" ref="397924265" role=""/>
  <member type="way" ref="852989154" role=""/>
  <member type="way" ref="852989155" role=""/>
  <member type="way" ref="31099645" role=""/>
  <member type="way" ref="449004484" role=""/>
  <member type="way" ref="449004483" role=""/>
  <member type="way" ref="397924266" role=""/>
  <member type="way" ref="852989202" role=""/>
  <member type="way" ref="852989201" role=""/>
  <member type="way" ref="887882724" role=""/>
  <member type="way" ref="449008060" role=""/>
  <member type="way" ref="449008063" role=""/>
  <member type="way" ref="449008061" role=""/>
  <member type="way" ref="449008059" role=""/>
  <member type="way" ref="449008062" role=""/>
  <member type="way" ref="449008057" role=""/>
  <member type="way" ref="449008058" role=""/>
  <member type="way" ref="449586122" role=""/>
  <member type="way" ref="449586123" role=""/>
  <member type="way" ref="449008064" role=""/>
  <member type="way" ref="361229470" role=""/>
  <member type="way" ref="361229472" role=""/>
  <member type="way" ref="265236826" role=""/>
  <member type="way" ref="265236827" role=""/>
  <member type="way" ref="361229471" role=""/>
  <member type="way" ref="449586127" role=""/>
  <member type="way" ref="449586125" role=""/>
  <member type="way" ref="361229473" role=""/>
  <member type="way" ref="449586124" role=""/>
  <member type="way" ref="449586126" role=""/>
  <member type="way" ref="395848933" role=""/>
  <member type="way" ref="395848930" role=""/>
  <member type="way" ref="395848934" role=""/>
  <member type="way" ref="449589170" role=""/>
  <member type="way" ref="449589169" role=""/>
  <member type="way" ref="395848931" role=""/>
  <member type="way" ref="449591843" role=""/>
  <member type="way" ref="449591842" role=""/>
  <member type="way" ref="395848932" role=""/>
  <member type="way" ref="395848935" role=""/>
  <member type="way" ref="395856497" role=""/>
  <member type="way" ref="395856496" role=""/>
  <member type="way" ref="25260867" role=""/>
  <member type="way" ref="449593862" role=""/>
  <member type="way" ref="449593861" role=""/>
  <member type="way" ref="184429291" role=""/>
  <member type="way" ref="265174033" role=""/>
  <member type="way" ref="265174037" role=""/>
  <member type="way" ref="184429288" role=""/>
  <member type="way" ref="535058179" role=""/>
  <member type="way" ref="138391042" role=""/>
  <member type="way" ref="320049806" role=""/>
  <member type="way" ref="320049807" role=""/>
  <member type="way" ref="70417134" role=""/>
  <member type="way" ref="102997033" role=""/>
  <member type="way" ref="326741389" role=""/>
  <member type="way" ref="229412614" role=""/>
  <member type="way" ref="843436338" role=""/>
  <member type="way" ref="843436339" role=""/>
  <member type="way" ref="977968499" role=""/>
  <member type="way" ref="977968497" role=""/>
  <member type="way" ref="977968494" role=""/>
  <member type="way" ref="977968501" role=""/>
  <member type="way" ref="886653864" role=""/>
  <member type="way" ref="977968503" role=""/>
  <member type="way" ref="796319483" role=""/>
  <member type="way" ref="977968498" role=""/>
  <member type="way" ref="977968500" role=""/>
  <member type="way" ref="183892914" role=""/>
  <member type="way" ref="886653788" role=""/>
  <member type="way" ref="886653787" role=""/>
  <member type="way" ref="1455850916" role=""/>
  <member type="way" ref="1455850915" role=""/>
  <member type="way" ref="149525122" role=""/>
  <member type="way" ref="149525124" role=""/>
  <member type="way" ref="149525123" role=""/>
  <member type="way" ref="149525119" role=""/>
  <member type="way" ref="149524246" role=""/>
  <member type="way" ref="465927039" role=""/>
  <member type="way" ref="465927038" role=""/>
  <member type="way" ref="149524243" role=""/>
  <member type="way" ref="1064286740" role=""/>
  <member type="way" ref="149519171" role=""/>
  <member type="way" ref="166880199" role=""/>
  <member type="way" ref="166880190" role=""/>
  <member type="way" ref="436210949" role=""/>
  <member type="way" ref="166880205" role=""/>
  <member type="way" ref="166880212" role=""/>
  <member type="way" ref="166880211" role=""/>
  <member type="way" ref="783881917" role=""/>
  <member type="way" ref="783881918" role=""/>
  <member type="way" ref="783881916" role=""/>
  <member type="way" ref="542964485" role=""/>
  <member type="way" ref="210037958" role=""/>
  <member type="way" ref="1318167576" role=""/>
  <member type="way" ref="146443574" role=""/>
  <member type="way" ref="1318430335" role=""/>
  <member type="way" ref="1059445761" role=""/>
  <member type="way" ref="1059445760" role=""/>
  <member type="way" ref="1318600814" role=""/>
  <member type="way" ref="518534357" role=""/>
  <member type="way" ref="1318600815" role=""/>
  <member type="way" ref="1318032173" role=""/>
  <member type="way" ref="1318032175" role=""/>
  <member type="way" ref="958368934" role=""/>
  <member type="way" ref="958368935" role=""/>
  <member type="way" ref="212732877" role=""/>
  <member type="way" ref="1034079891" role=""/>
  <member type="way" ref="1034079892" role=""/>
  <member type="way" ref="504114353" role=""/>
  <member type="way" ref="320105278" role=""/>
  <member type="way" ref="320105306" role=""/>
  <member type="way" ref="1034079882" role=""/>
  <member type="way" ref="49856576" role=""/>
  <member type="way" ref="625868372" role=""/>
  <member type="way" ref="821403517" role=""/>
  <member type="way" ref="821403516" role=""/>
  <member type="way" ref="1385902787" role=""/>
  <member type="way" ref="1385902785" role=""/>
  <member type="way" ref="391825456" role=""/>
  <member type="way" ref="1385649486" role=""/>
  <member type="way" ref="282848323" role=""/>
  <member type="way" ref="107124783" role=""/>
  <member type="way" ref="262495916" role=""/>
  <member type="way" ref="262534071" role=""/>
  <member type="way" ref="1077636344" role=""/>
  <member type="way" ref="49833173" role=""/>
  <member type="way" ref="310784513" role=""/>
  <member type="way" ref="310784514" role=""/>
  <member type="way" ref="262534068" role=""/>
  <member type="way" ref="478999650" role=""/>
  <member type="way" ref="478999649" role=""/>
  <member type="way" ref="49833164" role=""/>
  <member type="way" ref="451283917" role=""/>
  <member type="way" ref="451283919" role=""/>
  <member type="way" ref="310926528" role=""/>
  <member type="way" ref="310926527" role=""/>
  <member type="way" ref="310946617" role=""/>
  <member type="way" ref="310946620" role=""/>
  <member type="way" ref="310946616" role=""/>
  <member type="way" ref="310946621" role=""/>
  <member type="way" ref="310946615" role=""/>
  <member type="way" ref="310946619" role=""/>
  <member type="way" ref="310946622" role=""/>
  <member type="way" ref="310946611" role=""/>
  <member type="way" ref="310946618" role=""/>
  <member type="way" ref="310946612" role=""/>
  <member type="way" ref="311014986" role=""/>
  <member type="way" ref="451283914" role=""/>
  <member type="way" ref="451283915" role=""/>
  <member type="way" ref="451283916" role=""/>
  <member type="way" ref="451283918" role=""/>
  <member type="way" ref="311014984" role=""/>
  <member type="way" ref="436342895" role=""/>
  <member type="way" ref="436342897" role=""/>
  <member type="way" ref="436342896" role=""/>
  <member type="way" ref="971317803" role=""/>
  <member type="way" ref="971317802" role=""/>
  <member type="way" ref="436342898" role=""/>
  <member type="way" ref="389357938" role=""/>
  <member type="way" ref="389357939" role=""/>
  <member type="way" ref="451288404" role=""/>
  <member type="way" ref="451288399" role=""/>
  <member type="way" ref="403520511" role=""/>
  <member type="way" ref="403520510" role=""/>
  <member type="way" ref="341962764" role=""/>
  <member type="way" ref="341962765" role=""/>
  <member type="way" ref="403520512" role=""/>
  <member type="way" ref="954928213" role=""/>
  <member type="way" ref="954928212" role=""/>
  <member type="way" ref="49833176" role=""/>
  <member type="way" ref="436361700" role=""/>
  <member type="way" ref="49833179" role=""/>
  <member type="way" ref="625077615" role=""/>
  <member type="way" ref="625077616" role=""/>
  <member type="way" ref="84142813" role=""/>
  <member type="way" ref="1076290157" role=""/>
  <member type="way" ref="84142777" role=""/>
  <member type="way" ref="1562672796" role=""/>
  <member type="way" ref="1562672795" role=""/>
  <member type="way" ref="49833180" role=""/>
  <member type="way" ref="166702956" role=""/>
  <member type="way" ref="452028919" role=""/>
  <member type="way" ref="452028918" role=""/>
  <member type="way" ref="166702957" role=""/>
  <member type="way" ref="1451940750" role=""/>
  <member type="way" ref="1451940749" role=""/>
  <member type="way" ref="49833175" role=""/>
  <member type="way" ref="439460142" role=""/>
  <member type="way" ref="452032574" role=""/>
  <member type="way" ref="452032572" role=""/>
  <member type="way" ref="1076290151" role=""/>
  <member type="way" ref="439460143" role=""/>
  <member type="way" ref="49833165" role=""/>
  <member type="way" ref="452032573" role=""/>
  <member type="way" ref="411683110" role=""/>
  <member type="way" ref="452117016" role=""/>
  <member type="way" ref="452117009" role=""/>
  <member type="way" ref="452117012" role=""/>
  <member type="way" ref="49833184" role=""/>
  <member type="way" ref="301430662" role=""/>
  <member type="way" ref="301430663" role=""/>
  <member type="way" ref="452117015" role=""/>
  <member type="way" ref="1233845545" role=""/>
  <member type="way" ref="1233845544" role=""/>
  <member type="way" ref="1233845523" role=""/>
  <member type="way" ref="1233845522" role=""/>
  <member type="way" ref="452117010" role=""/>
  <member type="way" ref="1233845529" role=""/>
  <member type="way" ref="1233845528" role=""/>
  <member type="way" ref="1075051254" role=""/>
  <member type="way" ref="1147392021" role=""/>
  <member type="way" ref="256944952" role=""/>
  <member type="way" ref="330150272" role=""/>
  <member type="way" ref="252171595" role=""/>
  <member type="way" ref="252171607" role=""/>
  <member type="way" ref="252171534" role=""/>
  <member type="way" ref="1037078681" role=""/>
  <member type="way" ref="1037078680" role=""/>
  <member type="way" ref="1037078678" role=""/>
  <member type="way" ref="1037078677" role=""/>
  <member type="way" ref="1011844463" role=""/>
  <member type="way" ref="1011844464" role=""/>
  <member type="way" ref="1003797061" role=""/>
  <member type="way" ref="1037078674" role=""/>
  <member type="way" ref="1037078673" role=""/>
  <member type="way" ref="1003308471" role=""/>
  <member type="way" ref="1037078670" role=""/>
  <member type="way" ref="1037078671" role=""/>
  <member type="way" ref="1003308467" role=""/>
  <member type="way" ref="311978002" role=""/>
  <member type="way" ref="1430439959" role=""/>
  <member type="way" ref="1430439960" role=""/>
  <member type="way" ref="1430439958" role=""/>
  <member type="way" ref="1430439957" role=""/>
  <member type="way" ref="1430439987" role=""/>
  <member type="way" ref="1430439980" role=""/>
  <member type="way" ref="1430439983" role=""/>
  <member type="way" ref="1430439979" role=""/>
  <member type="way" ref="1430439984" role=""/>
  <member type="way" ref="699449680" role=""/>
  <member type="way" ref="1430439973" role=""/>
  <member type="way" ref="1104433929" role=""/>
  <member type="way" ref="1430440027" role=""/>
  <member type="way" ref="1430440026" role=""/>
  <member type="way" ref="699449681" role=""/>
  <member type="way" ref="699449682" role=""/>
  <member type="way" ref="699449683" role=""/>
  <member type="way" ref="1075051250" role=""/>
  <member type="way" ref="549371379" role=""/>
  <member type="way" ref="305069945" role=""/>
  <member type="way" ref="305069947" role=""/>
  <member type="way" ref="369542668" role=""/>
  <member type="way" ref="305069942" role=""/>
  <member type="way" ref="369542665" role=""/>
  <member type="way" ref="305069941" role=""/>
  <member type="way" ref="776292019" role=""/>
  <member type="way" ref="302386592" role=""/>
  <member type="way" ref="776292021" role=""/>
  <member type="way" ref="302386596" role=""/>
  <member type="way" ref="369542666" role=""/>
  <member type="way" ref="369542669" role=""/>
  <member type="way" ref="45872606" role=""/>
  <member type="way" ref="1558275225" role=""/>
  <member type="way" ref="1558275226" role=""/>
  <member type="way" ref="310504549" role=""/>
  <member type="way" ref="1034343716" role=""/>
  <member type="way" ref="1034343726" role=""/>
  <member type="way" ref="1034343724" role=""/>
  <member type="way" ref="1248759518" role=""/>
  <member type="way" ref="1473636534" role=""/>
  <member type="way" ref="1473636535" role=""/>
  <member type="way" ref="1034343725" role=""/>
  <member type="way" ref="1034343718" role=""/>
  <member type="way" ref="1034343719" role=""/>
  <member type="way" ref="239577827" role=""/>
  <member type="way" ref="542100826" role=""/>
  <member type="way" ref="542100827" role=""/>
  <member type="way" ref="146443532" role=""/>
  <member type="way" ref="146443543" role=""/>
  <member type="way" ref="146443539" role=""/>
  <member type="way" ref="146443513" role=""/>
  <member type="way" ref="146443531" role=""/>
  <member type="way" ref="146443507" role=""/>
  <member type="way" ref="146443538" role=""/>
  <member type="way" ref="146443505" role=""/>
  <member type="way" ref="146443524" role=""/>
  <member type="way" ref="146443550" role=""/>
  <member type="way" ref="146443534" role=""/>
  <member type="way" ref="146443544" role=""/>
  <member type="way" ref="1318378974" role=""/>
  <member type="way" ref="146443523" role=""/>
  <member type="way" ref="146443511" role=""/>
  <member type="way" ref="146443549" role=""/>
  <member type="way" ref="146443556" role=""/>
  <member type="way" ref="107124766" role=""/>
  <member type="way" ref="1077636342" role=""/>
  <member type="way" ref="103462713" role=""/>
  <member type="way" ref="184550076" role=""/>
  <member type="way" ref="103462721" role=""/>
  <member type="way" ref="479626833" role=""/>
  <member type="way" ref="479626837" role=""/>
  <member type="way" ref="103462714" role=""/>
  <member type="way" ref="491840463" role=""/>
  <member type="way" ref="491840462" role=""/>
  <member type="way" ref="184550176" role=""/>
  <member type="way" ref="255138140" role=""/>
  <member type="way" ref="255138106" role=""/>
  <member type="way" ref="450951829" role=""/>
  <member type="way" ref="450951835" role=""/>
  <member type="way" ref="260820324" role=""/>
  <member type="way" ref="260820325" role=""/>
  <member type="way" ref="257726075" role=""/>
  <member type="way" ref="257726076" role=""/>
  <member type="way" ref="84135696" role=""/>
  <member type="way" ref="84135866" role=""/>
  <member type="way" ref="84135759" role=""/>
  <member type="way" ref="35472024" role=""/>
  <member type="way" ref="260744635" role=""/>
  <member type="way" ref="1280152879" role=""/>
  <member type="way" ref="1280152880" role=""/>
  <member type="way" ref="260744636" role=""/>
  <member type="way" ref="363696917" role=""/>
  <member type="way" ref="752117203" role=""/>
  <member type="way" ref="752117202" role=""/>
  <member type="way" ref="363696918" role=""/>
  <member type="way" ref="976022855" role=""/>
  <member type="way" ref="976022856" role=""/>
  <member type="way" ref="35472025" role=""/>
  <member type="way" ref="35472026" role=""/>
  <member type="way" ref="311151582" role=""/>
  <member type="way" ref="450687864" role=""/>
  <member type="way" ref="450687863" role=""/>
  <member type="way" ref="311151578" role=""/>
  <member type="way" ref="255180340" role=""/>
  <member type="way" ref="255180344" role=""/>
  <member type="way" ref="255180343" role=""/>
  <member type="way" ref="255180338" role=""/>
  <member type="way" ref="258092927" role=""/>
  <member type="way" ref="258092928" role=""/>
  <member type="way" ref="262164367" role=""/>
  <member type="way" ref="262164370" role=""/>
  <member type="way" ref="35472031" role=""/>
  <member type="way" ref="311151583" role=""/>
  <member type="way" ref="311151585" role=""/>
  <member type="way" ref="311151580" role=""/>
  <member type="way" ref="311151584" role=""/>
  <member type="way" ref="311151581" role=""/>
  <member type="way" ref="311151579" role=""/>
  <member type="way" ref="35472029" role=""/>
  <member type="way" ref="258270109" role=""/>
  <member type="way" ref="258270100" role=""/>
  <member type="way" ref="258270115" role=""/>
  <member type="way" ref="258270118" role=""/>
  <member type="way" ref="258304359" role=""/>
  <member type="way" ref="258304354" role=""/>
  <member type="way" ref="258304364" role=""/>
  <member type="way" ref="258304351" role=""/>
  <member type="way" ref="258304361" role=""/>
  <member type="way" ref="258304368" role=""/>
  <member type="way" ref="258304363" role=""/>
  <member type="way" ref="258304365" role=""/>
  <member type="way" ref="258304356" role=""/>
  <member type="way" ref="258304372" role=""/>
  <member type="way" ref="35472032" role=""/>
  <member type="way" ref="258358099" role=""/>
  <member type="way" ref="258358100" role=""/>
  <member type="way" ref="258443504" role=""/>
  <member type="way" ref="258443514" role=""/>
  <member type="way" ref="258359308" role=""/>
  <member type="way" ref="258359309" role=""/>
  <member type="way" ref="258443508" role=""/>
  <member type="way" ref="258443512" role=""/>
  <member type="way" ref="258443505" role=""/>
  <member type="way" ref="258443509" role=""/>
  <member type="way" ref="35472034" role=""/>
  <member type="way" ref="258443502" role=""/>
  <member type="way" ref="258443516" role=""/>
  <member type="way" ref="258443501" role=""/>
  <member type="way" ref="258443510" role=""/>
  <member type="way" ref="258443503" role=""/>
  <member type="way" ref="258443513" role=""/>
  <member type="way" ref="258443511" role=""/>
  <member type="way" ref="258443515" role=""/>
  <member type="way" ref="35476722" role=""/>
  <member type="way" ref="435629245" role=""/>
  <member type="way" ref="657042975" role=""/>
  <member type="way" ref="657042974" role=""/>
  <member type="way" ref="552095127" role=""/>
  <member type="way" ref="49852795" role=""/>
  <member type="way" ref="35476720" role=""/>
  <member type="way" ref="67147541" role=""/>
  <member type="way" ref="552095126" role=""/>
  <member type="way" ref="450684147" role=""/>
  <member type="way" ref="258539058" role=""/>
  <member type="way" ref="49852794" role=""/>
  <member type="way" ref="259335699" role=""/>
  <member type="way" ref="259335700" role=""/>
  <member type="way" ref="164033043" role=""/>
  <member type="way" ref="450633326" role=""/>
  <member type="way" ref="450633327" role=""/>
  <member type="way" ref="259339881" role=""/>
  <member type="way" ref="35476719" role=""/>
  <member type="way" ref="259371703" role=""/>
  <member type="way" ref="259371705" role=""/>
  <member type="way" ref="259371698" role=""/>
  <member type="way" ref="259371690" role=""/>
  <member type="way" ref="259339880" role=""/>
  <member type="way" ref="259339883" role=""/>
  <member type="way" ref="259371700" role=""/>
  <member type="way" ref="259371707" role=""/>
  <member type="way" ref="450421074" role=""/>
  <member type="way" ref="450421073" role=""/>
  <member type="way" ref="259339879" role=""/>
  <member type="way" ref="259339882" role=""/>
  <member type="way" ref="259392467" role=""/>
  <member type="way" ref="259392468" role=""/>
  <member type="way" ref="259392466" role=""/>
  <member type="way" ref="259392465" role=""/>
  <member type="way" ref="450415992" role=""/>
  <member type="way" ref="450415993" role=""/>
  <member type="way" ref="35476715" role=""/>
  <member type="way" ref="261490849" role=""/>
  <member type="way" ref="35476714" role=""/>
  <member type="way" ref="450045520" role=""/>
  <member type="way" ref="450045521" role=""/>
  <member type="way" ref="450045519" role=""/>
  <member type="way" ref="450045522" role=""/>
  <member type="way" ref="412813980" role=""/>
  <member type="way" ref="412813981" role=""/>
  <member type="way" ref="264950820" role=""/>
  <member type="way" ref="412818857" role=""/>
  <member type="way" ref="450046295" role=""/>
  <member type="way" ref="450046298" role=""/>
  <member type="way" ref="412818856" role=""/>
  <member type="way" ref="450046300" role=""/>
  <member type="way" ref="450046296" role=""/>
  <member type="way" ref="450046292" role=""/>
  <member type="way" ref="450046294" role=""/>
  <member type="way" ref="450046291" role=""/>
  <member type="way" ref="450046297" role=""/>
  <member type="way" ref="450046299" role=""/>
  <member type="way" ref="450046293" role=""/>
  <member type="way" ref="264950813" role=""/>
  <member type="way" ref="35476724" role=""/>
  <member type="way" ref="361144604" role=""/>
  <member type="way" ref="1472706479" role=""/>
  <member type="way" ref="361144605" role=""/>
  <member type="way" ref="264198016" role=""/>
  <member type="way" ref="264198017" role=""/>
  <member type="way" ref="35476710" role=""/>
  <member type="way" ref="450041400" role=""/>
  <member type="way" ref="450041399" role=""/>
  <member type="way" ref="35476711" role=""/>
  <member type="way" ref="450040558" role=""/>
  <member type="way" ref="450040557" role=""/>
  <member type="way" ref="1449559740" role=""/>
  <member type="way" ref="27920411" role=""/>
  <member type="way" ref="450039485" role=""/>
  <member type="way" ref="450039486" role=""/>
  <member type="way" ref="35476406" role=""/>
  <member type="way" ref="1108127114" role=""/>
  <member type="way" ref="621042712" role=""/>
  <member type="way" ref="1449559736" role=""/>
  <member type="way" ref="134200081" role=""/>
  <member type="way" ref="26304586" role=""/>
  <member type="way" ref="1194045403" role=""/>
  <member type="way" ref="1194045402" role=""/>
  <member type="way" ref="190101335" role=""/>
  <member type="way" ref="190101332" role=""/>
  <member type="way" ref="42492412" role=""/>
  <member type="way" ref="190101328" role=""/>
  <member type="way" ref="190101337" role=""/>
  <member type="way" ref="190101339" role=""/>
  <member type="way" ref="172832449" role=""/>
  <member type="way" ref="54817846" role=""/>
  <member type="way" ref="54817847" role=""/>
  <member type="way" ref="172834157" role=""/>
  <member type="way" ref="54813208" role=""/>
  <member type="way" ref="132752188" role=""/>
  <member type="way" ref="1146410476" role=""/>
  <member type="way" ref="398651490" role=""/>
  <member type="way" ref="1065103044" role=""/>
  <member type="way" ref="1065103045" role=""/>
  <member type="way" ref="1169524786" role=""/>
  <member type="way" ref="1220433175" role=""/>
  <member type="way" ref="1220433176" role=""/>
  <member type="way" ref="1079235287" role=""/>
  <member type="way" ref="1079235288" role=""/>
  <member type="way" ref="1120685437" role=""/>
  <member type="way" ref="132752191" role=""/>
  <member type="way" ref="1120685438" role=""/>
  <member type="way" ref="172838013" role=""/>
  <member type="way" ref="172838011" role=""/>
  <member type="way" ref="985853772" role=""/>
  <member type="way" ref="985853771" role=""/>
  <member type="way" ref="936275363" role=""/>
  <member type="way" ref="936275364" role=""/>
  <member type="way" ref="1146410485" role=""/>
  <member type="way" ref="1280766166" role=""/>
  <member type="way" ref="172830893" role=""/>
  <member type="way" ref="998322411" role=""/>
  <member type="way" ref="998322412" role=""/>
  <member type="way" ref="25719849" role=""/>
  <member type="way" ref="113679896" role=""/>
  <member type="way" ref="113679872" role=""/>
  <member type="way" ref="324065467" role=""/>
  <member type="way" ref="122910482" role=""/>
  <member type="way" ref="1017803699" role=""/>
  <member type="way" ref="1017803702" role=""/>
  <member type="way" ref="1017803700" role=""/>
  <member type="way" ref="1017803701" role=""/>
  <member type="way" ref="1017803706" role=""/>
  <member type="way" ref="1017803705" role=""/>
  <member type="way" ref="1017803707" role=""/>
  <member type="way" ref="1017803723" role=""/>
  <member type="way" ref="1017803722" role=""/>
  <member type="way" ref="1017803681" role=""/>
  <member type="way" ref="1017803683" role=""/>
  <member type="way" ref="1017803682" role=""/>
  <member type="way" ref="1017803670" role=""/>
  <member type="way" ref="930272466" role=""/>
  <member type="way" ref="930272464" role=""/>
  <member type="way" ref="930272465" role=""/>
  <member type="way" ref="930272463" role=""/>
  <member type="way" ref="340853212" role=""/>
  <member type="way" ref="1385894691" role=""/>
  <member type="way" ref="1069194653" role=""/>
  <member type="way" ref="1069194655" role=""/>
  <member type="way" ref="1069194654" role=""/>
  <member type="way" ref="1069899924" role=""/>
  <member type="way" ref="1069899925" role=""/>
  <member type="way" ref="1069899922" role=""/>
  <member type="way" ref="1385894693" role=""/>
  <member type="way" ref="340867381" role=""/>
  <member type="way" ref="1385894694" role=""/>
  <member type="way" ref="340853213" role=""/>
  <member type="way" ref="1238103556" role=""/>
  <member type="way" ref="32850202" role=""/>
  <member type="way" ref="340867369" role=""/>
  <member type="way" ref="1385894695" role=""/>
  <member type="way" ref="340867370" role=""/>
  <member type="way" ref="512064227" role=""/>
  <member type="way" ref="1017803620" role=""/>
  <member type="way" ref="512064226" role=""/>
  <member type="way" ref="1017803628" role=""/>
  <member type="way" ref="1017803626" role=""/>
  <member type="way" ref="1017803649" role=""/>
  <member type="way" ref="1017803631" role=""/>
  <member type="way" ref="1017803634" role=""/>
  <member type="way" ref="1017803635" role=""/>
  <member type="way" ref="1017803637" role=""/>
  <member type="way" ref="1017803640" role=""/>
  <member type="way" ref="1017803641" role=""/>
  <member type="way" ref="1017803647" role=""/>
  <member type="way" ref="1017803648" role=""/>
  <member type="way" ref="1017803656" role=""/>
  <member type="way" ref="1017803650" role=""/>
  <member type="way" ref="1017803651" role=""/>
  <member type="way" ref="1068493885" role=""/>
  <member type="way" ref="1017803652" role=""/>
  <member type="way" ref="1068493886" role=""/>
  <member type="way" ref="122910479" role=""/>
  <member type="way" ref="122910481" role=""/>
  <member type="way" ref="122910480" role=""/>
  <member type="way" ref="532055217" role=""/>
  <member type="way" ref="732644200" role=""/>
  <member type="way" ref="732644199" role=""/>
  <member type="way" ref="732644198" role=""/>
  <member type="way" ref="122910484" role=""/>
  <member type="way" ref="732644242" role=""/>
  <member type="way" ref="732644243" role=""/>
  <member type="way" ref="732644249" role=""/>
  <member type="way" ref="732644250" role=""/>
  <member type="way" ref="532055295" role=""/>
  <member type="way" ref="1290910778" role=""/>
  <member type="way" ref="1290910777" role=""/>
  <member type="way" ref="532055306" role=""/>
  <member type="way" ref="532055302" role=""/>
  <member type="way" ref="532055300" role=""/>
  <member type="way" ref="532055310" role=""/>
  <member type="way" ref="1290910779" role=""/>
  <member type="way" ref="532055309" role=""/>
  <member type="way" ref="1290910776" role=""/>
  <member type="way" ref="532055307" role=""/>
  <member type="way" ref="532055290" role=""/>
  <member type="way" ref="732644248" role=""/>
  <member type="way" ref="732644241" role=""/>
  <member type="way" ref="732644238" role=""/>
  <member type="way" ref="546889432" role=""/>
  <member type="way" ref="732644220" role=""/>
  <member type="way" ref="732644219" role=""/>
  <member type="way" ref="732644218" role=""/>
  <member type="way" ref="732644217" role=""/>
  <member type="way" ref="732644216" role=""/>
  <member type="way" ref="732644215" role=""/>
  <member type="way" ref="732644214" role=""/>
  <member type="way" ref="732644213" role=""/>
  <member type="way" ref="732644212" role=""/>
  <member type="way" ref="732644209" role=""/>
  <member type="way" ref="732644208" role=""/>
  <member type="way" ref="732644207" role=""/>
  <member type="way" ref="532055227" role=""/>
  <member type="way" ref="732644202" role=""/>
  <member type="way" ref="1290910781" role=""/>
  <member type="way" ref="732644203" role=""/>
  <member type="way" ref="732644204" role=""/>
  <member type="way" ref="732644205" role=""/>
  <member type="way" ref="320052918" role=""/>
  <member type="way" ref="787988874" role=""/>
  <member type="way" ref="787988873" role=""/>
  <member type="way" ref="127079974" role=""/>
  <member type="way" ref="127079921" role=""/>
  <member type="way" ref="113679884" role=""/>
  <member type="way" ref="1121006703" role=""/>
  <member type="way" ref="1167682579" role=""/>
  <member type="way" ref="1121006704" role=""/>
  <member type="way" ref="182695544" role=""/>
  <member type="way" ref="201307355" role=""/>
  <member type="way" ref="1240663175" role=""/>
  <member type="way" ref="201307350" role=""/>
  <member type="way" ref="1174252438" role=""/>
  <member type="way" ref="201307347" role=""/>
  <member type="way" ref="1258287989" role=""/>
  <member type="way" ref="1416048205" role=""/>
  <member type="way" ref="1174252435" role=""/>
  <member type="way" ref="1058237938" role=""/>
  <member type="way" ref="1417987261" role=""/>
  <member type="way" ref="201307341" role=""/>
  <member type="way" ref="1119629560" role=""/>
  <member type="way" ref="201307352" role=""/>
  <member type="way" ref="1115657138" role=""/>
  <member type="way" ref="1115633406" role=""/>
  <member type="way" ref="1115633401" role=""/>
  <member type="way" ref="1115657137" role=""/>
  <member type="way" ref="201307351" role=""/>
  <member type="way" ref="201307343" role=""/>
  <member type="way" ref="201307342" role=""/>
  <member type="way" ref="1417557012" role=""/>
  <member type="way" ref="1058237935" role=""/>
  <member type="way" ref="1058237936" role=""/>
  <member type="way" ref="1174252434" role=""/>
  <member type="way" ref="1416048203" role=""/>
  <member type="way" ref="1258287988" role=""/>
  <member type="way" ref="201307346" role=""/>
  <member type="way" ref="201307349" role=""/>
  <member type="way" ref="1240663176" role=""/>
  <member type="way" ref="1416907238" role=""/>
  <member type="way" ref="172823233" role=""/>
  <member type="way" ref="154852811" role=""/>
  <member type="way" ref="1167479548" role=""/>
  <member type="way" ref="1416907235" role=""/>
  <member type="way" ref="1121006708" role=""/>
  <member type="way" ref="201303024" role=""/>
  <member type="way" ref="1219311841" role=""/>
  <member type="way" ref="201303026" role=""/>
  <member type="way" ref="201303027" role=""/>
  <member type="way" ref="201297238" role=""/>
  <member type="way" ref="1193320650" role=""/>
  <member type="way" ref="1416649816" role=""/>
  <member type="way" ref="152613201" role=""/>
  <member type="way" ref="1219311839" role=""/>
  <member type="way" ref="1378377568" role=""/>
  <member type="way" ref="1115657141" role=""/>
  <member type="way" ref="152613188" role=""/>
  <member type="way" ref="152613180" role=""/>
  <member type="way" ref="152613191" role=""/>
  <member type="way" ref="119983705" role=""/>
  <member type="way" ref="42372296" role=""/>
  <member type="way" ref="1013622722" role=""/>
  <member type="way" ref="29422061" role=""/>
  <member type="way" ref="165628842" role=""/>
  <member type="way" ref="165628759" role=""/>
  <member type="way" ref="165628840" role=""/>
  <member type="way" ref="1303603155" role=""/>
  <member type="way" ref="186110180" role=""/>
  <member type="way" ref="1067113838" role=""/>
  <member type="way" ref="1239406965" role=""/>
  <member type="way" ref="1091808633" role=""/>
  <member type="way" ref="1058034566" role=""/>
  <member type="way" ref="1091840776" role=""/>
  <member type="way" ref="1097501341" role=""/>
  <member type="way" ref="1174281957" role=""/>
  <member type="way" ref="29421985" role=""/>
  <member type="way" ref="1364455485" role=""/>
  <member type="way" ref="32594233" role=""/>
  <member type="way" ref="1268325188" role=""/>
  <member type="way" ref="229616927" role=""/>
  <member type="way" ref="186109743" role=""/>
  <member type="way" ref="1091808634" role=""/>
  <member type="way" ref="29422026" role=""/>
  <member type="way" ref="29422145" role=""/>
  <member type="way" ref="190449486" role=""/>
  <member type="way" ref="1052396057" role=""/>
  <member type="way" ref="1067089852" role=""/>
  <member type="way" ref="1097501353" role=""/>
  <member type="way" ref="152171393" role=""/>
  <member type="way" ref="190444058" role=""/>
  <member type="way" ref="1084141135" role=""/>
  <member type="way" ref="160097702" role=""/>
  <member type="way" ref="1169593609" role=""/>
  <member type="way" ref="235271661" role=""/>
  <member type="way" ref="199907397" role=""/>
  <member type="way" ref="1072576146" role=""/>
  <member type="way" ref="1167131945" role=""/>
  <member type="way" ref="1072576046" role=""/>
  <member type="way" ref="29422230" role=""/>
  <member type="way" ref="1125221266" role=""/>
  <member type="way" ref="1034079883" role=""/>
  <member type="way" ref="309033434" role=""/>
  <member type="way" ref="402045149" role=""/>
  <member type="way" ref="309033435" role=""/>
  <member type="way" ref="958528344" role=""/>
  <member type="way" ref="958528343" role=""/>
  <member type="way" ref="534927537" role=""/>
  <member type="way" ref="534927535" role=""/>
  <member type="way" ref="534927536" role=""/>
  <member type="way" ref="309033440" role=""/>
  <member type="way" ref="221167082" role=""/>
  <member type="way" ref="146467997" role=""/>
  <member type="way" ref="146467988" role=""/>
  <member type="way" ref="146467984" role=""/>
  <member type="way" ref="146467986" role=""/>
  <member type="way" ref="146467993" role=""/>
  <member type="way" ref="146467992" role=""/>
  <member type="way" ref="146467995" role=""/>
  <member type="way" ref="1052889652" role=""/>
  <member type="way" ref="1052889653" role=""/>
  <member type="way" ref="1052889654" role=""/>
  <member type="way" ref="340290626" role=""/>
  <member type="way" ref="340290639" role=""/>
  <member type="way" ref="340290607" role=""/>
  <member type="way" ref="340290644" role=""/>
  <member type="way" ref="340290610" role=""/>
  <member type="way" ref="340290641" role=""/>
  <member type="way" ref="340290613" role=""/>
  <member type="way" ref="340290634" role=""/>
  <member type="way" ref="340290619" role=""/>
  <member type="way" ref="340290603" role=""/>
  <member type="way" ref="340258528" role=""/>
  <member type="way" ref="340258520" role=""/>
  <member type="way" ref="340290615" role=""/>
  <member type="way" ref="340290629" role=""/>
  <member type="way" ref="340290622" role=""/>
  <member type="way" ref="340290623" role=""/>
  <member type="way" ref="340290617" role=""/>
  <member type="way" ref="340290605" role=""/>
  <member type="way" ref="340128794" role=""/>
  <member type="way" ref="340128792" role=""/>
  <member type="way" ref="340128790" role=""/>
  <member type="way" ref="340128793" role=""/>
  <member type="way" ref="340128795" role=""/>
  <member type="way" ref="340263125" role=""/>
  <member type="way" ref="340263136" role=""/>
  <member type="way" ref="340258525" role=""/>
  <member type="way" ref="340258526" role=""/>
  <member type="way" ref="340258523" role=""/>
  <member type="way" ref="340258519" role=""/>
  <member type="way" ref="943729854" role=""/>
  <member type="way" ref="232566009" role=""/>
  <member type="way" ref="470989434" role=""/>
  <member type="way" ref="470989411" role=""/>
  <member type="way" ref="680978357" role=""/>
  <member type="way" ref="680978358" role=""/>
  <member type="way" ref="1058748724" role=""/>
  <member type="way" ref="350410445" role=""/>
  <member type="way" ref="786132932" role=""/>
  <member type="way" ref="943728135" role=""/>
  <member type="way" ref="207299262" role=""/>
  <member type="way" ref="790941295" role=""/>
  <member type="way" ref="674625622" role=""/>
  <member type="way" ref="674625623" role=""/>
  <member type="way" ref="345629258" role=""/>
  <member type="way" ref="418198254" role=""/>
  <member type="way" ref="418198264" role=""/>
  <member type="way" ref="338922158" role=""/>
  <member type="way" ref="418198266" role=""/>
  <member type="way" ref="418198268" role=""/>
  <member type="way" ref="418198262" role=""/>
  <member type="way" ref="418198267" role=""/>
  <member type="way" ref="418198263" role=""/>
  <member type="way" ref="1436727382" role=""/>
  <member type="way" ref="1436727383" role=""/>
  <member type="way" ref="372750702" role=""/>
  <member type="way" ref="372750703" role=""/>
  <member type="way" ref="1538234396" role=""/>
  <member type="way" ref="1538234397" role=""/>
  <member type="way" ref="792376412" role=""/>
  <member type="way" ref="1120486992" role=""/>
  <member type="way" ref="1120486991" role=""/>
  <member type="way" ref="338922157" role=""/>
  <member type="way" ref="1120486986" role=""/>
  <member type="way" ref="1120486985" role=""/>
  <member type="way" ref="338922159" role=""/>
  <member type="way" ref="1123476314" role=""/>
  <member type="way" ref="622581822" role=""/>
  <member type="way" ref="622581823" role=""/>
  <member type="way" ref="315982628" role=""/>
  <member type="way" ref="28607910" role=""/>
  <member type="way" ref="674280379" role=""/>
  <member type="way" ref="674280377" role=""/>
  <member type="way" ref="58422320" role=""/>
  <member type="way" ref="1214928836" role=""/>
  <member type="way" ref="58422322" role=""/>
  <member type="way" ref="1145166810" role=""/>
  <member type="way" ref="325387040" role=""/>
  <member type="way" ref="58425946" role=""/>
  <member type="way" ref="963541251" role=""/>
  <member type="way" ref="963541250" role=""/>
  <member type="way" ref="58425948" role=""/>
  <member type="way" ref="325387035" role=""/>
  <member type="way" ref="325387037" role=""/>
  <member type="way" ref="325387034" role=""/>
  <member type="way" ref="1145166807" role=""/>
  <member type="way" ref="968204003" role=""/>
  <member type="way" ref="1145917766" role=""/>
  <member type="way" ref="1145166805" role=""/>
  <member type="way" ref="968204004" role=""/>
  <member type="way" ref="1145917760" role=""/>
  <member type="way" ref="1145166804" role=""/>
  <member type="way" ref="1308721384" role=""/>
  <member type="way" ref="1308721383" role=""/>
  <member type="way" ref="1145166811" role=""/>
  <member type="way" ref="1145166822" role=""/>
  <member type="way" ref="1146177207" role=""/>
  <member type="way" ref="1185434271" role=""/>
  <member type="way" ref="1145166823" role=""/>
  <member type="way" ref="1219464625" role=""/>
  <member type="way" ref="426503209" role=""/>
  <member type="way" ref="1145917768" role=""/>
  <member type="way" ref="1145689829" role=""/>
  <member type="way" ref="936541263" role=""/>
  <member type="way" ref="426503239" role=""/>
  <member type="way" ref="367239299" role=""/>
  <member type="way" ref="1185872795" role=""/>
  <member type="way" ref="1145917773" role=""/>
  <member type="way" ref="426503203" role=""/>
  <member type="way" ref="1237488363" role=""/>
  <member type="way" ref="867231222" role=""/>
  <member type="way" ref="1146410488" role=""/>
  <member type="way" ref="1238226078" role=""/>
  <member type="way" ref="494834769" role=""/>
  <member type="way" ref="172838030" role=""/>
  <member type="way" ref="172838015" role=""/>
  <member type="way" ref="172838041" role=""/>
  <member type="way" ref="1167479549" role=""/>
  <member type="way" ref="236966359" role=""/>
  <member type="way" ref="236966370" role=""/>
  <member type="way" ref="236979943" role=""/>
  <member type="way" ref="103384239" role=""/>
  <member type="way" ref="103384317" role=""/>
  <member type="way" ref="103384327" role=""/>
  <member type="way" ref="1386132814" role=""/>
  <member type="way" ref="103384308" role=""/>
  <member type="way" ref="698008518" role=""/>
  <member type="way" ref="780339703" role=""/>
  <member type="way" ref="786132931" role=""/>
  <member type="way" ref="480378516" role=""/>
  <member type="way" ref="1051961312" role=""/>
  <member type="way" ref="1051961313" role=""/>
  <member type="way" ref="579979107" role=""/>
  <member type="way" ref="1063609696" role=""/>
  <member type="way" ref="1063609695" role=""/>
  <member type="way" ref="973085268" role=""/>
  <member type="way" ref="1125221264" role=""/>
  <member type="way" ref="1221476659" role=""/>
  <member type="way" ref="241451860" role=""/>
  <member type="way" ref="1011986516" role=""/>
  <member type="way" ref="1011189558" role=""/>
  <member type="way" ref="1084141841" role=""/>
  <member type="way" ref="199956342" role=""/>
  <member type="way" ref="199956343" role=""/>
  <member type="way" ref="1044626585" role=""/>
  <member type="way" ref="1058237934" role=""/>
  <member type="way" ref="241267906" role=""/>
  <member type="way" ref="152613184" role=""/>
  <member type="way" ref="542833986" role=""/>
  <member type="way" ref="182707393" role=""/>
  <member type="way" ref="152613189" role=""/>
  <member type="way" ref="152613185" role=""/>
  <member type="way" ref="29422013" role=""/>
  <member type="way" ref="119983704" role=""/>
  <member type="way" ref="1013622710" role=""/>
  <member type="way" ref="29422031" role=""/>
  <member type="way" ref="165628750" role=""/>
  <member type="way" ref="1303600346" role=""/>
  <member type="way" ref="165628838" role=""/>
  <member type="way" ref="29422069" role=""/>
  <member type="way" ref="1123075585" role=""/>
  <member type="way" ref="199961988" role=""/>
  <member type="way" ref="1097501360" role=""/>
  <member type="way" ref="1058034567" role=""/>
  <member type="way" ref="1268325186" role=""/>
  <member type="way" ref="234438816" role=""/>
  <member type="way" ref="32594192" role=""/>
  <member type="way" ref="1411060332" role=""/>
  <member type="way" ref="1364453010" role=""/>
  <member type="way" ref="32594221" role=""/>
  <member type="way" ref="182727116" role=""/>
  <member type="way" ref="29422143" role=""/>
  <member type="way" ref="29422141" role=""/>
  <member type="way" ref="182727107" role=""/>
  <member type="way" ref="236220771" role=""/>
  <member type="way" ref="182727106" role=""/>
  <member type="way" ref="1095568619" role=""/>
  <member type="way" ref="141524685" role=""/>
  <member type="way" ref="1052396067" role=""/>
  <member type="way" ref="172834158" role=""/>
  <member type="way" ref="1185872796" role=""/>
  <member type="way" ref="1034079884" role=""/>
  <member type="way" ref="786132935" role=""/>
  <member type="way" ref="786132933" role=""/>
  <member type="way" ref="221167089" role=""/>
  <member type="way" ref="221167086" role=""/>
  <member type="way" ref="320105264" role=""/>
  <member type="way" ref="320105247" role=""/>
  <member type="way" ref="246106175" role=""/>
  <member type="way" ref="212732876" role=""/>
  <member type="way" ref="872313510" role=""/>
  <member type="way" ref="958368932" role=""/>
  <member type="way" ref="958368937" role=""/>
  <member type="way" ref="958368936" role=""/>
  <member type="way" ref="958368933" role=""/>
  <member type="way" ref="1318031220" role=""/>
  <member type="way" ref="1318031219" role=""/>
  <member type="way" ref="518534359" role=""/>
  <member type="way" ref="210039797" role=""/>
  <member type="way" ref="146443834" role=""/>
  <member type="way" ref="1034343715" role=""/>
  <member type="way" ref="239577826" role=""/>
  <member type="way" ref="1034343717" role=""/>
  <member type="way" ref="1034343723" role=""/>
  <member type="way" ref="1318106747" role=""/>
  <member type="way" ref="1318106749" role=""/>
  <member type="way" ref="146443562" role=""/>
  <member type="way" ref="146443555" role=""/>
  <member type="way" ref="146443529" role=""/>
  <member type="way" ref="146443537" role=""/>
  <member type="way" ref="146443522" role=""/>
  <member type="way" ref="146443530" role=""/>
  <member type="way" ref="146443520" role=""/>
  <member type="way" ref="146443561" role=""/>
  <member type="way" ref="146443584" role=""/>
  <member type="way" ref="550625712" role=""/>
  <member type="way" ref="146443940" role=""/>
  <member type="way" ref="210031928" role=""/>
  <member type="way" ref="146443572" role=""/>
  <member type="way" ref="1318430332" role=""/>
  <member type="way" ref="1318430333" role=""/>
  <member type="way" ref="146443568" role=""/>
  <member type="way" ref="1318167577" role=""/>
  <member type="way" ref="542964483" role=""/>
  <member type="way" ref="542964484" role=""/>
  <member type="way" ref="1059445762" role=""/>
  <member type="way" ref="1094043749" role=""/>
  <member type="way" ref="1094043748" role=""/>
  <member type="way" ref="1059445771" role=""/>
  <member type="way" ref="1059445772" role=""/>
  <member type="way" ref="783954285" role=""/>
  <member type="way" ref="404844128" role=""/>
  <member type="way" ref="404844127" role=""/>
  <member type="way" ref="204096379" role=""/>
  <member type="way" ref="402935781" role=""/>
  <member type="way" ref="402935783" role=""/>
  <member type="way" ref="317650100" role=""/>
  <member type="way" ref="317650090" role=""/>
  <member type="way" ref="317650072" role=""/>
  <member type="way" ref="340403720" role=""/>
  <member type="way" ref="317656320" role=""/>
  <member type="way" ref="340706935" role=""/>
  <member type="way" ref="340706927" role=""/>
  <member type="way" ref="340706934" role=""/>
  <member type="way" ref="340706932" role=""/>
  <member type="way" ref="1472099400" role=""/>
  <member type="way" ref="724771101" role=""/>
  <member type="way" ref="1472095480" role=""/>
  <member type="way" ref="1472095479" role=""/>
  <member type="way" ref="907362253" role=""/>
  <member type="way" ref="1472095478" role=""/>
  <member type="way" ref="1472095458" role=""/>
  <member type="way" ref="1062041491" role=""/>
  <member type="way" ref="1062041492" role=""/>
  <member type="way" ref="690571729" role=""/>
  <member type="way" ref="690571730" role=""/>
  <member type="way" ref="690571731" role=""/>
  <member type="way" ref="733736782" role=""/>
  <member type="way" ref="733736781" role=""/>
  <member type="way" ref="690571732" role=""/>
  <member type="way" ref="690571649" role=""/>
  <member type="way" ref="690571652" role=""/>
  <member type="way" ref="733736780" role=""/>
  <member type="way" ref="733736779" role=""/>
  <member type="way" ref="733736778" role=""/>
  <member type="way" ref="690571645" role=""/>
  <member type="way" ref="690571638" role=""/>
  <member type="way" ref="951429441" role=""/>
  <member type="way" ref="951428984" role=""/>
  <member type="way" ref="708659251" role=""/>
  <member type="way" ref="951429439" role=""/>
  <member type="way" ref="951429440" role=""/>
  <member type="way" ref="317650093" role=""/>
  <member type="way" ref="340706933" role=""/>
  <member type="way" ref="340706929" role=""/>
  <member type="way" ref="340706936" role=""/>
  <member type="way" ref="340706937" role=""/>
  <member type="way" ref="317656301" role=""/>
  <member type="way" ref="462197845" role=""/>
  <member type="way" ref="462197830" role=""/>
  <member type="way" ref="780500693" role=""/>
  <member type="way" ref="780500694" role=""/>
  <member type="way" ref="462197853" role=""/>
  <member type="way" ref="550650901" role=""/>
  <member type="way" ref="127079972" role=""/>
  <member type="way" ref="127079743" role=""/>
  <member type="way" ref="550650900" role=""/>
  <member type="way" ref="877475427" role=""/>
  <member type="way" ref="877475428" role=""/>
  <member type="way" ref="877475431" role=""/>
  <member type="way" ref="877475432" role=""/>
  <member type="way" ref="148809752" role=""/>
  <member type="way" ref="148809750" role=""/>
  <member type="way" ref="127054627" role=""/>
  <member type="way" ref="579979102" role=""/>
  <member type="way" ref="1046509109" role=""/>
  <member type="way" ref="1046509108" role=""/>
  <member type="way" ref="140008914" role=""/>
  <member type="way" ref="1062873529" role=""/>
  <member type="way" ref="1063556405" role=""/>
  <member type="way" ref="1063556407" role=""/>
  <member type="way" ref="1424346137" role=""/>
  <member type="way" ref="473756422" role=""/>
  <member type="way" ref="579979114" role=""/>
  <member type="way" ref="1062873530" role=""/>
  <member type="way" ref="1061343144" role=""/>
  <member type="way" ref="1063556404" role=""/>
  <member type="way" ref="776292020" role=""/>
  <member type="way" ref="776292022" role=""/>
  <member type="way" ref="776292018" role=""/>
  <member type="way" ref="245414779" role=""/>
  <member type="way" ref="977968505" role=""/>
  <member type="way" ref="886653844" role=""/>
  <member type="way" ref="886653845" role=""/>
  <member type="way" ref="886653664" role=""/>
  <member type="way" ref="886653665" role=""/>
  <member type="way" ref="886653730" role=""/>
  <member type="way" ref="886653731" role=""/>
  <member type="way" ref="183892918" role=""/>
  <member type="way" ref="422391701" role=""/>
  <member type="way" ref="978121238" role=""/>
  <member type="way" ref="701270720" role=""/>
  <member type="way" ref="886696077" role=""/>
  <member type="way" ref="886696076" role=""/>
  <member type="way" ref="422434429" role=""/>
  <member type="way" ref="978121349" role=""/>
  <member type="way" ref="978121347" role=""/>
  <member type="way" ref="978121526" role=""/>
  <member type="way" ref="978121588" role=""/>
  <member type="way" ref="978121413" role=""/>
  <member type="way" ref="422434428" role=""/>
  <member type="way" ref="149519049" role=""/>
  <member type="way" ref="1176866508" role=""/>
  <member type="way" ref="978121417" role=""/>
  <member type="way" ref="978121587" role=""/>
  <member type="way" ref="978121328" role=""/>
  <member type="way" ref="435790515" role=""/>
  <member type="way" ref="978121375" role=""/>
  <member type="way" ref="978121373" role=""/>
  <member type="way" ref="978121370" role=""/>
  <member type="way" ref="544341732" role=""/>
  <member type="way" ref="796319582" role=""/>
  <member type="way" ref="796319583" role=""/>
  <member type="way" ref="796319584" role=""/>
  <member type="way" ref="1349935865" role=""/>
  <member type="way" ref="1349935866" role=""/>
  <member type="way" ref="435790514" role=""/>
  <member type="way" ref="1410866999" role=""/>
  <member type="way" ref="983184284" role=""/>
  <member type="way" ref="664829570" role=""/>
  <member type="way" ref="664829572" role=""/>
  <member type="way" ref="493702187" role=""/>
  <member type="way" ref="493702172" role=""/>
  <member type="way" ref="184167234" role=""/>
  <member type="way" ref="1370305101" role=""/>
  <member type="way" ref="465868952" role=""/>
  <member type="way" ref="983184302" role=""/>
  <member type="way" ref="826271838" role=""/>
  <member type="way" ref="826271837" role=""/>
  <member type="way" ref="415481090" role=""/>
  <member type="way" ref="415481087" role=""/>
  <member type="way" ref="184167233" role=""/>
  <member type="way" ref="697964808" role=""/>
  <member type="way" ref="395914539" role=""/>
  <member type="way" ref="697964858" role=""/>
  <member type="way" ref="395914540" role=""/>
  <member type="way" ref="983184270" role=""/>
  <member type="way" ref="983184267" role=""/>
  <member type="way" ref="825490718" role=""/>
  <member type="way" ref="825490715" role=""/>
  <member type="way" ref="435045824" role=""/>
  <member type="way" ref="1414843920" role=""/>
  <member type="way" ref="443669962" role=""/>
  <member type="way" ref="443669976" role=""/>
  <member type="way" ref="849314558" role=""/>
  <member type="way" ref="978121239" role=""/>
  <member type="way" ref="886696074" role=""/>
  <member type="way" ref="886696075" role=""/>
  <member type="way" ref="701270718" role=""/>
  <member type="way" ref="978121348" role=""/>
  <member type="way" ref="978121345" role=""/>
  <member type="way" ref="978121527" role=""/>
  <member type="way" ref="1149920916" role=""/>
  <member type="way" ref="1149920915" role=""/>
  <member type="way" ref="978121614" role=""/>
  <member type="way" ref="978121415" role=""/>
  <member type="way" ref="701270719" role=""/>
  <member type="way" ref="544341735" role=""/>
  <member type="way" ref="978121418" role=""/>
  <member type="way" ref="978121616" role=""/>
  <member type="way" ref="978121326" role=""/>
  <member type="way" ref="544341734" role=""/>
  <member type="way" ref="978121374" role=""/>
  <member type="way" ref="978121369" role=""/>
  <member type="way" ref="544341733" role=""/>
  <member type="way" ref="664829568" role=""/>
  <member type="way" ref="664829571" role=""/>
  <member type="way" ref="493702182" role=""/>
  <member type="way" ref="469640368" role=""/>
  <member type="way" ref="826271839" role=""/>
  <member type="way" ref="477823798" role=""/>
  <member type="way" ref="421052445" role=""/>
  <member type="way" ref="477823803" role=""/>
  <member type="way" ref="126905374" role=""/>
  <member type="way" ref="1017803654" role=""/>
  <member type="way" ref="126905375" role=""/>
  <member type="way" ref="1017803657" role=""/>
  <member type="way" ref="1017803658" role=""/>
  <member type="way" ref="1017803646" role=""/>
  <member type="way" ref="1017803645" role=""/>
  <member type="way" ref="1017803642" role=""/>
  <member type="way" ref="1017803639" role=""/>
  <member type="way" ref="1017803638" role=""/>
  <member type="way" ref="1017803636" role=""/>
  <member type="way" ref="1017803633" role=""/>
  <member type="way" ref="1017803632" role=""/>
  <member type="way" ref="324065465" role=""/>
  <member type="way" ref="1017803625" role=""/>
  <member type="way" ref="1017803627" role=""/>
  <member type="way" ref="1017803618" role=""/>
  <member type="way" ref="1017803619" role=""/>
  <member type="way" ref="1017803617" role=""/>
  <member type="way" ref="550879469" role=""/>
  <member type="way" ref="967831770" role=""/>
  <member type="way" ref="550879471" role=""/>
  <member type="way" ref="967823865" role=""/>
  <member type="way" ref="392585013" role=""/>
  <member type="way" ref="392585012" role=""/>
  <member type="way" ref="1370307572" role=""/>
  <member type="way" ref="580088988" role=""/>
  <member type="way" ref="1060071813" role=""/>
  <member type="way" ref="1060071814" role=""/>
  <member type="way" ref="554962751" role=""/>
  <member type="way" ref="1060071840" role=""/>
  <member type="way" ref="1060071841" role=""/>
  <member type="way" ref="184257593" role=""/>
  <member type="way" ref="184257592" role=""/>
  <member type="way" ref="184257589" role=""/>
  <member type="way" ref="184257590" role=""/>
  <member type="way" ref="636613558" role=""/>
  <member type="way" ref="636613557" role=""/>
  <member type="way" ref="863627133" role=""/>
  <member type="way" ref="863627134" role=""/>
  <member type="way" ref="39382549" role=""/>
  <member type="way" ref="184257594" role=""/>
  <member type="way" ref="1475992990" role=""/>
  <member type="way" ref="1475992991" role=""/>
  <member type="way" ref="184257591" role=""/>
  <member type="way" ref="1361469342" role=""/>
  <member type="way" ref="1361469343" role=""/>
  <member type="way" ref="122919117" role=""/>
  <member type="way" ref="1079648089" role=""/>
  <member type="way" ref="1079648088" role=""/>
  <member type="way" ref="863627070" role=""/>
  <member type="way" ref="863627069" role=""/>
  <member type="way" ref="477823800" role=""/>
  <member type="way" ref="421052220" role=""/>
  <member type="way" ref="477823801" role=""/>
  <member type="way" ref="477823804" role=""/>
  <member type="way" ref="477823797" role=""/>
  <member type="way" ref="421052484" role=""/>
  <member type="way" ref="477823799" role=""/>
  <member type="way" ref="421052477" role=""/>
  <member type="way" ref="477823802" role=""/>
  <member type="way" ref="532055301" role=""/>
  <member type="way" ref="122919104" role=""/>
  <member type="way" ref="967831766" role=""/>
  <member type="way" ref="122919107" role=""/>
  <member type="way" ref="122919106" role=""/>
  <member type="way" ref="550879470" role=""/>
  <member type="way" ref="967831767" role=""/>
  <member type="way" ref="967823869" role=""/>
  <member type="way" ref="1370307573" role=""/>
  <member type="way" ref="39382605" role=""/>
  <member type="way" ref="459645071" role=""/>
  <member type="way" ref="122919118" role=""/>
  <member type="way" ref="1239432746" role=""/>
  <member type="way" ref="459645068" role=""/>
  <member type="way" ref="459645069" role=""/>
  <member type="way" ref="459645070" role=""/>
  <member type="way" ref="892416170" role=""/>
  <member type="way" ref="892416169" role=""/>
  <member type="way" ref="421052210" role=""/>
  <member type="way" ref="458824577" role=""/>
  <member type="way" ref="421052215" role=""/>
  <member type="way" ref="311750364" role=""/>
  <member type="way" ref="850020251" role=""/>
  <member type="way" ref="458824579" role=""/>
  <member type="way" ref="271406690" role=""/>
  <member type="way" ref="421052209" role=""/>
  <member type="way" ref="579282066" role=""/>
  <member type="way" ref="579282067" role=""/>
  <member type="way" ref="1271131875" role=""/>
  <member type="way" ref="1271131876" role=""/>
  <member type="way" ref="271406709" role=""/>
  <member type="way" ref="421055356" role=""/>
  <member type="way" ref="421055357" role=""/>
  <member type="way" ref="412360707" role=""/>
  <member type="way" ref="412360705" role=""/>
  <member type="way" ref="271406707" role=""/>
  <member type="way" ref="849186089" role=""/>
  <member type="way" ref="458830395" role=""/>
  <member type="way" ref="122158962" role=""/>
  <member type="way" ref="122158963" role=""/>
  <member type="way" ref="466444006" role=""/>
  <member type="way" ref="848886111" role=""/>
  <member type="way" ref="95845839" role=""/>
  <member type="way" ref="664828099" role=""/>
  <member type="way" ref="410811933" role=""/>
  <member type="way" ref="410811920" role=""/>
  <member type="way" ref="664828093" role=""/>
  <member type="way" ref="409486142" role=""/>
  <member type="way" ref="409486159" role=""/>
  <member type="way" ref="409486179" role=""/>
  <member type="way" ref="409486156" role=""/>
  <member type="way" ref="410811953" role=""/>
  <member type="way" ref="410811924" role=""/>
  <member type="way" ref="669339200" role=""/>
  <member type="way" ref="398956501" role=""/>
  <member type="way" ref="579281938" role=""/>
  <member type="way" ref="410811958" role=""/>
  <member type="way" ref="669339197" role=""/>
  <member type="way" ref="410811909" role=""/>
  <member type="way" ref="410811922" role=""/>
  <member type="way" ref="410811901" role=""/>
  <member type="way" ref="1549347494" role=""/>
  <member type="way" ref="410811950" role=""/>
  <member type="way" ref="410811897" role=""/>
  <member type="way" ref="410811929" role=""/>
  <member type="way" ref="410811892" role=""/>
  <member type="way" ref="443673356" role=""/>
  <member type="way" ref="443673352" role=""/>
  <member type="way" ref="410811957" role=""/>
  <member type="way" ref="409486188" role=""/>
  <member type="way" ref="1284900560" role=""/>
  <member type="way" ref="1284900561" role=""/>
  <member type="way" ref="409486132" role=""/>
  <member type="way" ref="409486153" role=""/>
  <member type="way" ref="409486203" role=""/>
  <member type="way" ref="409486218" role=""/>
  <member type="way" ref="669339195" role=""/>
  <member type="way" ref="669339193" role=""/>
  <member type="way" ref="409486213" role=""/>
  <member type="way" ref="407508709" role=""/>
  <member type="way" ref="916335787" role=""/>
  <member type="way" ref="443673351" role=""/>
  <member type="way" ref="590287890" role=""/>
  <member type="way" ref="590287891" role=""/>
  <member type="way" ref="443673350" role=""/>
  <member type="way" ref="407508725" role=""/>
  <member type="way" ref="414657362" role=""/>
  <member type="way" ref="407508728" role=""/>
  <member type="way" ref="407488550" role=""/>
  <member type="way" ref="407488549" role=""/>
  <member type="way" ref="1485490536" role=""/>
  <member type="way" ref="443669900" role=""/>
  <member type="way" ref="1485490530" role=""/>
  <member type="way" ref="413358555" role=""/>
  <member type="way" ref="443669949" role=""/>
  <member type="way" ref="413358580" role=""/>
  <member type="way" ref="448158033" role=""/>
  <member type="way" ref="443669945" role=""/>
  <member type="way" ref="1414843919" role=""/>
  <member type="way" ref="825490716" role=""/>
  <member type="way" ref="825490717" role=""/>
  <member type="way" ref="983184268" role=""/>
  <member type="way" ref="983184269" role=""/>
  <member type="way" ref="697964918" role=""/>
  <member type="way" ref="697964859" role=""/>
  <member type="way" ref="697964806" role=""/>
  <member type="way" ref="697964807" role=""/>
  <member type="way" ref="122158959" role=""/>
  <member type="way" ref="458830398" role=""/>
  <member type="way" ref="849186090" role=""/>
  <member type="way" ref="412911812" role=""/>
  <member type="way" ref="412360704" role=""/>
  <member type="way" ref="412360706" role=""/>
  <member type="way" ref="421055358" role=""/>
  <member type="way" ref="421055355" role=""/>
  <member type="way" ref="271406708" role=""/>
  <member type="way" ref="1271131877" role=""/>
  <member type="way" ref="1271131874" role=""/>
  <member type="way" ref="579282065" role=""/>
  <member type="way" ref="579282068" role=""/>
  <member type="way" ref="421052207" role=""/>
  <member type="way" ref="421052212" role=""/>
  <member type="way" ref="458826260" role=""/>
  <member type="way" ref="458826261" role=""/>
  <member type="way" ref="271406699" role=""/>
  <member type="way" ref="1064286739" role=""/>
  <member type="way" ref="166880210" role=""/>
  <member type="way" ref="166880194" role=""/>
  <member type="way" ref="166880218" role=""/>
  <member type="way" ref="166880202" role=""/>
  <member type="way" ref="166880189" role=""/>
  <member type="way" ref="166880200" role=""/>
  <member type="way" ref="166880191" role=""/>
  <member type="way" ref="166880193" role=""/>
  <member type="way" ref="166880197" role=""/>
  <member type="way" ref="166880204" role=""/>
  <member type="way" ref="166880209" role=""/>
  <member type="way" ref="166880203" role=""/>
  <member type="way" ref="166880207" role=""/>
  <member type="way" ref="166880196" role=""/>
  <member type="way" ref="166880213" role=""/>
  <member type="way" ref="166880198" role=""/>
  <member type="way" ref="166880216" role=""/>
  <member type="way" ref="166880195" role=""/>
  <member type="way" ref="912874761" role=""/>
  <member type="way" ref="912874762" role=""/>
  <member type="way" ref="1217751535" role=""/>
  <member type="way" ref="1217751536" role=""/>
  <member type="way" ref="166880192" role=""/>
  <member type="way" ref="166880201" role=""/>
  <member type="way" ref="1115762310" role=""/>
  <member type="way" ref="1115762309" role=""/>
  <member type="way" ref="626694765" role=""/>
  <member type="way" ref="912967567" role=""/>
  <member type="way" ref="912967568" role=""/>
  <member type="way" ref="626694776" role=""/>
  <member type="way" ref="626694773" role=""/>
  <member type="way" ref="183892887" role=""/>
  <member type="way" ref="558613566" role=""/>
  <member type="way" ref="558613567" role=""/>
  <member type="way" ref="400620821" role=""/>
  <member type="way" ref="780656510" role=""/>
  <member type="way" ref="245414781" role=""/>
  <member type="way" ref="1215484941" role=""/>
  <member type="way" ref="1215484940" role=""/>
  <member type="way" ref="787991884" role=""/>
  <member type="way" ref="787991882" role=""/>
  <member type="way" ref="787991885" role=""/>
  <member type="way" ref="326741406" role=""/>
  <member type="way" ref="326741397" role=""/>
  <member type="way" ref="340867380" role=""/>
  <member type="way" ref="1069899927" role=""/>
  <member type="way" ref="1069899926" role=""/>
  <member type="way" ref="550879474" role=""/>
  <member type="way" ref="550879473" role=""/>
  <member type="way" ref="1017803841" role=""/>
  <member type="way" ref="1385894692" role=""/>
  <member type="way" ref="930272472" role=""/>
  <member type="way" ref="930272471" role=""/>
  <member type="way" ref="930272470" role=""/>
  <member type="way" ref="930272469" role=""/>
  <member type="way" ref="930272468" role=""/>
  <member type="way" ref="1385633766" role=""/>
  <member type="way" ref="1385633767" role=""/>
  <member type="way" ref="1017803680" role=""/>
  <member type="way" ref="1017803716" role=""/>
  <member type="way" ref="1017803718" role=""/>
  <member type="way" ref="1017803712" role=""/>
  <member type="way" ref="1017803709" role=""/>
  <member type="way" ref="1017803708" role=""/>
  <member type="way" ref="1017803711" role=""/>
  <member type="way" ref="1017803704" role=""/>
  <member type="way" ref="1017803703" role=""/>
  <member type="way" ref="1017803698" role=""/>
  <member type="way" ref="1068493891" role=""/>
  <member type="way" ref="324065466" role=""/>
  <member type="way" ref="698860090" role=""/>
  <member type="way" ref="32837865" role=""/>
  <member type="way" ref="973060614" role=""/>
  <member type="way" ref="973060613" role=""/>
  <member type="way" ref="32837870" role=""/>
  <member type="way" ref="32838163" role=""/>
  <member type="way" ref="32838163" role=""/>
  <member type="way" ref="1079828986" role=""/>
  <member type="way" ref="1070578260" role=""/>
  <member type="way" ref="184330057" role=""/>
  <member type="way" ref="1079829845" role=""/>
  <member type="way" ref="32838218" role=""/>
  <member type="way" ref="379232949" role=""/>
  <member type="way" ref="32838215" role=""/>
  <member type="way" ref="379232950" role=""/>
  <member type="way" ref="32838174" role=""/>
  <member type="way" ref="714505682" role=""/>
  <member type="way" ref="714505681" role=""/>
  <member type="way" ref="714505678" role=""/>
  <member type="way" ref="371989283" role=""/>
  <member type="way" ref="42245975" role=""/>
  <member type="way" ref="586115733" role=""/>
  <member type="way" ref="550861078" role=""/>
  <member type="way" ref="586115585" role=""/>
  <member type="way" ref="586115584" role=""/>
  <member type="way" ref="586115583" role=""/>
  <member type="way" ref="586115582" role=""/>
  <member type="way" ref="550861079" role=""/>
  <member type="way" ref="586115594" role=""/>
  <member type="way" ref="231819464" role=""/>
  <member type="way" ref="32850200" role=""/>
  <member type="way" ref="981367857" role=""/>
  <member type="way" ref="236979941" role=""/>
  <member type="way" ref="236979936" role=""/>
  <member type="way" ref="236979932" role=""/>
  <member type="way" ref="262534220" role=""/>
  <member type="way" ref="310784511" role=""/>
  <member type="way" ref="310784512" role=""/>
  <member type="way" ref="1077636343" role=""/>
  <member type="way" ref="107124780" role=""/>
  <member type="way" ref="1174196682" role=""/>
  <member type="way" ref="466443971" role=""/>
  <member type="way" ref="26173598" role=""/>
  <member type="way" ref="466444005" role=""/>
  <member type="way" ref="664828098" role=""/>
  <member type="way" ref="409486198" role=""/>
  <member type="way" ref="446903384" role=""/>
  <member type="way" ref="409486148" role=""/>
  <member type="way" ref="409486138" role=""/>
  <member type="way" ref="409486150" role=""/>
  <member type="way" ref="409486186" role=""/>
  <member type="way" ref="409486145" role=""/>
  <member type="way" ref="410811948" role=""/>
  <member type="way" ref="410811935" role=""/>
  <member type="way" ref="398956500" role=""/>
  <member type="way" ref="669339201" role=""/>
  <member type="way" ref="579281939" role=""/>
  <member type="way" ref="410811956" role=""/>
  <member type="way" ref="410811908" role=""/>
  <member type="way" ref="669339198" role=""/>
  <member type="way" ref="410811939" role=""/>
  <member type="way" ref="410811895" role=""/>
  <member type="way" ref="410811947" role=""/>
  <member type="way" ref="410811898" role=""/>
  <member type="way" ref="410811944" role=""/>
  <member type="way" ref="410811893" role=""/>
  <member type="way" ref="410811954" role=""/>
  <member type="way" ref="443673353" role=""/>
  <member type="way" ref="443673355" role=""/>
  <member type="way" ref="409486183" role=""/>
  <member type="way" ref="1284900563" role=""/>
  <member type="way" ref="1284900562" role=""/>
  <member type="way" ref="409486128" role=""/>
  <member type="way" ref="409486165" role=""/>
  <member type="way" ref="409486206" role=""/>
  <member type="way" ref="409486221" role=""/>
  <member type="way" ref="409486209" role=""/>
  <member type="way" ref="669339196" role=""/>
  <member type="way" ref="669339194" role=""/>
  <member type="way" ref="398963351" role=""/>
  <member type="way" ref="916335786" role=""/>
  <member type="way" ref="443673354" role=""/>
  <member type="way" ref="443673349" role=""/>
  <member type="way" ref="590287893" role=""/>
  <member type="way" ref="590287892" role=""/>
  <member type="way" ref="407508723" role=""/>
  <member type="way" ref="414657361" role=""/>
  <member type="way" ref="234782150" role=""/>
  <member type="way" ref="407488547" role=""/>
  <member type="way" ref="407488548" role=""/>
  <member type="way" ref="1485490539" role=""/>
  <member type="way" ref="443669902" role=""/>
  <member type="way" ref="1485490529" role=""/>
  <member type="way" ref="407508684" role=""/>
  <member type="way" ref="443669973" role=""/>
  <member type="way" ref="669339191" role=""/>
  <member type="way" ref="479626836" role=""/>
  <member type="way" ref="184550074" role=""/>
  <member type="way" ref="35472046" role=""/>
  <member type="way" ref="103460882" role=""/>
  <member type="way" ref="1077636341" role=""/>
  <member type="way" ref="107124776" role=""/>
  <member type="way" ref="1449559737" role=""/>
  <member type="way" ref="1108127118" role=""/>
  <member type="way" ref="1108127121" role=""/>
  <member type="way" ref="621038636" role=""/>
  <member type="way" ref="184429284" role=""/>
  <member type="way" ref="265174028" role=""/>
  <member type="way" ref="265174026" role=""/>
  <member type="way" ref="449593860" role=""/>
  <member type="way" ref="449593863" role=""/>
  <tag k="alt_name" v="国道109线"/>
  <tag k="from" v="北京"/>
  <tag k="int_ref" v="G109"/>
  <tag k="name" v="109国道 京拉线"/>
  <tag k="name:en" v="China National Highway 109"/>
  <tag k="name:zh" v="109国道 京拉线"/>
  <tag k="name:zh-Hant" v="109國道 京拉綫"/>
  <tag k="network" v="CN:national"/>
  <tag k="official_name" v="北京－拉萨公路"/>
  <tag k="ref" v="G109"/>
  <tag k="ref:colour" v="red"/>
  <tag k="route" v="road"/>
  <tag k="short_name" v="京拉线"/>
  <tag k="source" v="zh:青藏线"/>
  <tag k="to" v="拉萨"/>
  <tag k="type" v="route"/>
  <tag k="wikidata" v="Q1969356"/>
  <tag k="wikipedia" v="zh:109国道"/>
 </relation>
 <relation id="5684037" visible="true" version="10" changeset="172268460" timestamp="2025-09-21T22:49:49Z" user="hangukhistory" uid="17860844">
  <member type="node" ref="244083621" role="label"/>
  <member type="way" ref="655158530" role="outer"/>
  <member type="way" ref="655142032" role="outer"/>
  <member type="way" ref="655158541" role="outer"/>
  <member type="way" ref="655153416" role="outer"/>
  <member type="way" ref="655158542" role="outer"/>
  <member type="way" ref="655153414" role="outer"/>
  <member type="way" ref="381944942" role="outer"/>
  <member type="way" ref="381944927" role="outer"/>
  <member type="way" ref="655153418" role="outer"/>
  <member type="way" ref="655141526" role="outer"/>
  <member type="way" ref="655141527" role="outer"/>
  <member type="way" ref="655141512" role="outer"/>
  <member type="way" ref="655153425" role="outer"/>
  <member type="way" ref="655153424" role="outer"/>
  <member type="way" ref="655142031" role="outer"/>
  <member type="way" ref="655141523" role="outer"/>
  <member type="way" ref="381944925" role="outer"/>
  <member type="relation" ref="9108085" role="subarea"/>
  <member type="relation" ref="9108201" role="subarea"/>
  <member type="relation" ref="9108202" role="subarea"/>
  <member type="relation" ref="9108203" role="subarea"/>
  <member type="relation" ref="9108204" role="subarea"/>
  <member type="relation" ref="9108205" role="subarea"/>
  <tag k="admin_level" v="6"/>
  <tag k="alt_name" v="城西;Chengxi"/>
  <tag k="boundary" v="administrative"/>
  <tag k="division_code" v="630104"/>
  <tag k="name" v="城西区"/>
  <tag k="name:cs" v="Čcheng-si"/>
  <tag k="name:en" v="Chengxi District"/>
  <tag k="name:ko" v="청시구"/>
  <tag k="name:zh" v="城西区"/>
  <tag k="name:zh-Hant" v="城西區"/>
  <tag k="name:zh-Latn-pinyin" v="Chéngxī Qū"/>
  <tag k="postal_code" v="810000"/>
  <tag k="type" v="boundary"/>
  <tag k="wikidata" v="Q1070037"/>
 </relation>
 <relation id="9108085" visible="true" version="4" changeset="151138547" timestamp="2024-05-10T10:36:45Z" user="Lepuse" uid="9560399">
  <member type="node" ref="6138541382" role="admin_centre"/>
  <member type="way" ref="655142030" role="outer"/>
  <member type="way" ref="655142032" role="outer"/>
  <member type="way" ref="655158530" role="outer"/>
  <member type="way" ref="381944925" role="outer"/>
  <member type="way" ref="655141523" role="outer"/>
  <member type="way" ref="655142031" role="outer"/>
  <member type="way" ref="655142033" role="inner"/>
  <tag k="admin_level" v="8"/>
  <tag k="alt_name" v="彭家寨"/>
  <tag k="boundary" v="administrative"/>
  <tag k="name" v="彭家寨镇"/>
  <tag k="name:en" v="Pengjiazhai"/>
  <tag k="name:zh" v="彭家寨镇"/>
  <tag k="name:zh-Latn-pinyin" v="péngjiāzhài zhèn"/>
  <tag k="official_name" v="彭家寨镇"/>
  <tag k="type" v="boundary"/>
  <tag k="wikidata" v="Q11069770"/>
  <tag k="wikipedia" v="zh:彭家寨镇"/>
 </relation>
 <relation id="9108202" visible="true" version="3" changeset="151138547" timestamp="2024-05-10T10:36:45Z" user="Lepuse" uid="9560399">
  <member type="node" ref="6138656976" role="label"/>
  <member type="way" ref="655158541" role="outer"/>
  <member type="way" ref="655153416" role="outer"/>
  <member type="way" ref="655153422" role="outer"/>
  <member type="way" ref="655153415" role="outer"/>
  <member type="way" ref="655153424" role="outer"/>
  <member type="way" ref="655142030" role="outer"/>
  <member type="way" ref="655142033" role="outer"/>
  <tag k="admin_level" v="8"/>
  <tag k="alt_name" v="虎台;Hutai"/>
  <tag k="boundary" v="administrative"/>
  <tag k="name" v="虎台街道"/>
  <tag k="name:en" v="Hutai Subdistrict"/>
  <tag k="name:zh" v="虎台街道"/>
  <tag k="name:zh-Latn-pinyin" v="hǔtái jiēdào"/>
  <tag k="official_name" v="虎台街道"/>
  <tag k="type" v="boundary"/>
  <tag k="wikidata" v="Q14034961"/>
  <tag k="wikipedia" v="zh:虎台街道"/>
 </relation>
 <relation id="10235190" visible="true" version="210" changeset="188880314" timestamp="2026-09-11T16:04:18Z" user="meongseolin" uid="18160068">
  <member type="relation" ref="907274" role=""/>
  <member type="relation" ref="907273" role=""/>
  <member type="relation" ref="907271" role=""/>
  <member type="relation" ref="9660489" role=""/>
  <member type="relation" ref="907474" role=""/>
  <member type="relation" ref="907483" role=""/>
  <member type="relation" ref="907267" role=""/>
  <member type="relation" ref="554657" role=""/>
  <member type="relation" ref="153104" role=""/>
  <member type="relation" ref="299555" role=""/>
  <member type="relation" ref="538627" role=""/>
  <member type="relation" ref="907490" role=""/>
  <member type="relation" ref="416079" role=""/>
  <member type="relation" ref="932438" role=""/>
  <member type="relation" ref="191362" role=""/>
  <member type="relation" ref="936174" role=""/>
  <member type="relation" ref="907926" role=""/>
  <member type="relation" ref="936180" role=""/>
  <member type="relation" ref="907514" role=""/>
  <member type="relation" ref="395709" role=""/>
  <member type="relation" ref="916200" role=""/>
  <member type="relation" ref="403556" role=""/>
  <member type="relation" ref="1993964" role=""/>
  <member type="relation" ref="5844078" role=""/>
  <member type="relation" ref="541817" role=""/>
  <member type="relation" ref="358995" role=""/>
  <member type="relation" ref="932943" role=""/>
  <member type="relation" ref="10236681" role=""/>
  <member type="relation" ref="163272" role=""/>
  <member type="relation" ref="932953" role=""/>
  <member type="relation" ref="208078" role=""/>
  <member type="relation" ref="8046964" role=""/>
  <member type="relation" ref="907875" role=""/>
  <member type="relation" ref="3000324" role=""/>
  <member type="relation" ref="2889883" role=""/>
  <member type="relation" ref="2900532" role=""/>
  <member type="relation" ref="907913" role=""/>
  <member type="relation" ref="165532" role=""/>
  <member type="relation" ref="8246430" role=""/>
  <member type="relation" ref="13101379" role=""/>
  <member type="relation" ref="13103302" role=""/>
  <member type="relation" ref="16519425" role=""/>
  <member type="relation" ref="16523323" role=""/>
  <member type="relation" ref="8391220" role=""/>
  <member type="relation" ref="8441189" role=""/>
  <member type="relation" ref="8312305" role=""/>
  <member type="relation" ref="8245578" role=""/>
  <member type="relation" ref="10660907" role=""/>
  <member type="relation" ref="8312349" role=""/>
  <member type="relation" ref="8086432" role=""/>
  <member type="relation" ref="7794162" role=""/>
  <member type="relation" ref="7986528" role=""/>
  <member type="relation" ref="13107875" role=""/>
  <member type="relation" ref="7511121" role=""/>
  <member type="relation" ref="11176452" role=""/>
  <member type="relation" ref="16737352" role=""/>
  <member type="relation" ref="11246867" role=""/>
  <member type="relation" ref="13902708" role=""/>
  <member type="relation" ref="13902178" role=""/>
  <member type="relation" ref="935276" role=""/>
  <member type="relation" ref="936092" role=""/>
  <member type="relation" ref="1460751" role=""/>
  <member type="relation" ref="2064505" role=""/>
  <member type="relation" ref="7941794" role=""/>
  <member type="relation" ref="1920885" role=""/>
  <member type="relation" ref="1991031" role=""/>
  <member type="relation" ref="12764568" role=""/>
  <member type="relation" ref="919124" role=""/>
  <member type="relation" ref="907525" role=""/>
  <member type="relation" ref="2991439" role=""/>
  <member type="relation" ref="176920" role=""/>
  <member type="relation" ref="1475293" role=""/>
  <member type="relation" ref="163791" role=""/>
  <member type="relation" ref="932944" role=""/>
  <member type="relation" ref="403681" role=""/>
  <member type="relation" ref="215491" role=""/>
  <member type="relation" ref="341066" role=""/>
  <member type="relation" ref="913914" role=""/>
  <member type="relation" ref="288197" role=""/>
  <member type="relation" ref="399848" role=""/>
  <member type="relation" ref="398073" role=""/>
  <member type="relation" ref="359307" role=""/>
  <member type="relation" ref="398208" role=""/>
  <member type="relation" ref="907903" role=""/>
  <member type="relation" ref="918698" role=""/>
  <member type="relation" ref="10229428" role=""/>
  <member type="relation" ref="3442208" role=""/>
  <member type="relation" ref="7981403" role=""/>
  <member type="relation" ref="2050564" role=""/>
  <member type="relation" ref="8085327" role=""/>
  <member type="relation" ref="16029533" role=""/>
  <member type="relation" ref="16303330" role=""/>
  <member type="relation" ref="17348687" role=""/>
  <member type="relation" ref="13754572" role=""/>
  <member type="relation" ref="16250757" role=""/>
  <member type="relation" ref="18165718" role=""/>
  <member type="relation" ref="18053640" role=""/>
  <member type="relation" ref="14022252" role=""/>
  <member type="relation" ref="10044405" role=""/>
  <member type="relation" ref="10473846" role=""/>
  <member type="relation" ref="18590288" role=""/>
  <member type="relation" ref="10419241" role=""/>
  <member type="relation" ref="10724258" role=""/>
  <member type="relation" ref="10409564" role=""/>
  <member type="relation" ref="10229305" role=""/>
  <member type="relation" ref="10401999" role=""/>
  <member type="relation" ref="8727892" role=""/>
  <member type="relation" ref="13088685" role=""/>
  <member type="relation" ref="8011992" role=""/>
  <member type="relation" ref="8012306" role=""/>
  <member type="relation" ref="10320426" role=""/>
  <member type="relation" ref="13768158" role=""/>
  <member type="relation" ref="3222826" role=""/>
  <member type="relation" ref="9732565" role=""/>
  <member type="relation" ref="10119256" role=""/>
  <member type="relation" ref="10992743" role=""/>
  <member type="relation" ref="8320504" role=""/>
  <member type="relation" ref="8441188" role=""/>
  <member type="relation" ref="17704053" role=""/>
  <member type="relation" ref="16799683" role=""/>
  <member type="relation" ref="13101378" role=""/>
  <member type="relation" ref="8013041" role=""/>
  <member type="relation" ref="16066464" role=""/>
  <member type="relation" ref="8085364" role=""/>
  <member type="relation" ref="18463068" role=""/>
  <member type="relation" ref="18463099" role=""/>
  <member type="relation" ref="18463107" role=""/>
  <member type="relation" ref="18463174" role=""/>
  <member type="relation" ref="11639167" role=""/>
  <member type="relation" ref="8086431" role=""/>
  <member type="relation" ref="18515065" role=""/>
  <member type="relation" ref="18421065" role=""/>
  <member type="relation" ref="13775193" role=""/>
  <member type="relation" ref="14015813" role=""/>
  <member type="relation" ref="18591804" role=""/>
  <member type="relation" ref="14022251" role=""/>
  <member type="relation" ref="13854781" role=""/>
  <member type="relation" ref="11656936" role=""/>
  <member type="relation" ref="18668172" role=""/>
  <member type="relation" ref="18668171" role=""/>
  <member type="relation" ref="18668170" role=""/>
  <member type="relation" ref="18668169" role=""/>
  <member type="relation" ref="18668168" role=""/>
  <member type="relation" ref="10229306" role=""/>
  <member type="relation" ref="14740802" role=""/>
  <member type="relation" ref="18583701" role=""/>
  <member type="relation" ref="13538581" role=""/>
  <member type="relation" ref="10697193" role=""/>
  <member type="relation" ref="10658993" role=""/>
  <member type="relation" ref="19757730" role=""/>
  <member type="relation" ref="17851567" role=""/>
  <member type="relation" ref="18390357" role=""/>
  <member type="relation" ref="18583877" role=""/>
  <member type="relation" ref="18142832" role=""/>
  <member type="relation" ref="16135634" role=""/>
  <member type="relation" ref="18299630" role=""/>
  <member type="relation" ref="14706073" role=""/>
  <member type="relation" ref="18299629" role=""/>
  <member type="relation" ref="16799684" role=""/>
  <member type="relation" ref="18088563" role=""/>
  <member type="relation" ref="18726372" role=""/>
  <member type="relation" ref="18722857" role=""/>
  <member type="relation" ref="18265073" role=""/>
  <member type="relation" ref="17866653" role=""/>
  <member type="relation" ref="8011933" role=""/>
  <member type="relation" ref="19616463" role=""/>
  <member type="relation" ref="19205200" role=""/>
  <member type="relation" ref="18621250" role=""/>
  <member type="relation" ref="14107921" role=""/>
  <member type="relation" ref="16793513" role=""/>
  <member type="relation" ref="14328770" role=""/>
  <member type="relation" ref="16793518" role=""/>
  <member type="relation" ref="16793528" role=""/>
  <member type="relation" ref="17947734" role=""/>
  <member type="relation" ref="17953038" role=""/>
  <member type="relation" ref="7907882" role=""/>
  <member type="relation" ref="13080757" role=""/>
  <member type="relation" ref="8012371" role=""/>
  <member type="relation" ref="13088746" role=""/>
  <member type="relation" ref="19152322" role=""/>
  <member type="relation" ref="12821040" role=""/>
  <member type="relation" ref="14521593" role=""/>
  <member type="relation" ref="20682584" role=""/>
  <member type="relation" ref="14227265" role=""/>
  <member type="relation" ref="13096249" role=""/>
  <member type="relation" ref="18580999" role=""/>
  <member type="relation" ref="16699931" role=""/>
  <member type="relation" ref="13888145" role=""/>
  <member type="relation" ref="13889843" role=""/>
  <member type="relation" ref="13885342" role=""/>
  <member type="relation" ref="18212665" role=""/>
  <member type="relation" ref="19218313" role=""/>
  <member type="relation" ref="19715249" role=""/>
  <member type="relation" ref="16844351" role=""/>
  <member type="relation" ref="16300219" role=""/>
  <member type="relation" ref="16835261" role=""/>
  <member type="relation" ref="14204931" role=""/>
  <member type="relation" ref="16834979" role=""/>
  <member type="relation" ref="16834976" role=""/>
  <member type="relation" ref="16307635" role=""/>
  <member type="relation" ref="17351439" role=""/>
  <member type="relation" ref="15766181" role=""/>
  <member type="relation" ref="17900656" role=""/>
  <member type="relation" ref="17997237" role=""/>
  <member type="relation" ref="17377938" role=""/>
  <member type="relation" ref="18621251" role=""/>
  <member type="relation" ref="20296023" role=""/>
  <member type="relation" ref="13005947" role=""/>
  <member type="relation" ref="20682544" role=""/>
  <member type="relation" ref="14103308" role=""/>
  <member type="relation" ref="21060833" role=""/>
  <member type="relation" ref="11107904" role=""/>
  <member type="relation" ref="15763353" role=""/>
  <member type="relation" ref="19063128" role=""/>
  <member type="relation" ref="20773736" role=""/>
  <member type="relation" ref="19720783" role=""/>
  <member type="relation" ref="14521132" role=""/>
  <member type="relation" ref="7487898" role=""/>
  <member type="relation" ref="17056379" role=""/>
  <member type="relation" ref="18621252" role=""/>
  <member type="relation" ref="18053639" role=""/>
  <member type="relation" ref="18053638" role=""/>
  <member type="relation" ref="17261947" role=""/>
  <member type="relation" ref="17782042" role=""/>
  <member type="relation" ref="17808086" role=""/>
  <member type="relation" ref="16864125" role=""/>
  <member type="relation" ref="18552256" role=""/>
  <member type="relation" ref="14521394" role=""/>
  <tag k="alt_name" v="中国国道;中华人民共和国国道"/>
  <tag k="alt_name:en" v="People's Republic of China Nation Highways"/>
  <tag k="alt_name:nan" v="Tiong-kok Kok-tō;Tiong-hôa Jîn-bîn Kiōng-hô-kok Kok-tō"/>
  <tag k="alt_name:nan-Hans" v="中国国道;中华人民共和国国道"/>
  <tag k="alt_name:nan-Latn-pehoeji" v="Tiong-kok Kok-tō;Tiong-hôa Jîn-bîn Kiōng-hô-kok Kok-tō"/>
  <tag k="alt_name:nan-Latn-tailo" v="Tiong-kok Kok-tō;Tiong-huâ Jîn-bîn Kiōng-hô-kok Kok-tō"/>
  <tag k="alt_name:zh" v="中国国道;中华人民共和国国道"/>
  <tag k="alt_name:zh-Hans" v="中国国道;中华人民共和国国道"/>
  <tag k="alt_name:zh-Hant" v="中國國道;中華人民共和國國道"/>
  <tag k="name" v="中国国家公路网"/>
  <tag k="name:en" v="China National Highways"/>
  <tag k="name:ja" v="中国の国道"/>
  <tag k="name:ko" v="중국 국도 네트워크"/>
  <tag k="name:nan" v="Tiong-kok Kok-ka Kong-lō͘-bāng"/>
  <tag k="name:nan-Hans" v="中國國家公路網"/>
  <tag k="name:nan-Latn-pehoeji" v="Tiong-kok Kok-ka Kong-lō͘-bāng"/>
  <tag k="name:nan-Latn-tailo" v="Tiong-kok Kok-ka Kong-lōo-bāng"/>
  <tag k="name:zh" v="中国国家公路网"/>
  <tag k="name:zh-Hans" v="中国国家公路网"/>
  <tag k="name:zh-Hant" v="中國國家公路網"/>
  <tag k="network" v="CN:national"/>
  <tag k="type" v="network"/>
  <tag k="wikidata" v="Q1847533"/>
  <tag k="wikipedia" v="zh:中华人民共和国国道"/>
 </relation>
 <relation id="21028096" visible="true" version="1" changeset="184569307" timestamp="2026-06-25T07:31:47Z" user="GeoSylvaris" uid="24237008">
  <member type="way" ref="1532188627" role=""/>
  <member type="way" ref="1532188631" role=""/>
  <member type="way" ref="1532188628" role=""/>
  <member type="way" ref="1532188629" role=""/>
  <member type="way" ref="1532188630" role=""/>
  <member type="way" ref="714479354" role=""/>
  <tag k="highway" v="service"/>
  <tag k="name" v="西野内部"/>
  <tag k="route" v="foot"/>
  <tag k="type" v="route"/>
 </relation>
</osm>
